trade_id,fold,timestamp_entry,timestamp_exit,direction,regime,setup,alpha_proba,meta_proba,approved_risk,actual_risk_percent,risk_amount,lot_size,entry_price,sl_price,tp_price,exit_price,exit_reason,r_gross,r_net,pnl_gross,pnl_net,commission,total_cost,monetary_loss_at_sl,equity_before,equity_after,daily_dd_before,total_dd_before,decision_id
t01_00001,1,2021-08-23 15:00:00+00:00,2021-08-23 17:00:00+00:00,LONG,,CONTINUATION,0.950022,0.946486,0.003,0.002896,300.0,0.13,1791.5607,1769.28,1836.1221,1804.23,TIMEOUT,0.549004,0.495647,164.7,148.69,0.91,16.01,289.65,100000.0,100148.69,0.0,0.0,dec_20260711T124025033164
t01_00002,1,2021-08-26 15:00:00+00:00,2021-08-26 17:00:00+00:00,LONG,,FAILED_BREAKOUT,0.747023,0.669551,0.0021,0.001973,210.31,0.14,1789.284,1775.1685,1817.5151,1791.64,TIMEOUT,0.156835,0.075755,32.98,15.93,0.98,17.05,197.62,100148.69,100164.63,0.0,0.0,dec_20260711T124025167666
t01_00003,1,2021-08-27 02:00:00+00:00,2021-08-27 04:00:00+00:00,LONG,,CONTINUATION,0.709544,0.802516,0.0025,0.002336,250.41,0.13,1793.5107,1775.5132,1829.5057,1794.76,TIMEOUT,0.064859,-0.005295,16.24,-1.33,0.91,17.57,233.97,100164.63,100163.3,1.3e-05,1.3e-05,dec_20260711T124025186501
t01_00004,1,2021-08-27 06:00:00+00:00,2021-08-27 08:00:00+00:00,LONG,,CONTINUATION,0.837707,0.795461,0.0025,0.002474,250.41,0.15,1797.8773,1781.3591,1830.9138,1801.77,TIMEOUT,0.233178,0.15862,58.39,39.72,1.05,18.67,247.77,100163.3,100203.02,0.0,0.0,dec_20260711T124025189136
t01_00005,1,2021-08-31 08:00:00+00:00,2021-08-31 10:00:00+00:00,SHORT,,FAILED_BREAKOUT,0.348098,0.675513,0.0021,0.00207,210.43,0.21,1814.1127,1823.9914,1794.3552,1815.37,TIMEOUT,-0.125476,-0.259668,-26.4,-54.64,1.47,28.24,207.45,100203.02,100148.38,0.000545,0.000545,dec_20260711T124025244614
t01_00006,1,2021-09-03 13:00:00+00:00,2021-09-03 15:00:00+00:00,LONG,,CONTINUATION,0.880342,0.94537,0.0025,0.002421,250.37,0.22,1814.144,1803.1215,1836.189,1823.57,TIMEOUT,0.828262,0.71245,207.37,178.38,1.54,29.0,242.5,100148.38,100326.75,0.0,0.0,dec_20260711T124025406527
t01_00007,1,2021-09-03 14:00:00+00:00,2021-09-03 16:00:00+00:00,LONG,,CONTINUATION,0.91395,0.945334,0.0025,0.002371,250.82,0.18,1814.2573,1801.0416,1840.6888,1824.96,TIMEOUT,0.768073,0.674444,192.65,169.16,1.26,23.48,237.88,100326.75,100495.92,0.0,0.0,dec_20260711T124025409227
t01_00008,1,2021-09-20 16:00:00+00:00,2021-09-20 18:00:00+00:00,LONG,,CONTINUATION,0.832031,0.68783,0.0025,0.002319,251.24,0.1,1760.6207,1737.3164,1807.2292,1761.88,TIMEOUT,0.050125,0.001114,12.59,0.28,0.7,12.31,233.04,100495.92,100496.2,0.0,0.0,dec_20260711T124025954951
t01_00009,1,2021-09-22 16:00:00+00:00,2021-09-22 18:00:00+00:00,LONG,,RANGE_EDGE_REJECTION,0.609331,0.830651,0.0021,0.002062,211.04,0.15,1773.4507,1759.6341,1801.0839,1777.95,TIMEOUT,0.319797,0.230857,67.49,48.72,1.05,18.77,207.25,100496.2,100544.92,0.0,0.0,dec_20260711T124026050654
t01_00010,1,2021-09-30 16:00:00+00:00,2021-09-30 18:00:00+00:00,LONG,,CONTINUATION,0.952557,0.975841,0.0025,0.002426,251.36,0.08,1737.7373,1707.2455,1798.7209,1757.89,TIMEOUT,0.641396,0.603055,161.22,151.58,0.56,9.64,243.93,100544.92,100696.5,0.0,0.0,dec_20260711T124026380273
t01_00011,1,2021-09-30 17:00:00+00:00,2021-09-30 19:00:00+00:00,LONG,,CONTINUATION,0.930193,0.927986,0.0025,0.002354,251.74,0.07,1742.654,1708.7892,1810.3836,1758.12,TIMEOUT,0.430055,0.396743,108.26,99.88,0.49,8.39,237.05,100696.5,100796.38,0.0,0.0,dec_20260711T124026383734
t01_00012,1,2021-10-08 14:00:00+00:00,2021-10-08 16:00:00+00:00,LONG,,CONTINUATION,0.763007,0.962595,0.0025,0.002454,251.99,0.13,1760.384,1741.3542,1798.4436,1772.38,TIMEOUT,0.618866,0.554998,155.95,139.85,0.91,16.09,247.39,100796.38,100936.23,0.0,0.0,dec_20260711T124026699163
t01_00013,1,2021-10-08 15:00:00+00:00,2021-10-08 17:00:00+00:00,LONG,,CONTINUATION,0.731697,0.763071,0.0025,0.002359,252.34,0.11,1762.1907,1740.5458,1805.4803,1758.98,TIMEOUT,-0.139959,-0.193636,-35.32,-48.86,0.77,13.54,238.09,100936.23,100887.37,0.000484,0.000484,dec_20260711T124026702617
t01_00014,1,2021-10-13 17:00:00+00:00,2021-10-13 19:00:00+00:00,LONG,,CONTINUATION,0.772995,0.827068,0.003,0.002821,302.66,0.08,1782.2507,1746.6737,1853.4046,1792.45,TIMEOUT,0.269592,0.237574,81.59,71.9,0.56,9.69,284.62,100887.37,100959.27,0.0,0.0,dec_20260711T124026857340
t01_00015,1,2021-10-19 07:00:00+00:00,2021-10-19 09:00:00+00:00,LONG,,CONTINUATION,0.810038,0.740826,0.0025,0.00236,252.4,0.15,1775.524,1759.6427,1807.2865,1778.82,TIMEOUT,0.19588,0.123494,49.44,31.17,1.05,18.27,238.22,100959.27,100990.44,0.0,0.0,dec_20260711T124027100105
t01_00016,1,2021-10-21 04:00:00+00:00,2021-10-21 06:00:00+00:00,LONG,,CONTINUATION,0.685608,0.703052,0.003,0.0029,302.97,0.16,1784.5473,1766.2411,1821.1598,1786.22,TIMEOUT,0.088334,0.019434,26.76,5.89,1.12,20.87,292.9,100990.44,100996.33,0.0,0.0,dec_20260711T124027218581
t01_00017,1,2021-10-22 09:00:00+00:00,2021-10-22 11:00:00+00:00,LONG,,CONTINUATION,0.914337,0.905469,0.003,0.002913,302.99,0.23,1787.314,1774.5226,1812.8969,1791.08,TIMEOUT,0.285877,0.193419,86.62,58.6,1.61,28.01,294.2,100996.33,101054.94,0.0,0.0,dec_20260711T124027296500
t01_00018,1,2021-10-25 14:00:00+00:00,2021-10-25 16:00:00+00:00,LONG,,CONTINUATION,0.919103,0.907579,0.003,0.002927,303.16,0.19,1800.3973,1784.8313,1831.5295,1807.66,TIMEOUT,0.455174,0.37466,137.99,113.58,1.33,24.41,295.76,101054.94,101168.52,0.0,0.0,dec_20260711T124027384036
t01_00019,1,2021-10-25 15:00:00+00:00,2021-10-25 17:00:00+00:00,LONG,,CONTINUATION,0.836634,0.868227,0.003,0.002841,303.51,0.17,1802.3173,1785.4097,1836.1327,1806.99,TIMEOUT,0.261722,0.192007,79.44,58.28,1.19,21.16,287.43,101168.52,101226.79,0.0,0.0,dec_20260711T124027388066
t01_00020,1,2021-11-04 13:00:00+00:00,2021-11-04 15:00:00+00:00,LONG,,CONTINUATION,0.90427,0.909826,0.0025,0.002331,253.07,0.13,1779.204,1761.0511,1815.5097,1792.65,TIMEOUT,0.69071,0.627115,174.8,158.7,0.91,16.09,235.99,101226.79,101385.5,0.0,0.0,dec_20260711T124027920779
t01_00021,1,2021-11-04 14:00:00+00:00,2021-11-04 16:00:00+00:00,LONG,,CONTINUATION,0.876145,0.891564,0.0025,0.002405,253.46,0.12,1781.6273,1761.3043,1822.2734,1795.8,TIMEOUT,0.671001,0.61302,170.07,155.38,0.84,14.7,243.88,101385.5,101540.87,0.0,0.0,dec_20260711T124027924672
t01_00022,1,2021-11-05 14:00:00+00:00,2021-11-05 16:00:00+00:00,LONG,,FAILED_BREAKOUT,0.81832,0.706219,0.0021,0.002071,213.24,0.13,1794.7973,1778.6175,1827.157,1801.89,TIMEOUT,0.432399,0.356518,92.2,76.02,0.91,16.18,210.34,101540.87,101616.9,0.0,0.0,dec_20260711T124027962990
t01_00023,1,2021-11-11 10:00:00+00:00,2021-11-11 12:00:00+00:00,LONG,,CONTINUATION,0.800927,0.694747,0.003,0.002947,304.85,0.13,1857.6707,1834.6373,1903.7375,1862.66,TIMEOUT,0.212765,0.157697,64.86,48.07,0.91,16.79,299.43,101616.9,101664.97,0.0,0.0,dec_20260711T124028225795
t01_00024,1,2021-11-16 03:00:00+00:00,2021-11-16 05:00:00+00:00,LONG,,PULLBACK,0.828724,0.718271,0.003,0.002902,304.99,0.2,1864.844,1850.0928,1894.3465,1866.85,TIMEOUT,0.131545,0.049051,40.12,14.96,1.4,25.16,295.03,101664.97,101679.93,0.0,0.0,dec_20260711T124028430589
t01_00025,1,2021-11-17 13:00:00+00:00,2021-11-17 15:00:00+00:00,LONG,,CONTINUATION,0.668499,0.661204,0.0025,0.002419,254.2,0.2,1860.2907,1847.9926,1884.8867,1862.14,TIMEOUT,0.145502,0.048623,36.99,12.36,1.4,24.63,245.96,101679.93,101692.29,0.0,0.0,dec_20260711T124028543614
t01_00026,1,2021-12-16 07:00:00+00:00,2021-12-16 09:00:00+00:00,LONG,,CONTINUATION,0.776696,0.84716,0.0025,0.002451,254.23,0.1,1782.5473,1757.6241,1832.3938,1784.54,TIMEOUT,0.07838,0.025489,19.93,6.48,0.7,13.45,249.23,101692.29,101698.77,0.0,0.0,dec_20260711T124030157444
t01_00027,1,2021-12-17 09:00:00+00:00,2021-12-17 11:00:00+00:00,LONG,,CONTINUATION,0.7405,0.759424,0.003,0.002957,305.1,0.26,1806.7007,1795.1342,1829.8335,1806.7,TIMEOUT,-5.7e-05,-0.111806,-0.02,-34.11,1.82,34.09,300.73,101698.77,101664.66,0.000335,0.000335,dec_20260711T124030240900
t01_00028,1,2021-12-22 20:00:00+00:00,2021-12-22 22:00:00+00:00,LONG,,CONTINUATION,0.833849,0.668033,0.0025,0.002493,254.16,0.18,1800.0907,1786.0098,1828.2525,1804.85,TIMEOUT,0.337063,0.251275,85.67,63.86,1.26,21.8,253.46,101664.66,101728.52,0.0,0.0,dec_20260711T124030510967
t01_00029,1,2021-12-30 21:00:00+00:00,2021-12-30 23:00:00+00:00,LONG,,CONTINUATION,0.816818,0.74245,0.0025,0.002496,254.32,0.16,1814.3107,1798.4382,1846.0557,1814.96,TIMEOUT,0.040851,-0.034099,10.39,-8.67,1.12,19.06,253.96,101728.52,101719.85,8.5e-05,8.5e-05,dec_20260711T124030933807
t01_00030,1,2021-12-31 07:00:00+00:00,2021-12-31 09:00:00+00:00,LONG,,CONTINUATION,0.557567,0.833172,0.003,0.002943,305.16,0.25,1818.1707,1806.1971,1842.1178,1816.77,TIMEOUT,-0.114749,-0.212348,-35.02,-64.8,1.75,29.78,299.34,101719.85,101655.05,0.000637,0.000722,dec_20260711T124030956762
t01_00031,1,2022-01-04 16:00:00+00:00,2022-01-04 18:00:00+00:00,LONG,,CONTINUATION,0.866243,0.767093,0.0014,0.00139,142.32,0.09,1807.8707,1792.1746,1839.2628,1812.61,TIMEOUT,0.299705,0.216779,42.65,30.85,0.63,11.8,141.26,101655.05,101685.9,0.0,0.000419,dec_20260711T124031158860
t01_00032,1,2022-01-04 17:00:00+00:00,2022-01-04 19:00:00+00:00,LONG,,CONTINUATION,0.772905,0.67276,0.0025,0.00245,254.21,0.15,1812.3307,1795.7217,1845.5485,1813.6,TIMEOUT,0.074899,-0.002478,19.04,-0.63,1.05,19.67,249.13,101685.9,101685.27,6e-06,0.000425,dec_20260711T124031163866
t01_00033,1,2022-01-11 03:00:00+00:00,2022-01-11 05:00:00+00:00,LONG,,CONTINUATION,0.76715,0.738133,0.003,0.002868,305.06,0.18,1803.3707,1787.1707,1835.7707,1806.04,TIMEOUT,0.157503,0.080128,48.05,24.44,1.26,23.6,291.6,101685.27,101709.72,0.0,0.000185,dec_20260711T124031533718
t01_00034,1,2022-01-13 18:00:00+00:00,2022-01-13 20:00:00+00:00,LONG,,FAILED_BREAKOUT,0.780059,0.779374,0.0021,0.00204,213.59,0.13,1815.3107,1799.3471,1847.2378,1820.52,TIMEOUT,0.317062,0.236032,67.72,50.41,0.91,17.31,207.53,101709.72,101760.13,0.0,0.0,dec_20260711T124031753733
t01_00035,1,2022-01-19 15:00:00+00:00,2022-01-19 17:00:00+00:00,LONG,,CONTINUATION,0.907446,0.897919,0.0025,0.002426,254.4,0.19,1818.7707,1805.7789,1844.7542,1838.81,TIMEOUT,1.496648,1.397217,380.75,355.45,1.33,25.3,246.84,101760.13,102115.58,0.0,0.0,dec_20260711T124032084512
t01_00036,1,2022-01-19 16:00:00+00:00,2022-01-19 18:00:00+00:00,LONG,,CONTINUATION,0.899038,0.875334,0.0025,0.002363,255.29,0.15,1825.1507,1809.0632,1857.3257,1840.78,TIMEOUT,0.918328,0.840103,234.44,214.47,1.05,19.97,241.31,102115.58,102330.05,0.0,0.0,dec_20260711T124032089659
t01_00037,1,2022-02-01 12:00:00+00:00,2022-02-01 14:00:00+00:00,SHORT,,LIQUIDITY_SWEEP,0.440848,0.742476,0.003,0.002953,306.99,0.28,1804.886,1815.6787,1783.3006,1804.52,TIMEOUT,0.033382,-0.094127,10.25,-28.9,1.96,39.14,302.19,102330.05,102301.16,0.000282,0.000282,dec_20260711T124032876603
t01_00038,1,2022-02-02 17:00:00+00:00,2022-02-02 19:00:00+00:00,LONG,,CONTINUATION,0.825543,0.769851,0.003,0.002957,306.9,0.22,1804.174,1790.4247,1831.6726,1810.08,TIMEOUT,0.423369,0.323154,129.93,99.18,1.54,30.76,302.48,102301.16,102400.33,0.0,0.0,dec_20260711T124032985780
t01_00039,1,2022-02-11 19:00:00+00:00,2022-02-11 21:00:00+00:00,LONG,,CONTINUATION,0.943533,0.936854,0.0025,0.002356,256.0,0.12,1837.684,1817.5785,1877.8951,1859.024,TIMEOUT,1.000312,0.934781,256.08,239.3,0.84,16.78,241.27,102400.33,102639.64,0.0,0.0,dec_20260711T124033684889
t01_00040,1,2022-02-11 20:00:00+00:00,2022-02-11 22:00:00+00:00,LONG,,CONTINUATION,0.950977,0.951403,0.0025,0.00234,256.6,0.1,1841.464,1817.4433,1889.5054,1861.235,TIMEOUT,0.770499,0.716017,197.71,183.73,0.7,13.98,240.21,102639.64,102823.37,0.0,0.0,dec_20260711T124033690468
t01_00041,1,2022-02-16 18:00:00+00:00,2022-02-16 20:00:00+00:00,LONG,,CONTINUATION,0.79674,0.732407,0.0025,0.002411,257.06,0.15,1863.5673,1847.0416,1896.6188,1866.62,TIMEOUT,0.17813,0.105501,45.79,27.12,1.05,18.67,247.89,102823.37,102850.49,0.0,0.0,dec_20260711T124033971844
t01_00042,1,2022-02-17 15:00:00+00:00,2022-02-17 17:00:00+00:00,LONG,,CONTINUATION,0.896793,0.769434,0.003,0.002924,308.55,0.12,1887.5573,1862.4925,1937.687,1895.66,TIMEOUT,0.315126,0.266719,97.23,82.3,0.84,14.94,300.78,102850.49,102932.78,0.0,0.0,dec_20260711T124034053016
t01_00043,1,2022-02-18 14:00:00+00:00,2022-02-18 16:00:00+00:00,LONG,,RANGE_EDGE_REJECTION,0.808309,0.66548,0.0021,0.002035,216.16,0.11,1892.0973,1873.0543,1930.1834,1894.9,TIMEOUT,0.142623,0.079284,30.83,17.14,0.77,13.69,209.47,102932.78,102949.92,0.0,0.0,dec_20260711T124034144857
t01_00044,1,2022-02-24 03:00:00+00:00,2022-02-24 05:00:00+00:00,LONG,,CONTINUATION,0.84768,0.690889,0.0025,0.002456,257.37,0.14,1914.5673,1896.5082,1950.6855,1929.5,TIMEOUT,0.812283,0.744578,209.06,191.63,0.98,17.43,252.83,102949.92,103141.55,0.0,0.0,dec_20260711T124034474606
t01_00045,1,2022-02-24 06:00:00+00:00,2022-02-24 08:00:00+00:00,LONG,,CONTINUATION,0.935115,0.882267,0.003,0.002956,309.42,0.11,1930.0807,1902.3608,1985.5203,1942.57,TIMEOUT,0.444001,0.400226,137.38,123.84,0.77,13.54,304.92,103141.55,103265.39,0.0,0.0,dec_20260711T124034490601
t01_00046,1,2022-02-25 02:00:00+00:00,2022-02-25 04:00:00+00:00,LONG,,FAIR_VALUE_GAP,0.888203,0.942482,0.0025,0.002286,258.16,0.03,1907.1407,1828.4555,2064.511,1913.12,TIMEOUT,0.069484,0.05564,17.94,14.36,0.21,3.57,236.06,103265.39,103279.76,0.0,0.0,dec_20260711T124034496239
t01_00047,1,2022-02-28 13:00:00+00:00,2022-02-28 15:00:00+00:00,LONG,,CONTINUATION,0.80088,0.740958,0.0025,0.002202,258.2,0.07,1907.084,1874.5972,1972.0576,1917.25,TIMEOUT,0.275608,0.243672,71.16,62.92,0.49,8.25,227.41,103279.76,103342.67,0.0,0.0,dec_20260711T124034669870
t01_00048,1,2022-03-03 09:00:00+00:00,2022-03-03 11:00:00+00:00,LONG,,PULLBACK,0.836712,0.846456,0.0025,0.002445,258.36,0.12,1928.2407,1907.1855,1970.351,1929.21,TIMEOUT,0.045022,-0.012169,11.63,-3.14,0.84,14.78,252.66,103342.67,103339.53,3e-05,3e-05,dec_20260711T124034957783
t01_00049,1,2022-03-04 11:00:00+00:00,2022-03-04 13:00:00+00:00,LONG,,PULLBACK,0.87797,0.737679,0.003,0.002827,310.02,0.12,1939.3507,1915.0075,1988.0371,1946.51,TIMEOUT,0.277118,0.229456,85.91,71.14,0.84,14.78,292.12,103339.53,103410.66,0.0,0.0,dec_20260711T124035058050
t01_00050,1,2022-03-08 08:00:00+00:00,2022-03-08 10:00:00+00:00,LONG,,CONTINUATION,0.930681,0.962367,0.003,0.002649,310.23,0.07,1994.7307,1955.5925,2073.0071,2008.75,TIMEOUT,0.316331,0.288547,98.14,89.52,0.49,8.62,273.97,103410.66,103500.18,0.0,0.0,dec_20260711T124035271353
t01_00051,1,2022-03-08 14:00:00+00:00,2022-03-08 16:00:00+00:00,LONG,,CONTINUATION,0.840369,0.750864,0.003,0.002823,310.5,0.07,2009.9607,1968.2267,2093.4285,2039.79,TIMEOUT,0.672481,0.644721,208.81,200.19,0.49,8.62,292.14,103500.18,103700.37,0.0,0.0,dec_20260711T124035298700
t01_00052,1,2022-03-15 08:00:00+00:00,2022-03-15 10:00:00+00:00,SHORT,,CONTINUATION,0.303449,0.650976,0.003,0.002935,311.1,0.1,1928.6593,1959.0934,1867.7911,1929.29,TIMEOUT,-0.020272,-0.059852,-6.31,-18.62,0.7,12.31,304.34,103700.37,103681.75,0.00018,0.00018,dec_20260711T124035791999
t01_00053,1,2022-03-17 03:00:00+00:00,2022-03-17 05:00:00+00:00,LONG,,CONTINUATION,0.890742,0.828328,0.0025,0.002193,259.2,0.05,1927.6007,1882.1298,2018.5425,1934.46,TIMEOUT,0.132317,0.108565,34.3,28.14,0.35,6.16,227.35,103681.75,103709.89,0.0,0.0,dec_20260711T124035972713
t01_00054,1,2022-03-23 21:00:00+00:00,2022-03-23 23:00:00+00:00,LONG,,CONTINUATION,0.832638,0.652218,0.0025,0.002305,259.27,0.08,1938.7407,1908.8635,1998.495,1945.187,TIMEOUT,0.198907,0.160913,51.57,41.72,0.56,9.85,239.02,103709.89,103751.61,0.0,0.0,dec_20260711T124036518187
t01_00055,1,2022-03-30 04:00:00+00:00,2022-03-30 06:00:00+00:00,LONG,,PULLBACK,0.770206,0.672197,0.0025,0.002488,259.38,0.09,1919.8507,1891.1653,1977.2214,1923.64,TIMEOUT,0.131483,0.088758,34.1,23.02,0.63,11.08,258.17,103751.61,103774.63,0.0,0.0,dec_20260711T124036978713
t01_00056,1,2022-03-30 15:00:00+00:00,2022-03-30 17:00:00+00:00,LONG,,CONTINUATION,0.923019,0.934295,0.0025,0.002473,259.44,0.11,1924.5607,1901.228,1971.226,1937.26,TIMEOUT,0.538439,0.486232,139.69,126.15,0.77,13.54,256.66,103774.63,103900.78,0.0,0.0,dec_20260711T124037030671
t01_00057,1,2022-04-04 14:00:00+00:00,2022-04-04 16:00:00+00:00,LONG,,CONTINUATION,0.805773,0.797057,0.0025,0.002427,259.75,0.11,1929.4507,1906.5264,1975.2992,1925.37,TIMEOUT,-0.17281,-0.224955,-44.89,-58.43,0.77,13.54,252.17,103900.78,103842.34,0.000562,0.000562,dec_20260711T124037335278
t01_00058,1,2022-04-11 11:00:00+00:00,2022-04-11 13:00:00+00:00,LONG,,PULLBACK,0.922593,0.869895,0.003,0.002907,311.53,0.15,1946.6207,1926.493,1986.876,1956.47,TIMEOUT,0.47424,0.414952,147.74,129.27,1.05,18.47,301.92,103842.34,103971.61,0.0,0.0,dec_20260711T124037931543
t01_00059,1,2022-04-11 21:00:00+00:00,2022-04-11 23:00:00+00:00,LONG,,RANGE_EDGE_REJECTION,0.918253,0.771482,0.0021,0.001837,218.34,0.05,1947.6207,1909.4246,2024.0128,1953.63,TIMEOUT,0.137614,0.109417,30.05,23.89,0.35,6.16,190.98,103971.61,103995.5,0.0,0.0,dec_20260711T124037984737
t01_00060,1,2022-04-18 09:00:00+00:00,2022-04-18 11:00:00+00:00,LONG,,CONTINUATION,0.890241,0.877169,0.003,0.002925,311.99,0.16,1985.7973,1966.7836,2023.8248,1992.95,TIMEOUT,0.366815,0.294779,114.44,91.97,1.12,22.47,304.22,103995.5,104087.47,0.0,0.0,dec_20260711T124038398633
t01_00061,1,2022-04-27 22:00:00+00:00,2022-04-28 01:00:00+00:00,SHORT,,CONTINUATION,0.427216,0.673465,0.003,0.002941,312.26,0.1,1885.96,1916.5682,1824.7436,1884.74,TIMEOUT,0.03907,-0.000961,12.2,-0.3,0.7,12.5,306.08,104087.47,104087.17,3e-06,3e-06,dec_20260711T124039343772
t01_00062,1,2022-04-28 20:00:00+00:00,2022-04-28 22:00:00+00:00,LONG,,PULLBACK,0.886219,0.756218,0.0025,0.002432,260.22,0.09,1889.2007,1861.0787,1945.4446,1895.88,TIMEOUT,0.231012,0.188425,60.11,49.03,0.63,11.08,253.1,104087.17,104136.2,0.0,0.0,dec_20260711T124039429112
t01_00063,1,2022-04-28 21:00:00+00:00,2022-04-28 23:00:00+00:00,LONG,,CONTINUATION,0.903002,0.873432,0.0025,0.002419,260.34,0.09,1889.4707,1861.4789,1945.4542,1894.57,TIMEOUT,0.176285,0.133717,45.89,34.81,0.63,11.08,251.93,104136.2,104171.02,0.0,0.0,dec_20260711T124039435801
t01_00064,1,2022-04-29 03:00:00+00:00,2022-04-29 05:00:00+00:00,LONG,,CONTINUATION,0.930407,0.857666,0.0025,0.002368,260.43,0.11,1896.1107,1873.6871,1940.9578,1900.76,TIMEOUT,0.196378,0.144369,51.14,37.6,0.77,13.54,246.66,104171.02,104208.61,0.0,0.0,dec_20260711T124039448538
t01_00065,1,2022-04-29 04:00:00+00:00,2022-04-29 06:00:00+00:00,LONG,,CONTINUATION,0.916882,0.814487,0.0025,0.002295,260.52,0.11,1897.9107,1876.1692,1941.3935,1904.41,TIMEOUT,0.274423,0.222432,71.49,57.95,0.77,13.54,239.16,104208.61,104266.56,0.0,0.0,dec_20260711T124039455002
t01_00066,1,2022-05-05 04:00:00+00:00,2022-05-05 06:00:00+00:00,LONG,,CONTINUATION,0.824134,0.735881,0.003,0.002912,312.8,0.08,1896.4807,1858.5226,1972.3967,1901.27,TIMEOUT,0.122489,0.090997,38.31,28.46,0.56,9.85,303.66,104266.56,104295.03,0.0,0.0,dec_20260711T124039879012
t01_00067,1,2022-05-12 02:00:00+00:00,2022-05-12 04:00:00+00:00,LONG,,CONTINUATION,0.727484,0.834475,0.0025,0.002488,260.74,0.1,1853.2573,1827.3086,1905.1548,1857.16,TIMEOUT,0.149677,0.101941,39.03,26.58,0.7,12.45,259.49,104295.03,104321.61,0.0,0.0,dec_20260711T124040478253
t01_00068,1,2022-05-12 03:00:00+00:00,2022-05-12 05:00:00+00:00,LONG,,CONTINUATION,0.649651,0.754885,0.0025,0.002464,260.8,0.1,1854.6807,1828.976,1906.09,1853.08,TIMEOUT,-0.061375,-0.108589,-16.01,-28.32,0.7,12.31,257.05,104321.61,104293.29,0.000271,0.000271,dec_20260711T124040485196
t01_00069,1,2022-05-19 13:00:00+00:00,2022-05-19 15:00:00+00:00,LONG,,CONTINUATION,0.873029,0.829492,0.0025,0.002409,260.73,0.11,1830.4507,1807.6078,1876.1364,1838.38,TIMEOUT,0.334533,0.282584,87.22,73.68,0.77,13.54,251.27,104293.29,104366.96,0.0,0.0,dec_20260711T124041100252
t01_00070,1,2022-05-20 07:00:00+00:00,2022-05-20 09:00:00+00:00,LONG,,CONTINUATION,0.912298,0.856218,0.003,0.002883,313.1,0.19,1842.2307,1826.396,1873.9,1848.9,TIMEOUT,0.404718,0.329997,126.72,103.32,1.33,23.4,300.86,104366.96,104470.29,0.0,0.0,dec_20260711T124041208870
t01_00071,1,2022-05-20 08:00:00+00:00,2022-05-20 10:00:00+00:00,LONG,,CONTINUATION,0.882266,0.862177,0.003,0.00295,313.41,0.2,1843.2707,1827.8619,1874.0882,1844.19,TIMEOUT,0.058666,-0.01991,18.39,-6.24,1.4,24.63,308.17,104470.29,104464.05,6e-05,6e-05,dec_20260711T124041215853
t01_00072,1,2022-05-23 06:00:00+00:00,2022-05-23 08:00:00+00:00,LONG,,BREAKOUT_RETEST,0.82619,0.710077,0.003,0.002987,313.39,0.17,1853.0507,1834.6935,1889.765,1856.29,TIMEOUT,0.175719,0.108925,55.07,34.14,1.19,20.93,312.07,104464.05,104498.18,0.0,0.0,dec_20260711T124041229268
t01_00073,1,2022-05-23 11:00:00+00:00,2022-05-23 13:00:00+00:00,LONG,,CONTINUATION,0.832178,0.788512,0.003,0.00295,313.49,0.16,1857.1207,1837.855,1895.6521,1860.39,TIMEOUT,0.166861,0.104016,52.31,32.61,1.12,19.7,308.25,104498.18,104530.79,0.0,0.0,dec_20260711T124041249209
t01_00074,1,2022-05-27 10:00:00+00:00,2022-05-27 12:00:00+00:00,LONG,,CONTINUATION,0.768751,0.798232,0.0025,0.002479,261.33,0.18,1854.9007,1840.5023,1883.6975,1858.66,TIMEOUT,0.258937,0.174125,67.67,45.5,1.26,22.16,259.17,104530.79,104576.29,0.0,0.0,dec_20260711T124041729627
t01_00075,1,2022-05-30 04:00:00+00:00,2022-05-30 06:00:00+00:00,LONG,,FAILED_BREAKOUT,0.933968,0.931096,0.0021,0.001975,219.61,0.13,1851.0407,1835.1528,1882.8164,1860.65,TIMEOUT,0.568833,0.495943,124.92,108.91,0.91,16.01,206.54,104576.29,104685.21,0.0,0.0,dec_20260711T124041836195
t01_00076,1,2022-06-01 04:00:00+00:00,2022-06-01 06:00:00+00:00,SHORT,,CONTINUATION,0.323911,0.738129,0.003,0.002844,314.06,0.15,1833.8493,1853.7002,1794.1475,1836.64,TIMEOUT,-0.133287,-0.192097,-41.86,-60.33,1.05,18.47,297.76,104685.21,104624.88,0.000576,0.000576,dec_20260711T124042107199
t01_00077,1,2022-06-02 12:00:00+00:00,2022-06-02 14:00:00+00:00,LONG,,CONTINUATION,0.664297,0.749679,0.003,0.002938,313.87,0.23,1852.8407,1839.4775,1879.5671,1856.09,TIMEOUT,0.238107,0.147877,74.73,46.41,1.61,28.32,307.35,104624.88,104671.29,0.0,0.000133,dec_20260711T124042280289
t01_00078,1,2022-06-02 16:00:00+00:00,2022-06-02 18:00:00+00:00,LONG,,CONTINUATION,0.860204,0.706379,0.003,0.002809,314.01,0.14,1857.3507,1836.3496,1899.3528,1868.2,TIMEOUT,0.483713,0.428814,151.89,134.65,0.98,17.24,294.01,104671.29,104805.94,0.0,0.0,dec_20260711T124042307512
t02_00001,2,2022-06-15 10:00:00+00:00,2022-06-15 12:00:00+00:00,LONG,,CONTINUATION,0.785088,0.711359,0.0025,0.002473,250.0,0.12,1821.1407,1800.5355,1862.351,1825.42,TIMEOUT,0.205408,0.146304,51.35,36.58,0.84,14.78,247.26,100000.0,100036.58,0.0,0.0,dec_20260711T124042958268
t02_00002,2,2022-06-15 11:00:00+00:00,2022-06-15 13:00:00+00:00,LONG,,CONTINUATION,0.712651,0.680614,0.0025,0.002466,250.09,0.12,1821.4107,1800.8533,1862.5253,1825.3,TIMEOUT,0.186621,0.127538,46.67,31.9,0.84,14.78,246.69,100036.58,100068.47,0.0,0.0,dec_20260711T124042960909
t02_00003,2,2022-06-21 22:00:00+00:00,2022-06-22 01:00:00+00:00,SHORT,,CONTINUATION,0.36591,0.757347,0.003,0.002861,300.21,0.15,1830.48,1849.5632,1792.3136,1831.14,TIMEOUT,-0.032977,-0.095433,-9.9,-28.65,1.05,18.75,286.25,100068.47,100039.82,0.000286,0.000286,dec_20260711T124043146230
t02_00004,2,2022-06-22 13:00:00+00:00,2022-06-22 15:00:00+00:00,LONG,,RANGE_EDGE_REJECTION,0.846399,0.944071,0.0021,0.00196,210.08,0.1,1829.2107,1809.5992,1868.4335,1844.7,TIMEOUT,0.737306,0.678694,154.89,142.58,0.7,12.31,196.11,100039.82,100182.4,0.0,0.0,dec_20260711T124043170638
t02_00005,2,2022-06-27 03:00:00+00:00,2022-06-27 05:00:00+00:00,LONG,,FAIR_VALUE_GAP,0.764458,0.666944,0.0025,0.002336,250.46,0.13,1831.6307,1813.6312,1867.6296,1835.55,TIMEOUT,0.203431,0.139519,50.95,34.94,0.91,16.01,233.99,100182.4,100217.35,0.0,0.0,dec_20260711T124043299606
t02_00006,2,2022-06-27 08:00:00+00:00,2022-06-27 10:00:00+00:00,LONG,,CONTINUATION,0.869087,0.862623,0.0025,0.00237,250.54,0.16,1836.0607,1821.2182,1865.7457,1834.99,TIMEOUT,-0.068375,-0.14701,-17.13,-36.83,1.12,19.7,237.48,100217.35,100180.51,0.000368,0.000368,dec_20260711T124043312067
t02_00007,2,2022-06-30 22:00:00+00:00,2022-07-01 01:00:00+00:00,SHORT,,CONTINUATION,0.365853,0.672232,0.003,0.002932,300.54,0.1,1806.19,1835.5661,1747.4379,1806.27,TIMEOUT,-0.002662,-0.044254,-0.8,-13.3,0.7,12.5,293.76,100180.51,100167.21,0.000133,0.0005,dec_20260711T124043452975
t02_00008,2,2022-07-04 04:00:00+00:00,2022-07-04 06:00:00+00:00,LONG,,CONTINUATION,0.812928,0.865057,0.0014,0.001303,140.23,0.05,1808.864,1782.7592,1861.0736,1811.4,TIMEOUT,0.090423,0.045568,12.68,6.39,0.35,6.29,130.52,100167.21,100173.6,0.0,0.000436,dec_20260711T124043514240
t02_00009,2,2022-07-04 06:00:00+00:00,2022-07-04 08:00:00+00:00,LONG,,CONTINUATION,0.642952,0.790582,0.0025,0.002326,250.43,0.1,1810.2307,1786.9335,1856.825,1812.64,TIMEOUT,0.096208,0.047039,24.09,11.78,0.7,12.31,232.97,100173.6,100185.38,0.0,0.000319,dec_20260711T124043517163
t02_00010,2,2022-07-12 03:00:00+00:00,2022-07-12 05:00:00+00:00,SHORT,,CONTINUATION,0.434426,0.939866,0.003,0.002833,300.56,0.16,1732.666,1750.4033,1697.1914,1735.4,TIMEOUT,-0.145542,-0.213575,-43.74,-64.19,1.12,20.45,283.8,100185.38,100121.19,0.000641,0.000959,dec_20260711T124043779844
t02_00011,2,2022-07-18 03:00:00+00:00,2022-07-18 05:00:00+00:00,LONG,,FAIR_VALUE_GAP,0.857322,0.706101,0.0021,0.001942,210.25,0.11,1710.8907,1693.2144,1746.2432,1713.79,TIMEOUT,0.151689,0.087268,31.89,18.35,0.77,13.54,194.44,100121.19,100139.54,0.0,0.000776,dec_20260711T124043983800
t02_00012,2,2022-07-20 23:00:00+00:00,2022-07-21 02:00:00+00:00,SHORT,,CONTINUATION,0.395036,0.723767,0.003,0.002954,300.42,0.15,1695.1793,1714.9029,1655.7322,1695.4,TIMEOUT,-0.011018,-0.072499,-3.31,-21.78,1.05,18.47,295.85,100139.54,100117.76,0.000217,0.000994,dec_20260711T124044148408
t02_00013,2,2022-07-21 21:00:00+00:00,2022-07-21 23:00:00+00:00,LONG,,CONTINUATION,0.852742,0.722428,0.0025,0.002477,250.29,0.06,1714.4607,1673.1325,1797.1171,1718.264,TIMEOUT,0.091174,0.061656,22.82,15.43,0.42,7.39,247.97,100117.76,100133.19,0.0,0.00084,dec_20260711T124044200516
t02_00014,2,2022-07-27 20:00:00+00:00,2022-07-27 22:00:00+00:00,LONG,,CONTINUATION,0.95369,0.968876,0.0025,0.002254,250.33,0.09,1721.3507,1696.2766,1771.4989,1734.48,TIMEOUT,0.472033,0.427763,118.16,107.08,0.63,11.08,225.67,100133.19,100240.27,0.0,0.0,dec_20260711T124044434756
t02_00015,2,2022-07-27 21:00:00+00:00,2022-07-27 23:00:00+00:00,LONG,,CONTINUATION,0.949565,0.960618,0.0025,0.002428,250.6,0.09,1722.0457,1695.0026,1776.1317,1734.67,TIMEOUT,0.453388,0.409166,113.62,102.54,0.63,11.08,243.39,100240.27,100342.81,0.0,0.0,dec_20260711T124044438164
t02_00016,2,2022-07-28 10:00:00+00:00,2022-07-28 12:00:00+00:00,LONG,,CONTINUATION,0.681868,0.704519,0.003,0.002915,301.03,0.12,1741.8807,1717.5101,1790.6217,1741.3,TIMEOUT,-0.023147,-0.072232,-6.97,-21.74,0.84,14.78,292.45,100342.81,100321.07,0.000217,0.000217,dec_20260711T124044465489
t02_00017,2,2022-08-01 12:00:00+00:00,2022-08-01 14:00:00+00:00,LONG,,CONTINUATION,0.786513,0.761428,0.003,0.002863,300.96,0.16,1766.0907,1748.1425,1801.9871,1772.63,TIMEOUT,0.347652,0.28219,104.63,84.93,1.12,19.7,287.17,100321.07,100405.99,0.0,0.0,dec_20260711T124044592088
t02_00018,2,2022-08-02 03:00:00+00:00,2022-08-02 05:00:00+00:00,LONG,,CONTINUATION,0.874302,0.900219,0.003,0.002885,301.22,0.18,1772.9507,1756.8553,1805.1414,1775.61,TIMEOUT,0.158914,0.081748,47.87,24.62,1.26,23.24,289.72,100405.99,100430.62,0.0,0.0,dec_20260711T124044631223
t02_00019,2,2022-08-02 15:00:00+00:00,2022-08-02 17:00:00+00:00,LONG,,CONTINUATION,0.797156,0.784331,0.003,0.002932,301.29,0.14,1779.1707,1758.1348,1821.2425,1776.8,TIMEOUT,-0.110157,-0.167374,-33.19,-50.43,0.98,17.24,294.5,100430.62,100380.19,0.000502,0.000502,dec_20260711T124044664784
t02_00020,2,2022-08-04 08:00:00+00:00,2022-08-04 10:00:00+00:00,LONG,,CONTINUATION,0.820878,0.806708,0.0025,0.002359,250.95,0.15,1771.5707,1755.7866,1803.1389,1773.08,TIMEOUT,0.090217,0.015421,22.64,3.87,1.05,18.77,236.76,100380.19,100384.06,0.0,0.000464,dec_20260711T124044747105
t02_00021,2,2022-08-04 10:00:00+00:00,2022-08-04 12:00:00+00:00,LONG,,CONTINUATION,0.911678,0.83025,0.0025,0.002493,250.96,0.16,1772.3107,1756.6682,1803.5957,1779.76,TIMEOUT,0.474934,0.39643,119.19,99.49,1.12,19.7,250.28,100384.06,100483.55,0.0,0.0,dec_20260711T124044753844
t02_00022,2,2022-08-08 13:00:00+00:00,2022-08-08 15:00:00+00:00,LONG,,CONTINUATION,0.843238,0.757888,0.0025,0.002365,251.21,0.17,1778.2507,1764.2719,1806.2082,1781.9,TIMEOUT,0.246959,0.163632,62.04,41.11,1.19,20.93,237.64,100483.55,100524.65,0.0,0.0,dec_20260711T124044853843
t02_00023,2,2022-08-08 15:00:00+00:00,2022-08-08 17:00:00+00:00,LONG,,CONTINUATION,0.855782,0.781357,0.0025,0.002435,251.31,0.15,1783.4807,1767.1623,1816.1175,1787.5,TIMEOUT,0.239903,0.166408,60.29,41.82,1.05,18.47,244.78,100524.65,100566.47,0.0,0.0,dec_20260711T124044860619
t02_00024,2,2022-08-10 10:00:00+00:00,2022-08-10 12:00:00+00:00,LONG,,RANGE_EDGE_REJECTION,0.780905,0.718512,0.0021,0.00204,211.19,0.21,1790.3007,1780.5333,1809.8353,1794.21,TIMEOUT,0.388731,0.266291,82.1,56.24,1.47,25.86,205.11,100566.47,100622.71,0.0,0.0,dec_20260711T124044960071
t02_00025,2,2022-08-10 13:00:00+00:00,2022-08-10 15:00:00+00:00,LONG,,RANGE_EDGE_REJECTION,0.808994,0.772786,0.0021,0.00204,211.31,0.15,1794.7907,1781.1044,1822.1632,1797.38,TIMEOUT,0.183806,0.096399,38.84,20.37,1.05,18.47,205.29,100622.71,100643.08,0.0,0.0,dec_20260711T124044970185
t02_00026,2,2022-08-12 21:00:00+00:00,2022-08-12 23:00:00+00:00,LONG,,CONTINUATION,0.565605,0.663859,0.003,0.002806,301.93,0.13,1799.5507,1777.8239,1843.0042,1801.68,TIMEOUT,0.091681,0.038665,27.68,11.67,0.91,16.01,282.45,100643.08,100654.76,0.0,0.0,dec_20260711T124045095821
t02_00027,2,2022-08-19 22:00:00+00:00,2022-08-22 01:00:00+00:00,SHORT,,CONTINUATION,0.29746,0.651949,0.003,0.002977,301.96,0.19,1746.08,1761.8505,1714.5389,1746.92,TIMEOUT,-0.052855,-0.131507,-15.96,-39.71,1.33,23.75,299.64,100654.76,100615.05,0.000395,0.000395,dec_20260711T124045440062
t02_00028,2,2022-08-24 10:00:00+00:00,2022-08-24 12:00:00+00:00,LONG,,PULLBACK,0.777395,0.721708,0.003,0.002934,301.85,0.28,1747.7807,1737.2378,1768.8664,1748.91,TIMEOUT,0.104758,-0.009462,31.62,-2.86,1.96,34.48,295.2,100615.05,100612.19,2.8e-05,0.000423,dec_20260711T124045615259
t02_00029,2,2022-08-24 15:00:00+00:00,2022-08-24 17:00:00+00:00,LONG,,RANGE_EDGE_REJECTION,0.820535,0.691523,0.0011,0.001067,110.67,0.07,1746.1207,1730.7885,1776.785,1752.26,TIMEOUT,0.38832,0.310436,42.98,34.36,0.49,8.62,107.32,100612.19,100646.55,0.0,8.2e-05,dec_20260711T124045619124
t02_00030,2,2022-08-25 02:00:00+00:00,2022-08-25 04:00:00+00:00,LONG,,CONTINUATION,0.92758,0.818183,0.003,0.002917,301.94,0.16,1751.9473,1733.6007,1788.6405,1755.26,TIMEOUT,0.17554,0.109585,53.0,33.09,1.12,19.91,293.55,100646.55,100679.63,0.0,0.0,dec_20260711T124045622990
t02_00031,2,2022-08-31 22:00:00+00:00,2022-09-01 01:00:00+00:00,SHORT,,CONTINUATION,0.307627,0.808545,0.003,0.002803,302.04,0.11,1710.43,1736.0829,1659.1243,1710.84,TIMEOUT,-0.014932,-0.060456,-4.51,-18.26,0.77,13.75,282.18,100679.63,100661.37,0.000181,0.000181,dec_20260711T124045966805
t02_00032,2,2022-09-02 13:00:00+00:00,2022-09-02 15:00:00+00:00,LONG,,CONTINUATION,0.894392,0.821576,0.0025,0.002434,251.65,0.18,1707.6407,1694.0278,1734.8664,1708.82,TIMEOUT,0.084355,-0.003719,21.23,-0.94,1.26,22.16,245.03,100661.37,100660.44,9e-06,0.000191,dec_20260711T124046067137
t02_00033,2,2022-09-06 03:00:00+00:00,2022-09-06 05:00:00+00:00,LONG,,CONTINUATION,0.89422,0.83587,0.0016,0.001545,161.06,0.12,1714.484,1701.5245,1740.4029,1719.42,TIMEOUT,0.367764,0.275525,59.23,44.38,0.84,14.86,155.51,100660.44,100704.81,0.0,0.0,dec_20260711T124046156829
t02_00034,2,2022-09-06 22:00:00+00:00,2022-09-07 01:00:00+00:00,SHORT,,CONTINUATION,0.40319,0.850354,0.003,0.002913,302.11,0.15,1699.47,1719.0271,1660.3557,1700.14,TIMEOUT,-0.033266,-0.09533,-10.05,-28.8,1.05,18.75,293.36,100704.81,100676.01,0.000286,0.000286,dec_20260711T124046226493
t02_00035,2,2022-09-07 16:00:00+00:00,2022-09-07 18:00:00+00:00,LONG,,PULLBACK,0.92773,0.900761,0.0025,0.002494,251.69,0.1,1700.8807,1675.7732,1751.0957,1710.59,TIMEOUT,0.385766,0.336843,97.09,84.78,0.7,12.31,251.07,100676.01,100760.79,0.0,0.0,dec_20260711T124046267115
t02_00036,2,2022-09-07 17:00:00+00:00,2022-09-07 19:00:00+00:00,LONG,,PULLBACK,0.840073,0.709603,0.0025,0.002385,251.9,0.09,1704.7307,1678.0319,1758.1282,1714.81,TIMEOUT,0.360119,0.316125,90.71,79.63,0.63,11.08,240.29,100760.79,100840.43,0.0,0.0,dec_20260711T124046271533
t02_00037,2,2022-09-08 09:00:00+00:00,2022-09-08 11:00:00+00:00,LONG,,CONTINUATION,0.731122,0.656658,0.003,0.002976,302.52,0.22,1716.7307,1703.0916,1744.0089,1718.04,TIMEOUT,0.095218,0.005672,28.81,1.72,1.54,27.09,300.06,100840.43,100842.14,0.0,0.0,dec_20260711T124046297613
t02_00038,2,2022-09-13 22:00:00+00:00,2022-09-14 01:00:00+00:00,SHORT,,CONTINUATION,0.437024,0.854319,0.003,0.002996,302.53,0.09,1702.19,1735.7645,1635.0411,1701.7,TIMEOUT,0.014577,-0.022609,4.41,-6.84,0.63,11.25,302.17,100842.14,100835.3,6.8e-05,6.8e-05,dec_20260711T124046579155
t02_00039,2,2022-09-21 12:00:00+00:00,2022-09-21 14:00:00+00:00,LONG,,CONTINUATION,0.622542,0.733889,0.0025,0.002352,252.09,0.15,1671.7407,1655.9285,1703.365,1674.86,TIMEOUT,0.185608,0.112341,46.79,28.32,1.05,18.47,237.18,100835.3,100863.62,0.0,0.0,dec_20260711T124047007475
t02_00040,2,2022-09-23 21:00:00+00:00,2022-09-23 23:00:00+00:00,SHORT,,CONTINUATION,0.355926,0.677681,0.003,0.00272,302.59,0.08,1643.9143,1678.202,1575.339,1644.905,TIMEOUT,-0.026192,-0.058746,-7.93,-17.78,0.56,9.85,274.3,100863.62,100845.85,0.000176,0.000176,dec_20260711T124047206813
t02_00041,2,2022-09-28 18:00:00+00:00,2022-09-28 20:00:00+00:00,LONG,,CONTINUATION,0.913055,0.812529,0.0025,0.00213,252.11,0.05,1651.1707,1608.2128,1737.0864,1660.36,TIMEOUT,0.182248,0.157828,45.95,39.79,0.35,6.16,214.79,100845.85,100885.64,0.0,0.0,dec_20260711T124047427191
t02_00042,2,2022-09-30 09:00:00+00:00,2022-09-30 11:00:00+00:00,LONG,,CONTINUATION,0.717335,0.72461,0.003,0.002891,302.66,0.17,1668.2607,1651.1035,1702.575,1671.7,TIMEOUT,0.193183,0.12402,58.47,37.54,1.19,20.93,291.67,100885.64,100923.17,0.0,0.0,dec_20260711T124047560741
t02_00043,2,2022-10-03 03:00:00+00:00,2022-10-03 05:00:00+00:00,LONG,,FAIR_VALUE_GAP,0.732378,0.88887,0.0021,0.001982,211.94,0.09,1664.4207,1642.1905,1708.881,1663.54,TIMEOUT,-0.037397,-0.089686,-7.93,-19.01,0.63,11.08,200.07,100923.17,100904.16,0.000188,0.000188,dec_20260711T124047612644
t02_00044,2,2022-10-03 14:00:00+00:00,2022-10-03 16:00:00+00:00,LONG,,RANGE_EDGE_REJECTION,0.794669,0.740558,0.0021,0.001954,211.9,0.11,1666.0007,1648.0783,1701.8453,1668.96,TIMEOUT,0.153623,0.089703,32.55,19.01,0.77,13.54,197.15,100904.16,100923.17,0.0,0.0,dec_20260711T124047640982
t02_00045,2,2022-10-07 22:00:00+00:00,2022-10-10 01:00:00+00:00,SHORT,,CONTINUATION,0.402199,0.759098,0.003,0.002862,302.77,0.1,1695.94,1724.8239,1638.1721,1697.16,TIMEOUT,-0.040295,-0.08158,-12.2,-24.7,0.7,12.5,288.84,100923.17,100898.47,0.000245,0.000245,dec_20260711T124047962797
t02_00046,2,2022-10-12 21:00:00+00:00,2022-10-12 23:00:00+00:00,LONG,,PULLBACK,0.726635,0.709327,0.0025,0.002484,252.25,0.14,1671.4107,1653.5064,1707.2192,1673.12,TIMEOUT,0.094869,0.026529,23.93,6.69,0.98,17.24,250.66,100898.47,100905.16,0.0,0.000178,dec_20260711T124048199560
t02_00047,2,2022-10-12 22:00:00+00:00,2022-10-13 01:00:00+00:00,LONG,,CONTINUATION,0.786996,0.765891,0.003,0.00284,302.72,0.16,1673.37,1655.4604,1709.1893,1673.32,TIMEOUT,-0.002643,-0.06871,-0.8,-20.8,1.12,20.0,286.55,100905.16,100884.36,0.000206,0.000385,dec_20260711T124048204106
t02_00048,2,2022-10-17 13:00:00+00:00,2022-10-17 15:00:00+00:00,LONG,,CONTINUATION,0.875209,0.89303,0.0025,0.002385,252.21,0.13,1657.5607,1639.0508,1694.5803,1666.25,TIMEOUT,0.447886,0.384418,112.96,96.95,0.91,16.01,240.63,100884.36,100981.32,0.0,0.0,dec_20260711T124048417586
t02_00049,2,2022-10-17 14:00:00+00:00,2022-10-17 16:00:00+00:00,LONG,,CONTINUATION,0.846466,0.852771,0.0025,0.002418,252.45,0.12,1657.7007,1637.3501,1698.4017,1664.73,TIMEOUT,0.334133,0.275603,84.35,69.58,0.84,14.78,244.21,100981.32,101050.89,0.0,0.0,dec_20260711T124048422323
t02_00050,2,2022-10-20 13:00:00+00:00,2022-10-20 15:00:00+00:00,LONG,,CONTINUATION,0.778868,0.655131,0.0025,0.002315,252.63,0.12,1635.1407,1615.6501,1674.1217,1632.66,TIMEOUT,-0.117832,-0.176321,-29.77,-44.54,0.84,14.78,233.89,101050.89,101006.35,0.000441,0.000441,dec_20260711T124048642337
t02_00051,2,2022-10-21 21:00:00+00:00,2022-10-21 23:00:00+00:00,LONG,,CONTINUATION,0.818175,0.761384,0.0025,0.002228,252.52,0.06,1652.3907,1614.8751,1727.4217,1656.995,TIMEOUT,0.109401,0.080144,27.63,20.24,0.42,7.39,225.09,101006.35,101026.59,0.0,0.000241,dec_20260711T124048756631
t02_00052,2,2022-10-26 07:00:00+00:00,2022-10-26 09:00:00+00:00,LONG,,CONTINUATION,0.881333,0.861568,0.0025,0.002402,252.57,0.14,1657.6807,1640.3455,1692.351,1665.06,TIMEOUT,0.409038,0.340785,103.31,86.07,0.98,17.24,242.69,101026.59,101112.66,0.0,0.0,dec_20260711T124048974122
t02_00053,2,2022-11-02 09:00:00+00:00,2022-11-02 11:00:00+00:00,LONG,,CONTINUATION,0.782381,0.696941,0.003,0.002954,303.34,0.23,1651.504,1638.5186,1677.4747,1654.26,TIMEOUT,0.208967,0.115099,63.39,34.91,1.61,28.47,298.66,101112.66,101147.57,0.0,0.0,dec_20260711T124049439240
t02_00054,2,2022-11-04 03:00:00+00:00,2022-11-04 05:00:00+00:00,LONG,,CONTINUATION,0.93292,0.842989,0.0025,0.002337,252.87,0.12,1631.0207,1611.3201,1670.4217,1638.83,TIMEOUT,0.370594,0.31216,93.71,78.94,0.84,14.78,236.41,101147.57,101226.51,0.0,0.0,dec_20260711T124049587806
t02_00055,2,2022-11-04 04:00:00+00:00,2022-11-04 06:00:00+00:00,LONG,,CONTINUATION,0.87507,0.67067,0.0025,0.002398,253.07,0.12,1634.234,1614.0028,1674.6965,1646.51,TIMEOUT,0.5821,0.523397,147.31,132.46,0.84,14.86,242.78,101226.51,101358.97,0.0,0.0,dec_20260711T124049592983
t02_00056,2,2022-11-10 17:00:00+00:00,2022-11-10 19:00:00+00:00,LONG,,CONTINUATION,0.78396,0.685124,0.003,0.002672,304.08,0.08,1744.5907,1710.7355,1812.301,1748.43,TIMEOUT,0.101009,0.068614,30.71,20.86,0.56,9.85,270.84,101358.97,101379.83,0.0,0.0,dec_20260711T124049913415
t02_00057,2,2022-11-10 21:00:00+00:00,2022-11-10 23:00:00+00:00,LONG,,CONTINUATION,0.791784,0.663653,0.003,0.002906,304.14,0.08,1751.2307,1714.4098,1824.8725,1754.56,TIMEOUT,0.087574,0.055185,26.63,16.78,0.56,9.85,294.57,101379.83,101396.61,0.0,0.0,dec_20260711T124049927949
t02_00058,2,2022-11-16 11:00:00+00:00,2022-11-16 13:00:00+00:00,LONG,,CONTINUATION,0.623206,0.685543,0.003,0.002852,304.19,0.15,1779.7807,1760.4987,1818.3446,1783.22,TIMEOUT,0.169598,0.108879,51.59,33.12,1.05,18.47,289.23,101396.61,101429.73,0.0,0.0,dec_20260711T124050246516
t02_00059,2,2022-11-23 20:00:00+00:00,2022-11-23 22:00:00+00:00,LONG,,CONTINUATION,0.927049,0.87943,0.0025,0.002334,253.57,0.09,1743.8507,1717.5457,1796.4607,1751.075,TIMEOUT,0.256414,0.21271,65.02,53.94,0.63,11.08,236.75,101429.73,101483.67,0.0,0.0,dec_20260711T124050753854
t02_00060,2,2022-11-23 21:00:00+00:00,2022-11-23 23:00:00+00:00,LONG,,CONTINUATION,0.936741,0.919975,0.0025,0.002371,253.71,0.09,1744.3607,1717.6228,1797.8364,1749.4,TIMEOUT,0.178763,0.135083,45.35,34.27,0.63,11.08,240.64,101483.67,101517.94,0.0,0.0,dec_20260711T124050759181
t02_00061,2,2022-11-30 20:00:00+00:00,2022-11-30 22:00:00+00:00,LONG,,FAILED_BREAKOUT,0.961758,0.949059,0.0021,0.002086,213.19,0.09,1753.4207,1729.8896,1800.4828,1769.705,TIMEOUT,0.687457,0.635475,146.56,135.48,0.63,11.08,211.78,101517.94,101653.42,0.0,0.0,dec_20260711T124051197723
t02_00062,2,2022-12-01 02:00:00+00:00,2022-12-01 04:00:00+00:00,LONG,,CONTINUATION,0.866296,0.671103,0.003,0.002806,304.96,0.1,1773.964,1745.4394,1831.0133,1773.54,TIMEOUT,-0.013903,-0.055155,-4.24,-16.82,0.7,12.58,285.25,101653.42,101636.6,0.000165,0.000165,dec_20260711T124051218169
t02_00063,2,2022-12-01 16:00:00+00:00,2022-12-01 18:00:00+00:00,LONG,,CONTINUATION,0.935436,0.90778,0.003,0.002821,304.91,0.11,1789.9507,1763.8857,1842.0807,1802.08,TIMEOUT,0.43758,0.393159,133.42,119.88,0.77,13.54,286.71,101636.6,101756.48,0.0,0.0,dec_20260711T124051263403
t02_00064,2,2022-12-06 13:00:00+00:00,2022-12-06 15:00:00+00:00,LONG,,CONTINUATION,0.597821,0.801863,0.0025,0.002471,254.39,0.15,1774.4607,1757.6989,1807.9842,1777.96,TIMEOUT,0.206337,0.133732,52.49,34.02,1.05,18.47,251.43,101756.48,101790.5,0.0,0.0,dec_20260711T124051496879
t02_00065,2,2022-12-07 15:00:00+00:00,2022-12-07 17:00:00+00:00,LONG,,CONTINUATION,0.904722,0.887423,0.0025,0.002407,254.48,0.16,1775.6807,1760.3644,1806.3132,1780.55,TIMEOUT,0.306151,0.228733,77.91,58.21,1.12,19.7,245.06,101790.5,101848.71,0.0,0.0,dec_20260711T124051601718
t02_00066,2,2022-12-07 16:00:00+00:00,2022-12-07 18:00:00+00:00,LONG,,CONTINUATION,0.910338,0.792676,0.0025,0.002496,254.62,0.15,1779.0207,1762.0753,1812.9114,1782.33,TIMEOUT,0.194957,0.122418,49.64,31.17,1.05,18.47,254.18,101848.71,101879.88,0.0,0.0,dec_20260711T124051607276
t02_00067,2,2022-12-13 14:00:00+00:00,2022-12-13 14:00:00+00:00,LONG,,CONTINUATION,0.918521,0.971153,0.0025,0.002382,254.7,0.14,1788.134,1770.7994,1822.8033,1822.8033,TP_HIT,1.905654,1.835406,485.37,467.48,0.98,17.89,242.69,101879.88,102347.35,0.0,0.0,dec_20260711T124051949276
t02_00068,2,2022-12-13 15:00:00+00:00,2022-12-13 17:00:00+00:00,LONG,,CONTINUATION,0.955988,0.985476,0.0025,0.002316,255.87,0.1,1789.7007,1765.9987,1837.1046,1809.42,TIMEOUT,0.770678,0.722554,197.19,184.88,0.7,12.31,237.02,102347.35,102532.23,0.0,0.0,dec_20260711T124051955038
t02_00069,2,2022-12-16 15:00:00+00:00,2022-12-16 17:00:00+00:00,LONG,,CONTINUATION,0.917177,0.848235,0.0025,0.002318,256.33,0.12,1785.7107,1765.9089,1825.3142,1787.62,TIMEOUT,0.089385,0.03174,22.91,8.14,0.84,14.78,237.62,102532.23,102540.37,0.0,0.0,dec_20260711T124052222210
t02_00070,2,2022-12-16 16:00:00+00:00,2022-12-16 18:00:00+00:00,LONG,,CONTINUATION,0.87414,0.826167,0.0025,0.002461,256.35,0.12,1786.0807,1765.0485,1828.145,1788.52,TIMEOUT,0.114188,0.056548,29.27,14.5,0.84,14.78,252.39,102540.37,102554.87,0.0,0.0,dec_20260711T124052227886
t02_00071,2,2022-12-19 18:00:00+00:00,2022-12-19 20:00:00+00:00,LONG,,FAILED_BREAKOUT,0.788668,0.763265,0.0021,0.002049,215.37,0.13,1786.7507,1770.5883,1819.0753,1788.74,TIMEOUT,0.120079,0.045754,25.86,9.85,0.91,16.01,210.11,102554.87,102564.72,0.0,0.0,dec_20260711T124052311824
t02_00072,2,2022-12-20 18:00:00+00:00,2022-12-20 20:00:00+00:00,LONG,,CONTINUATION,0.831426,0.68458,0.003,0.002993,307.69,0.1,1815.9507,1785.2521,1877.3478,1815.54,TIMEOUT,-0.013347,-0.053365,-4.11,-16.42,0.7,12.31,306.99,102564.72,102548.3,0.00016,0.00016,dec_20260711T124052405822
t02_00073,2,2023-01-03 08:00:00+00:00,2023-01-03 10:00:00+00:00,LONG,,BREAKOUT_RETEST,0.763961,0.752303,0.003,0.002979,307.64,0.14,1840.9807,1819.1619,1884.6182,1835.82,TIMEOUT,-0.23485,-0.290885,-72.25,-89.49,0.98,17.24,305.46,102548.3,102458.81,0.000873,0.001033,dec_20260711T124053165350
t02_00074,2,2023-01-06 16:00:00+00:00,2023-01-06 18:00:00+00:00,LONG,,CONTINUATION,0.767327,0.795396,0.0014,0.001377,143.44,0.06,1852.4007,1828.8903,1899.4214,1863.41,TIMEOUT,0.460513,0.409007,66.06,58.67,0.42,7.39,141.06,102458.81,102517.48,0.0,0.000461,dec_20260711T124053459915
t02_00075,2,2023-01-11 07:00:00+00:00,2023-01-11 09:00:00+00:00,LONG,,CONTINUATION,0.834324,0.823466,0.003,0.002949,307.55,0.19,1878.4807,1862.5701,1910.3017,1881.66,TIMEOUT,0.196415,0.120345,60.41,37.01,1.33,23.4,302.3,102517.48,102554.49,0.0,0.0001,dec_20260711T124053750974
t02_00076,2,2023-01-11 10:00:00+00:00,2023-01-11 12:00:00+00:00,LONG,,BREAKOUT_RETEST,0.594886,0.749136,0.003,0.002941,307.66,0.2,1882.1807,1867.1012,1912.3396,1884.49,TIMEOUT,0.150122,0.070077,46.19,21.56,1.4,24.63,301.59,102554.49,102576.05,0.0,0.0,dec_20260711T124053762597
t02_00077,2,2023-01-12 15:00:00+00:00,2023-01-12 17:00:00+00:00,LONG,,CONTINUATION,0.82246,0.73423,0.003,0.002806,307.73,0.14,1887.7507,1867.1914,1928.8692,1888.88,TIMEOUT,0.051378,-0.00464,15.81,-1.43,0.98,17.24,287.83,102576.05,102574.62,1.4e-05,1.4e-05,dec_20260711T124053829637
t02_00078,2,2023-01-12 19:00:00+00:00,2023-01-12 21:00:00+00:00,LONG,,CONTINUATION,0.836132,0.669126,0.003,0.002976,307.72,0.1,1893.1907,1862.6605,1954.251,1897.44,TIMEOUT,0.138091,0.098076,42.49,30.18,0.7,12.31,305.3,102574.62,102604.8,0.0,0.0,dec_20260711T124053835730
t02_00079,2,2023-01-13 10:00:00+00:00,2023-01-13 12:00:00+00:00,LONG,,PULLBACK,0.789856,0.771464,0.003,0.002937,307.81,0.18,1900.2707,1883.5291,1933.7539,1905.75,TIMEOUT,0.320418,0.248413,98.63,76.46,1.26,22.16,301.35,102604.8,102681.27,0.0,0.0,dec_20260711T124053881084
t02_00080,2,2023-01-17 12:00:00+00:00,2023-01-17 14:00:00+00:00,LONG,,FAILED_BREAKOUT,0.76601,0.746131,0.0021,0.00207,215.63,0.15,1907.1707,1893.0007,1935.5107,1909.41,TIMEOUT,0.155776,0.07012,33.59,15.12,1.05,18.47,212.55,102681.27,102696.39,0.0,0.0,dec_20260711T124054077074
t02_00081,2,2023-01-18 15:00:00+00:00,2023-01-18 17:00:00+00:00,LONG,,CONTINUATION,0.682499,0.802862,0.0025,0.002404,256.74,0.1,1917.9607,1893.2707,1967.3407,1911.96,TIMEOUT,-0.233725,-0.281686,-60.01,-72.32,0.7,12.31,246.9,102696.39,102624.07,0.000704,0.000704,dec_20260711T124054206974
t02_00082,2,2023-01-19 16:00:00+00:00,2023-01-19 18:00:00+00:00,LONG,,CONTINUATION,0.872931,0.747763,0.0025,0.002395,256.56,0.12,1913.8007,1893.3144,1954.7732,1920.8,TIMEOUT,0.327378,0.269785,83.99,69.22,0.84,14.78,245.83,102624.07,102693.28,0.0,3e-05,dec_20260711T124054308702
t02_00083,2,2023-01-23 10:00:00+00:00,2023-01-23 12:00:00+00:00,LONG,,FAILED_BREAKOUT,0.706628,0.698392,0.0021,0.002004,215.66,0.12,1920.8907,1903.7439,1955.1842,1926.48,TIMEOUT,0.311008,0.242493,67.07,52.3,0.84,14.78,205.76,102693.28,102745.58,0.0,0.0,dec_20260711T124054519993
t02_00084,2,2023-01-24 17:00:00+00:00,2023-01-24 19:00:00+00:00,LONG,,FAILED_BREAKOUT,0.879132,0.756311,0.0021,0.001994,215.77,0.09,1921.9807,1899.2125,1967.5171,1933.91,TIMEOUT,0.497585,0.446225,107.36,96.28,0.63,11.08,204.91,102745.58,102841.86,0.0,0.0,dec_20260711T124054674829
t02_00085,2,2023-02-01 20:00:00+00:00,2023-02-01 22:00:00+00:00,LONG,,RANGE_EDGE_REJECTION,0.861042,0.847363,0.0021,0.002002,215.97,0.1,1926.3107,1905.726,1967.48,1953.345,TIMEOUT,1.251763,1.194749,270.34,258.03,0.7,12.31,205.85,102841.86,103099.89,0.0,0.0,dec_20260711T124055377798
t02_00086,2,2023-02-01 22:00:00+00:00,2023-02-02 01:00:00+00:00,LONG,,CONTINUATION,0.680391,0.685695,0.003,0.002941,309.3,0.1,1943.4507,1913.1308,2004.0903,1952.802,TIMEOUT,0.302339,0.262528,93.51,81.2,0.7,12.31,303.2,103099.89,103181.09,0.0,0.0,dec_20260711T124055390246
t02_00087,2,2023-02-09 09:00:00+00:00,2023-02-09 11:00:00+00:00,LONG,,CONTINUATION,0.799695,0.65779,0.003,0.002934,309.54,0.24,1881.534,1868.9195,1906.7629,1882.78,TIMEOUT,0.096608,-0.004032,29.9,-1.25,1.68,31.15,302.75,103181.09,103179.84,1.2e-05,1.2e-05,dec_20260711T124056003116
t02_00088,2,2023-03-01 08:00:00+00:00,2023-03-01 10:00:00+00:00,LONG,,CONTINUATION,0.776385,0.791689,0.003,0.002916,309.54,0.2,1831.7607,1816.716,1861.85,1835.5,TIMEOUT,0.241606,0.162047,74.79,50.16,1.4,24.63,300.89,103179.84,103230.0,0.0,0.0,dec_20260711T124057634032
t02_00089,2,2023-03-03 08:00:00+00:00,2023-03-03 10:00:00+00:00,LONG,,CONTINUATION,0.845259,0.819812,0.003,0.002932,309.69,0.26,1839.584,1827.9417,1862.8686,1844.35,TIMEOUT,0.400129,0.294514,123.92,91.21,1.82,32.71,302.7,103230.0,103321.21,0.0,0.0,dec_20260711T124057893198
t02_00090,2,2023-03-03 11:00:00+00:00,2023-03-03 13:00:00+00:00,LONG,,CONTINUATION,0.595351,0.65973,0.003,0.002967,309.96,0.26,1844.7807,1832.9905,1868.361,1848.15,TIMEOUT,0.282626,0.179339,87.6,55.59,1.82,32.01,306.54,103321.21,103376.8,0.0,0.0,dec_20260711T124057912773
t02_00091,2,2023-03-06 08:00:00+00:00,2023-03-06 10:00:00+00:00,SHORT,,LIQUIDITY_SWEEP,0.412515,0.724904,0.003,0.00296,310.13,0.22,1853.6693,1867.5799,1825.8483,1853.11,TIMEOUT,0.039678,-0.049089,12.31,-15.22,1.54,27.53,306.03,103376.8,103361.58,0.000147,0.000147,dec_20260711T124057957765
t02_00092,2,2023-03-07 09:00:00+00:00,2023-03-07 11:00:00+00:00,SHORT,,CONTINUATION,0.404383,0.744597,0.003,0.002927,310.08,0.29,1845.827,1856.2611,1824.9588,1843.43,TIMEOUT,0.224178,0.108395,69.51,33.61,2.03,35.9,302.59,103361.58,103395.19,0.0,0.0,dec_20260711T124058065033
t02_00093,2,2023-03-09 16:00:00+00:00,2023-03-09 18:00:00+00:00,LONG,,CONTINUATION,0.82714,0.699329,0.0025,0.002452,258.49,0.15,1825.7407,1808.8419,1859.5382,1826.01,TIMEOUT,0.015629,-0.055824,4.04,-14.43,1.05,18.47,253.48,103395.19,103380.76,0.00014,0.00014,dec_20260711T124058363961
t02_00094,2,2023-03-10 13:00:00+00:00,2023-03-10 15:00:00+00:00,LONG,,CONTINUATION,0.684859,0.663154,0.003,0.002885,310.14,0.22,1833.3607,1819.8041,1860.4739,1860.4739,TP_HIT,1.923295,1.83595,596.49,569.4,1.54,27.09,298.25,103380.76,103950.16,0.0,0.0,dec_20260711T124058463273
t02_00095,2,2023-03-13 01:00:00+00:00,2023-03-13 03:00:00+00:00,LONG,,BREAKOUT_RETEST,0.854457,0.837263,0.003,0.002809,311.85,0.08,1884.241,1847.7376,1957.2478,1877.0,TIMEOUT,-0.185756,-0.219413,-57.93,-68.42,0.56,10.5,292.03,103950.16,103881.74,0.000658,0.000658,dec_20260711T124058543344
t02_00096,2,2023-03-20 08:00:00+00:00,2023-03-20 10:00:00+00:00,SHORT,,LIQUIDITY_SWEEP,0.207998,0.948001,0.003,0.00297,311.65,0.06,1987.146,2038.5653,1884.3074,1996.0,TIMEOUT,-0.17046,-0.194295,-53.12,-60.55,0.42,7.43,308.52,103881.74,103821.18,0.000583,0.001241,dec_20260711T124059214148
t02_00097,2,2023-03-22 19:00:00+00:00,2023-03-22 21:00:00+00:00,LONG,,CONTINUATION,0.951067,0.974055,0.0014,0.001358,145.35,0.05,1949.2107,1921.0085,2005.615,1971.705,TIMEOUT,0.773799,0.731441,112.47,106.31,0.35,6.16,141.01,103821.18,103927.5,0.0,0.000218,dec_20260711T124059525088
t02_00098,2,2023-03-22 20:00:00+00:00,2023-03-22 22:00:00+00:00,LONG,,CONTINUATION,0.949054,0.94892,0.0025,0.002197,259.82,0.07,1949.6407,1917.016,2014.89,1967.68,TIMEOUT,0.486011,0.452837,126.28,117.66,0.49,8.62,228.37,103927.5,104045.15,0.0,0.0,dec_20260711T124059532261
t02_00099,2,2023-03-28 14:00:00+00:00,2023-03-28 16:00:00+00:00,LONG,,CONTINUATION,0.828137,0.871176,0.0025,0.002425,260.11,0.12,1957.3307,1936.3012,1999.3896,1963.28,TIMEOUT,0.274468,0.217662,71.39,56.62,0.84,14.78,252.35,104045.15,104101.77,0.0,0.0,dec_20260711T124059999872
t02_00100,2,2023-03-28 20:00:00+00:00,2023-03-28 22:00:00+00:00,LONG,,CONTINUATION,0.800161,0.67044,0.0025,0.002423,260.25,0.09,1969.6507,1941.6251,2025.7017,1973.106,TIMEOUT,0.119493,0.076911,31.1,20.02,0.63,11.08,252.23,104101.77,104121.79,0.0,0.0,dec_20260711T124100040745
t03_00001,3,2023-04-04 17:00:00+00:00,2023-04-04 19:00:00+00:00,LONG,,CONTINUATION,0.94839,0.975205,0.003,0.002913,300.0,0.08,1993.1407,1956.7248,2065.9725,2020.83,TIMEOUT,0.738382,0.705547,221.51,211.66,0.56,9.85,291.33,100000.0,100211.66,0.0,0.0,dec_20260711T124100247312
t03_00002,3,2023-04-04 18:00:00+00:00,2023-04-04 20:00:00+00:00,LONG,,CONTINUATION,0.718657,0.743386,0.003,0.002861,300.63,0.07,2017.1307,1976.1726,2099.0467,2018.34,TIMEOUT,0.028159,-0.000512,8.47,-0.15,0.49,8.62,286.71,100211.66,100211.51,2e-06,2e-06,dec_20260711T124100250142
t03_00003,3,2023-04-11 10:00:00+00:00,2023-04-11 12:00:00+00:00,LONG,,CONTINUATION,0.877579,0.811892,0.0025,0.002376,250.53,0.15,1999.8107,1983.9375,2031.5571,2004.18,TIMEOUT,0.261605,0.187882,65.54,47.07,1.05,18.47,238.1,100211.51,100258.58,0.0,0.0,dec_20260711T124100403832
t03_00004,3,2023-04-12 04:00:00+00:00,2023-04-12 06:00:00+00:00,LONG,,CONTINUATION,0.9347,0.910766,0.003,0.002886,300.78,0.15,2006.0307,1986.7419,2044.6082,2016.93,TIMEOUT,0.543553,0.482146,163.49,145.02,1.05,18.47,289.33,100258.58,100403.6,0.0,0.0,dec_20260711T124100434181
t03_00005,3,2023-04-12 06:00:00+00:00,2023-04-12 08:00:00+00:00,LONG,,CONTINUATION,0.656622,0.756514,0.003,0.002933,301.21,0.14,2015.5507,1994.5141,2057.6239,2017.89,TIMEOUT,0.10873,0.051499,32.75,15.51,0.98,17.24,294.51,100403.6,100419.11,0.0,0.0,dec_20260711T124100439204
t03_00006,3,2023-04-13 08:00:00+00:00,2023-04-13 10:00:00+00:00,LONG,,CONTINUATION,0.897561,0.856854,0.003,0.002859,301.26,0.16,2019.0907,2001.1466,2054.9789,2024.53,TIMEOUT,0.288884,0.223488,87.03,67.33,1.12,19.7,287.11,100419.11,100486.44,0.0,0.0,dec_20260711T124100455967
t03_00007,3,2023-04-13 10:00:00+00:00,2023-04-13 12:00:00+00:00,LONG,,PULLBACK,0.871736,0.742155,0.003,0.002833,301.46,0.15,2021.1807,2002.2053,2059.1314,2026.6,TIMEOUT,0.269654,0.208386,81.29,62.82,1.05,18.47,284.63,100486.44,100549.26,0.0,0.0,dec_20260711T124100460951
t03_00008,3,2023-04-20 13:00:00+00:00,2023-04-20 15:00:00+00:00,LONG,,CONTINUATION,0.72077,0.690875,0.0025,0.002385,251.37,0.12,2000.2607,1980.2794,2040.2232,2006.4,TIMEOUT,0.293082,0.2343,73.67,58.9,0.84,14.78,239.77,100549.26,100608.16,0.0,0.0,dec_20260711T124100690626
t03_00009,3,2023-04-25 01:00:00+00:00,2023-04-25 03:00:00+00:00,LONG,,CONTINUATION,0.885515,0.887621,0.0025,0.002375,251.52,0.12,1989.6407,1969.725,2029.4721,1996.44,TIMEOUT,0.324396,0.265649,81.59,66.82,0.84,14.78,238.99,100608.16,100674.97,0.0,0.0,dec_20260711T124100815892
t03_00010,3,2023-04-25 02:00:00+00:00,2023-04-25 04:00:00+00:00,LONG,,CONTINUATION,0.824022,0.771143,0.0025,0.002473,251.69,0.12,1993.244,1972.499,2034.734,1996.82,TIMEOUT,0.170495,0.11147,42.91,28.06,0.84,14.86,248.94,100674.97,100703.03,0.0,0.0,dec_20260711T124100818812
t03_00011,3,2023-05-02 17:00:00+00:00,2023-05-02 19:00:00+00:00,LONG,,CONTINUATION,0.955458,0.975934,0.0025,0.002269,251.76,0.08,1987.7407,1959.1773,2044.8675,2015.14,TIMEOUT,0.870649,0.831522,219.19,209.34,0.56,9.85,228.51,100703.03,100912.37,0.0,0.0,dec_20260711T124101125937
t03_00012,3,2023-05-02 18:00:00+00:00,2023-05-02 20:00:00+00:00,LONG,,CONTINUATION,0.760489,0.695012,0.0025,0.002324,252.28,0.07,2009.1807,1975.676,2076.19,2012.31,TIMEOUT,0.086829,0.052664,21.91,13.29,0.49,8.62,234.53,100912.37,100925.66,0.0,0.0,dec_20260711T124101129015
t03_00013,3,2023-05-03 20:00:00+00:00,2023-05-03 22:00:00+00:00,LONG,,CONTINUATION,0.837797,0.7542,0.003,0.002763,302.78,0.11,2024.7507,1999.3985,2075.455,2075.455,TP_HIT,1.842087,1.797353,557.75,544.2,0.77,13.54,278.87,100925.66,101469.86,0.0,0.0,dec_20260711T124101172717
t03_00014,3,2023-05-04 01:00:00+00:00,2023-05-04 03:00:00+00:00,LONG,,CONTINUATION,0.836181,0.809373,0.003,0.002649,304.41,0.06,2055.0137,2010.2088,2144.6233,2054.09,TIMEOUT,-0.018206,-0.042476,-5.54,-12.93,0.42,7.39,268.83,101469.86,101456.93,0.000127,0.000127,dec_20260711T124101184003
t03_00015,3,2023-05-04 15:00:00+00:00,2023-05-04 17:00:00+00:00,LONG,,PULLBACK,0.93175,0.958192,0.003,0.002649,304.37,0.07,2042.5307,2004.1421,2119.3078,2054.89,TIMEOUT,0.284244,0.255925,86.52,77.9,0.49,8.62,268.72,101456.93,101534.83,0.0,0.0,dec_20260711T124101208802
t03_00016,3,2023-05-15 07:00:00+00:00,2023-05-15 09:00:00+00:00,LONG,,CONTINUATION,0.636865,0.69647,0.0025,0.002445,253.84,0.14,2014.5607,1996.8312,2050.0196,2016.425,TIMEOUT,0.102823,0.034912,26.1,8.86,0.98,17.24,248.21,101534.83,101543.69,0.0,0.0,dec_20260711T124101574612
t03_00017,3,2023-05-15 08:00:00+00:00,2023-05-15 10:00:00+00:00,LONG,,CONTINUATION,0.863623,0.865142,0.0025,0.002424,253.86,0.15,2014.814,1998.4054,2047.6311,2018.01,TIMEOUT,0.188844,0.115694,47.94,29.37,1.05,18.57,246.13,101543.69,101573.06,0.0,0.0,dec_20260711T124101577850
t03_00018,3,2023-05-19 19:00:00+00:00,2023-05-19 21:00:00+00:00,LONG,,CONTINUATION,0.796877,0.752127,0.0025,0.002442,253.93,0.08,1975.4007,1944.3926,2037.4167,1976.755,TIMEOUT,0.042668,0.003875,10.83,0.98,0.56,9.85,248.06,101573.06,101574.04,0.0,0.0,dec_20260711T124101804036
t03_00019,3,2023-05-31 07:00:00+00:00,2023-05-31 09:00:00+00:00,LONG,,PULLBACK,0.759212,0.836478,0.003,0.002984,304.72,0.2,1958.6407,1943.4871,1988.9478,1960.01,TIMEOUT,0.089875,0.009057,27.39,2.76,1.4,24.63,303.07,101574.04,101576.8,0.0,0.0,dec_20260711T124102242171
t03_00020,3,2023-05-31 16:00:00+00:00,2023-05-31 18:00:00+00:00,LONG,,CONTINUATION,0.917977,0.872172,0.003,0.002817,304.73,0.12,1963.2107,1939.3642,2010.9035,1968.25,TIMEOUT,0.198445,0.149956,60.47,45.7,0.84,14.78,286.16,101576.8,101622.5,0.0,0.0,dec_20260711T124102271297
t03_00021,3,2023-06-05 20:00:00+00:00,2023-06-05 22:00:00+00:00,LONG,,CONTINUATION,0.841115,0.785178,0.0025,0.002389,254.06,0.09,1958.8807,1931.9108,2012.8203,1961.09,TIMEOUT,0.078265,0.034645,19.88,8.8,0.63,11.08,242.73,101622.5,101631.3,0.0,0.0,dec_20260711T124102473886
t03_00022,3,2023-06-06 12:00:00+00:00,2023-06-06 14:00:00+00:00,LONG,,PULLBACK,0.568875,0.664958,0.003,0.002973,304.89,0.26,1960.8407,1949.2194,1984.0832,1962.51,TIMEOUT,0.142355,0.037351,43.4,11.39,1.82,32.01,302.15,101631.3,101642.69,0.0,0.0,dec_20260711T124102515520
t03_00023,3,2023-06-08 14:00:00+00:00,2023-06-08 16:00:00+00:00,LONG,,PULLBACK,0.938202,0.964972,0.0025,0.002454,254.11,0.15,1947.2607,1930.6323,1980.5175,1966.328,TIMEOUT,1.125536,1.052851,286.01,267.54,1.05,18.47,249.43,101642.69,101910.23,0.0,0.0,dec_20260711T124102635650
t03_00024,3,2023-06-08 16:00:00+00:00,2023-06-08 18:00:00+00:00,LONG,,PULLBACK,0.813263,0.708944,0.0025,0.002479,254.78,0.11,1959.9607,1936.9937,2005.8946,1966.55,TIMEOUT,0.284491,0.231329,72.48,58.94,0.77,13.54,252.64,101910.23,101969.17,0.0,0.0,dec_20260711T124102642790
t03_00025,3,2023-06-12 06:00:00+00:00,2023-06-12 08:00:00+00:00,LONG,,RANGE_EDGE_REJECTION,0.789463,0.71507,0.0021,0.002074,214.14,0.16,1956.6007,1943.3846,1983.0328,1959.15,TIMEOUT,0.19048,0.098478,40.79,21.09,1.12,19.7,211.46,101969.17,101990.25,0.0,0.0,dec_20260711T124102725623
t03_00026,3,2023-06-16 13:00:00+00:00,2023-06-16 15:00:00+00:00,SHORT,,LIQUIDITY_SWEEP,0.438975,0.661348,0.003,0.002962,305.97,0.21,1963.7093,1978.0934,1934.9411,1962.62,TIMEOUT,0.074765,-0.009746,22.88,-2.98,1.47,25.86,302.07,101990.25,101987.27,2.9e-05,2.9e-05,dec_20260711T124103025613
t03_00027,3,2023-06-19 19:00:00+00:00,2023-06-20 01:00:00+00:00,SHORT,,CONTINUATION,0.32415,0.742857,0.003,0.002879,305.96,0.23,1950.11,1962.8766,1924.5768,1952.12,TIMEOUT,-0.151098,-0.245816,-46.23,-75.21,1.61,28.98,293.63,101987.27,101912.06,0.000737,0.000767,dec_20260711T124103105084
t03_00028,3,2023-06-20 23:00:00+00:00,2023-06-21 02:00:00+00:00,SHORT,,CONTINUATION,0.35084,0.707034,0.0016,0.001425,163.06,0.06,1935.6493,1959.8543,1887.2393,1937.29,TIMEOUT,-0.06037,-0.105679,-9.84,-17.23,0.42,7.39,145.23,101912.06,101894.83,0.000169,0.000936,dec_20260711T124103167421
t03_00029,3,2023-06-22 04:00:00+00:00,2023-06-22 06:00:00+00:00,SHORT,,CONTINUATION,0.425121,0.67424,0.0007,0.000697,71.33,0.04,1931.6293,1949.3956,1896.0968,1932.52,TIMEOUT,-0.049946,-0.120118,-3.56,-8.57,0.28,5.01,71.06,101894.83,101886.26,8.4e-05,0.00102,dec_20260711T124103242061
t04_00001,4,2024-01-29 14:00:00+00:00,2024-01-29 16:00:00+00:00,SHORT,,LIQUIDITY_SWEEP,0.436006,0.767798,0.003,0.002976,300.0,0.18,2027.727,2044.2611,1994.6588,2025.13,TIMEOUT,0.15582,0.07866,46.75,23.6,1.26,23.15,297.61,100000.0,100023.6,0.0,0.0,dec_20260711T124119225586
t04_00002,4,2024-01-31 14:00:00+00:00,2024-01-31 16:00:00+00:00,LONG,,CONTINUATION,0.71843,0.742907,0.003,0.002969,300.07,0.28,2038.538,2027.933,2059.748,2051.59,TIMEOUT,1.217902,1.096038,365.46,328.89,1.96,36.57,296.94,100023.6,100352.49,0.0,0.0,dec_20260711T124119318534
t04_00003,4,2024-02-01 04:00:00+00:00,2024-02-01 06:00:00+00:00,LONG,,CONTINUATION,0.6581,0.676751,0.003,0.002825,301.06,0.09,2044.5125,2013.0136,2107.5104,2045.09,TIMEOUT,0.017264,-0.021928,5.2,-6.6,0.63,11.8,283.49,100352.49,100345.88,6.6e-05,6.6e-05,dec_20260711T124119347144
t04_00004,4,2024-02-15 14:00:00+00:00,2024-02-15 16:00:00+00:00,LONG,,CONTINUATION,0.807624,0.813314,0.0025,0.002489,250.86,0.25,1998.383,1988.3909,2018.3673,2002.275,TIMEOUT,0.387866,0.257713,97.3,64.65,1.75,32.65,249.8,100345.88,100410.53,0.0,0.0,dec_20260711T124119873673
t04_00005,4,2024-02-22 08:00:00+00:00,2024-02-22 10:00:00+00:00,SHORT,,LIQUIDITY_SWEEP,0.422268,0.7732,0.003,0.002929,301.23,0.25,2028.222,2039.9845,2004.697,2031.65,TIMEOUT,-0.2845,-0.392889,-85.7,-118.35,1.75,32.65,294.06,100410.53,100292.18,0.001179,0.001179,dec_20260711T124120129653
t04_00006,4,2024-02-29 14:00:00+00:00,2024-02-29 16:00:00+00:00,LONG,,FAILED_BREAKOUT,0.878183,0.936831,0.0021,0.002016,210.61,0.16,2030.9505,2018.3151,2056.2212,2047.805,TIMEOUT,1.280433,1.180077,269.67,248.54,1.12,21.14,202.17,100292.18,100540.72,0.0,0.0,dec_20260711T124120428177
t04_00007,4,2024-03-04 08:00:00+00:00,2024-03-04 10:00:00+00:00,LONG,,CONTINUATION,0.667499,0.817642,0.003,0.002823,301.62,0.14,2083.183,2062.9119,2123.7251,2083.926,TIMEOUT,0.034487,-0.025668,10.4,-7.74,0.98,18.14,283.8,100540.72,100532.98,7.7e-05,7.7e-05,dec_20260711T124120527609
t04_00008,4,2024-03-05 14:00:00+00:00,2024-03-05 16:00:00+00:00,LONG,,BREAKOUT_RETEST,0.902528,0.905753,0.003,0.002944,301.6,0.14,2125.1355,2103.9939,2167.4187,2128.205,TIMEOUT,0.142483,0.083021,42.97,25.04,0.98,17.93,295.98,100532.98,100558.02,0.0,0.0,dec_20260711T124120591369
t04_00009,4,2024-03-05 15:00:00+00:00,2024-03-05 17:00:00+00:00,LONG,,CONTINUATION,0.916522,0.845672,0.003,0.00288,301.67,0.12,2126.688,2102.5521,2174.9598,2127.47,TIMEOUT,0.031107,-0.018457,9.38,-5.57,0.84,14.95,289.63,100558.02,100552.45,5.5e-05,5.5e-05,dec_20260711T124120594890
t04_00010,4,2024-03-07 06:00:00+00:00,2024-03-07 08:00:00+00:00,LONG,,CONTINUATION,0.835159,0.763155,0.003,0.002929,301.66,0.1,2153.72,2124.265,2212.63,2155.415,TIMEOUT,0.056189,0.014719,16.95,4.44,0.7,12.51,294.55,100552.45,100556.89,0.0,1.1e-05,dec_20260711T124120653515
t04_00011,4,2024-03-12 16:00:00+00:00,2024-03-12 18:00:00+00:00,SHORT,,CONTINUATION,0.443581,0.726902,0.003,0.002838,301.67,0.1,2161.179,2189.7174,2104.1022,2164.37,TIMEOUT,-0.105778,-0.146253,-31.91,-44.12,0.7,12.21,285.38,100556.89,100512.77,0.000439,0.00045,dec_20260711T124120873787
t04_00012,4,2024-03-13 16:00:00+00:00,2024-03-13 18:00:00+00:00,LONG,,CONTINUATION,0.878611,0.675444,0.0025,0.002402,251.28,0.15,2166.648,2150.5534,2198.8373,2173.625,TIMEOUT,0.416488,0.342108,104.65,85.96,1.05,18.69,241.42,100512.77,100598.73,0.0,0.0,dec_20260711T124120925729
t04_00013,4,2024-03-15 22:00:00+00:00,2024-03-18 01:00:00+00:00,SHORT,,CONTINUATION,0.342788,0.676761,0.003,0.002975,301.8,0.13,2156.4767,2179.499,2110.432,2155.715,TIMEOUT,0.032809,-0.023907,9.9,-7.22,0.91,17.12,299.29,100598.73,100591.52,7.2e-05,7.2e-05,dec_20260711T124121065859
t04_00014,4,2024-03-25 14:00:00+00:00,2024-03-25 16:00:00+00:00,LONG,,CONTINUATION,0.81205,0.882478,0.0025,0.002334,251.48,0.09,2171.0755,2144.9907,2223.2451,2177.46,TIMEOUT,0.228489,0.182287,57.46,45.84,0.63,11.62,234.76,100591.52,100637.36,0.0,0.0,dec_20260711T124121429694
t04_00015,4,2024-03-28 07:00:00+00:00,2024-03-28 09:00:00+00:00,LONG,,CONTINUATION,0.625793,0.690188,0.003,0.00291,301.91,0.17,2196.193,2178.9682,2230.6426,2195.781,TIMEOUT,-0.023199,-0.096174,-7.0,-29.04,1.19,22.03,292.82,100637.36,100608.33,0.000289,0.000289,dec_20260711T124121610813
t04_00016,4,2024-03-28 12:00:00+00:00,2024-03-28 14:00:00+00:00,LONG,,CONTINUATION,0.883294,0.809371,0.003,0.002919,301.82,0.12,2198.4205,2173.9475,2247.3666,2214.9915,TIMEOUT,0.658843,0.606719,198.85,183.12,0.84,15.73,293.68,100608.33,100791.45,0.0,0.0,dec_20260711T124121617946
t04_00017,4,2024-04-01 02:00:00+00:00,2024-04-01 04:00:00+00:00,LONG,,BREAKOUT,0.92507,0.923017,0.003,0.002708,302.37,0.06,2242.1855,2196.701,2333.1544,2256.63,TIMEOUT,0.286626,0.25823,86.67,78.08,0.42,8.59,272.91,100791.45,100869.53,0.0,0.0,dec_20260711T124121621741
t04_00018,4,2024-04-02 17:00:00+00:00,2024-04-02 19:00:00+00:00,LONG,,CONTINUATION,0.873644,0.742198,0.003,0.00296,302.61,0.09,2263.628,2230.4476,2329.9887,2261.7325,TIMEOUT,-0.056375,-0.093432,-17.06,-28.27,0.63,11.21,298.62,100869.53,100841.25,0.00028,0.00028,dec_20260711T124121734159
t04_00019,4,2024-04-02 22:00:00+00:00,2024-04-03 01:00:00+00:00,LONG,,CONTINUATION,0.842257,0.7323,0.003,0.002599,302.52,0.06,2275.0967,2231.4085,2362.4731,2281.85,TIMEOUT,0.133942,0.106902,40.52,32.34,0.42,8.18,262.13,100841.25,100873.59,0.0,0.0,dec_20260711T124121741561
t04_00020,4,2024-04-04 21:00:00+00:00,2024-04-04 23:00:00+00:00,LONG,,FAILED_BREAKOUT,0.731969,0.750744,0.0021,0.001952,211.83,0.06,2294.678,2261.8539,2360.3262,2290.43,TIMEOUT,-0.120323,-0.157881,-25.49,-33.44,0.42,7.96,196.94,100873.59,100840.15,0.000332,0.000332,dec_20260711T124121861890
t04_00021,4,2024-04-05 16:00:00+00:00,2024-04-05 18:00:00+00:00,LONG,,CONTINUATION,0.903455,0.898623,0.0025,0.002471,252.1,0.05,2295.9155,2246.0853,2395.5759,2326.23,TIMEOUT,0.60124,0.57623,151.57,145.27,0.35,6.3,249.15,100840.15,100985.42,0.0,0.0,dec_20260711T124121911032
t04_00022,4,2024-04-05 17:00:00+00:00,2024-04-05 19:00:00+00:00,LONG,,CONTINUATION,0.876778,0.844383,0.0025,0.002131,252.46,0.04,2309.268,2255.4653,2416.8734,2326.665,TIMEOUT,0.27564,0.255898,69.59,64.6,0.28,4.98,215.21,100985.42,101050.02,0.0,0.0,dec_20260711T124121914893
t04_00023,4,2024-04-08 05:00:00+00:00,2024-04-08 07:00:00+00:00,LONG,,CONTINUATION,0.774547,0.870142,0.003,0.002799,303.15,0.04,2333.8785,2263.1756,2475.2842,2339.954,TIMEOUT,0.080165,0.063856,24.3,19.36,0.28,4.94,282.81,101050.02,101069.38,0.0,0.0,dec_20260711T124121929118
t04_00024,4,2024-04-09 04:00:00+00:00,2024-04-09 06:00:00+00:00,LONG,,CONTINUATION,0.789755,0.67927,0.003,0.002899,303.21,0.09,2341.488,2308.9326,2406.5987,2344.1,TIMEOUT,0.07753,0.037875,23.51,11.48,0.63,12.02,293.0,101069.38,101080.86,0.0,0.0,dec_20260711T124122000260
t04_00025,4,2024-04-11 20:00:00+00:00,2024-04-11 22:00:00+00:00,LONG,,CONTINUATION,0.941127,0.903537,0.0025,0.00224,252.7,0.05,2353.643,2308.3607,2444.2076,2372.825,TIMEOUT,0.379541,0.354689,95.91,89.63,0.35,6.28,226.41,101080.86,101170.49,0.0,0.0,dec_20260711T124122195159
t04_00026,4,2024-04-11 21:00:00+00:00,2024-04-11 23:00:00+00:00,LONG,,CONTINUATION,0.928632,0.855832,0.0025,0.002385,252.93,0.05,2356.953,2308.6869,2453.4851,2374.69,TIMEOUT,0.350631,0.325011,88.69,82.21,0.35,6.48,241.33,101170.49,101252.7,0.0,0.0,dec_20260711T124122199168
t04_00027,4,2024-04-19 04:00:00+00:00,2024-04-19 06:00:00+00:00,LONG,,CONTINUATION,0.845825,0.953524,0.003,0.002901,303.76,0.06,2386.072,2337.1175,2483.9809,2390.6685,TIMEOUT,0.090792,0.066181,27.58,20.1,0.42,7.48,293.73,101252.7,101272.8,0.0,0.0,dec_20260711T124122566792
t04_00028,4,2024-04-26 07:00:00+00:00,2024-04-26 09:00:00+00:00,LONG,,CONTINUATION,0.86341,0.712885,0.003,0.002915,303.82,0.1,2335.908,2306.3841,2394.9559,2343.285,TIMEOUT,0.242808,0.199493,73.77,60.61,0.7,13.16,295.24,101272.8,101333.41,0.0,0.0,dec_20260711T124122943590
t04_00029,4,2024-04-30 18:00:00+00:00,2024-04-30 20:00:00+00:00,LONG,,LIQUIDITY_SWEEP,0.584143,0.793303,0.003,0.002961,304.0,0.08,2295.2505,2257.7441,2370.2634,2293.005,TIMEOUT,-0.059092,-0.093066,-17.96,-28.29,0.56,10.33,300.05,101333.41,101305.12,0.000279,0.000279,dec_20260711T124123136829
t04_00030,4,2024-05-01 16:00:00+00:00,2024-05-01 18:00:00+00:00,LONG,,CONTINUATION,0.887467,0.682532,0.0025,0.00241,253.26,0.09,2302.133,2275.003,2356.393,2307.28,TIMEOUT,0.182907,0.138628,46.32,35.11,0.63,11.21,244.17,101305.12,101340.23,0.0,0.0,dec_20260711T124123206635
t04_00031,4,2024-05-01 19:00:00+00:00,2024-05-01 21:00:00+00:00,LONG,,CONTINUATION,0.877637,0.755796,0.0025,0.002309,253.35,0.07,2307.9605,2274.5355,2374.8105,2325.23,TIMEOUT,0.477152,0.44093,120.89,111.71,0.49,9.18,233.97,101340.23,101451.94,0.0,0.0,dec_20260711T124123218861
t04_00032,4,2024-05-06 08:00:00+00:00,2024-05-06 10:00:00+00:00,LONG,,CONTINUATION,0.909178,0.878369,0.0025,0.002193,253.63,0.07,2311.9655,2280.1859,2375.5248,2321.0365,TIMEOUT,0.250353,0.213342,63.5,54.11,0.49,9.39,222.46,101451.94,101506.05,0.0,0.0,dec_20260711T124123406061
t04_00033,4,2024-05-06 09:00:00+00:00,2024-05-06 11:00:00+00:00,LONG,,CONTINUATION,0.823438,0.652494,0.0025,0.002428,253.77,0.08,2314.408,2283.5994,2376.0251,2318.28,TIMEOUT,0.122063,0.082153,30.98,20.85,0.56,10.13,246.47,101506.05,101526.89,0.0,0.0,dec_20260711T124123410458
t04_00034,4,2024-05-09 15:00:00+00:00,2024-05-09 17:00:00+00:00,LONG,,CONTINUATION,0.937256,0.88841,0.0025,0.002282,253.82,0.08,2321.933,2292.971,2379.8569,2333.37,TIMEOUT,0.360476,0.321204,91.5,81.53,0.56,9.97,231.7,101526.89,101608.42,0.0,0.0,dec_20260711T124123615317
t04_00035,4,2024-05-10 03:00:00+00:00,2024-05-10 05:00:00+00:00,LONG,,CONTINUATION,0.753054,0.75219,0.003,0.002755,304.83,0.07,2347.718,2307.7239,2427.7062,2351.42,TIMEOUT,0.085011,0.054791,25.91,16.7,0.49,9.21,279.96,101608.42,101625.12,0.0,0.0,dec_20260711T124123656848
t04_00036,4,2024-05-10 04:00:00+00:00,2024-05-10 06:00:00+00:00,LONG,,CONTINUATION,0.828162,0.683892,0.003,0.002964,304.88,0.08,2349.583,2311.93,2424.8891,2353.545,TIMEOUT,0.103962,0.068643,31.7,20.93,0.56,10.77,301.22,101625.12,101646.05,0.0,0.0,dec_20260711T124123661229
t04_00037,4,2024-05-15 10:00:00+00:00,2024-05-15 12:00:00+00:00,LONG,,CONTINUATION,0.902076,0.858518,0.003,0.002825,304.94,0.15,2361.228,2342.0832,2399.5176,2369.285,TIMEOUT,0.396324,0.335033,120.85,102.16,1.05,18.69,287.17,101646.05,101748.22,0.0,0.0,dec_20260711T124123857123
t04_00038,4,2024-05-15 11:00:00+00:00,2024-05-15 13:00:00+00:00,LONG,,CONTINUATION,0.835341,0.708613,0.003,0.002928,305.24,0.15,2364.828,2344.9678,2404.5484,2364.29,TIMEOUT,-0.026438,-0.090863,-8.07,-27.74,1.05,19.66,297.9,101748.22,101720.48,0.000273,0.000273,dec_20260711T124123861766
t04_00039,4,2024-05-17 14:00:00+00:00,2024-05-17 16:00:00+00:00,LONG,,CONTINUATION,0.905262,0.849104,0.0025,0.002412,254.3,0.11,2389.1705,2366.8696,2433.7723,2404.7755,TIMEOUT,0.67501,0.620031,171.66,157.67,0.77,13.98,245.31,101720.48,101878.16,0.0,0.0,dec_20260711T124123985802
t04_00040,4,2024-05-17 15:00:00+00:00,2024-05-17 17:00:00+00:00,LONG,,CONTINUATION,0.945056,0.938324,0.0025,0.002379,254.7,0.09,2392.173,2365.2398,2446.0394,2413.445,TIMEOUT,0.751661,0.705159,191.45,179.6,0.63,11.84,242.4,101878.16,102057.76,0.0,0.0,dec_20260711T124123990335
t04_00041,4,2024-05-20 03:00:00+00:00,2024-05-20 05:00:00+00:00,LONG,,CONTINUATION,0.920892,0.777627,0.003,0.002736,306.17,0.06,2423.4505,2376.9103,2516.5309,2434.97,TIMEOUT,0.225747,0.201231,69.12,61.61,0.42,7.51,279.24,102057.76,102119.37,0.0,0.0,dec_20260711T124123999094
t04_00042,4,2024-05-27 14:00:00+00:00,2024-05-27 16:00:00+00:00,LONG,,CONTINUATION,0.880564,0.867619,0.0025,0.002403,255.3,0.11,2345.6155,2323.3067,2390.233,2354.945,TIMEOUT,0.401976,0.348075,102.62,88.86,0.77,13.76,245.4,102119.37,102208.24,0.0,0.0,dec_20260711T124124447023
t04_00043,4,2024-05-27 15:00:00+00:00,2024-05-27 17:00:00+00:00,LONG,,CONTINUATION,0.895053,0.864707,0.0025,0.002417,255.52,0.1,2346.793,2322.0919,2396.1951,2354.169,TIMEOUT,0.288666,0.237946,73.76,60.8,0.7,12.96,247.01,102208.24,102269.04,0.0,0.0,dec_20260711T124124451848
t04_00044,4,2024-06-03 17:00:00+00:00,2024-06-03 19:00:00+00:00,LONG,,CONTINUATION,0.853303,0.65833,0.0025,0.002334,255.67,0.07,2338.2105,2304.11,2406.4116,2348.755,TIMEOUT,0.288698,0.252804,73.81,64.63,0.49,9.18,238.7,102269.04,102333.67,0.0,0.0,dec_20260711T124124854808
t04_00045,4,2024-06-05 15:00:00+00:00,2024-06-05 17:00:00+00:00,LONG,,CONTINUATION,0.89576,0.79156,0.0025,0.002449,255.83,0.09,2337.8905,2310.0475,2393.5766,2351.345,TIMEOUT,0.473324,0.427555,121.09,109.38,0.63,11.71,250.59,102333.67,102443.05,0.0,0.0,dec_20260711T124125035933
t04_00046,4,2024-06-05 16:00:00+00:00,2024-06-05 18:00:00+00:00,LONG,,CONTINUATION,0.860352,0.690948,0.0025,0.002457,256.11,0.08,2342.748,2311.2789,2405.6862,2353.72,TIMEOUT,0.342728,0.30162,87.78,77.25,0.56,10.53,251.75,102443.05,102520.3,0.0,0.0,dec_20260711T124125040785
t04_00047,4,2024-06-06 02:00:00+00:00,2024-06-06 04:00:00+00:00,LONG,,CONTINUATION,0.941363,0.922315,0.003,0.002741,307.56,0.09,2357.633,2326.4057,2420.0876,2368.464,TIMEOUT,0.316943,0.276092,97.48,84.91,0.63,12.56,281.05,102520.3,102605.21,0.0,0.0,dec_20260711T124125045689
t04_00048,4,2024-06-06 04:00:00+00:00,2024-06-06 06:00:00+00:00,LONG,,CONTINUATION,0.917647,0.828078,0.003,0.002733,307.82,0.08,2362.2005,2327.1487,2432.3041,2368.43,TIMEOUT,0.1619,0.127568,49.84,39.27,0.56,10.57,280.41,102605.21,102644.48,0.0,0.0,dec_20260711T124125055249
t04_00049,4,2024-06-07 17:00:00+00:00,2024-06-07 19:00:00+00:00,SHORT,,CONTINUATION,0.406589,0.74398,0.0025,0.002172,256.61,0.03,2310.0085,2384.3124,2161.4006,2310.1,TIMEOUT,-0.00107,-0.016338,-0.27,-4.19,0.21,3.92,222.91,102644.48,102640.29,4.1e-05,4.1e-05,dec_20260711T124125123369
t04_00050,4,2024-06-12 15:00:00+00:00,2024-06-12 17:00:00+00:00,LONG,,CONTINUATION,0.908163,0.930579,0.003,0.002782,307.92,0.11,2319.7655,2293.8069,2371.6826,2330.3805,TIMEOUT,0.379206,0.333265,116.76,102.62,0.77,14.15,285.54,102640.29,102742.91,0.0,0.0,dec_20260711T124125379632
t04_00051,4,2024-06-14 11:00:00+00:00,2024-06-14 13:00:00+00:00,LONG,,CONTINUATION,0.908652,0.800349,0.0025,0.002344,256.86,0.11,2316.9705,2295.0809,2360.7498,2330.595,TIMEOUT,0.583468,0.529894,149.87,136.11,0.77,13.76,240.79,102742.91,102879.02,0.0,0.0,dec_20260711T124125526916
t04_00052,4,2024-06-14 12:00:00+00:00,2024-06-14 14:00:00+00:00,LONG,,CONTINUATION,0.928704,0.910442,0.0025,0.002412,257.2,0.1,2320.6205,2295.8082,2370.2451,2331.15,TIMEOUT,0.40939,0.359195,105.3,92.39,0.7,12.91,248.12,102879.02,102971.4,0.0,0.0,dec_20260711T124125531866
t04_00053,4,2024-06-20 07:00:00+00:00,2024-06-20 09:00:00+00:00,LONG,,CONTINUATION,0.776722,0.706269,0.003,0.002859,308.91,0.14,2337.8955,2316.865,2379.9566,2341.3,TIMEOUT,0.154294,0.094426,47.66,29.17,0.98,18.49,294.43,102971.4,103000.57,0.0,0.0,dec_20260711T124125817278
t04_00054,4,2024-06-20 16:00:00+00:00,2024-06-20 18:00:00+00:00,LONG,,CONTINUATION,0.940598,0.877054,0.003,0.002874,309.0,0.08,2344.6355,2307.6296,2418.6473,2355.04,TIMEOUT,0.269372,0.236207,83.24,72.99,0.56,10.25,296.05,103000.57,103073.56,0.0,0.0,dec_20260711T124125858789
t04_00055,4,2024-06-27 13:00:00+00:00,2024-06-27 15:00:00+00:00,LONG,,CONTINUATION,0.855741,0.74048,0.0025,0.002387,257.68,0.12,2314.523,2294.0203,2355.5284,2323.115,TIMEOUT,0.400124,0.340702,103.1,87.79,0.84,15.31,246.03,103073.56,103161.35,0.0,0.0,dec_20260711T124126304973
t04_00056,4,2024-06-27 14:00:00+00:00,2024-06-27 16:00:00+00:00,LONG,,CONTINUATION,0.771089,0.745471,0.0025,0.00238,257.9,0.11,2316.7855,2294.4675,2361.4216,2324.4275,TIMEOUT,0.325948,0.271311,84.06,69.97,0.77,14.09,245.5,103161.35,103231.32,0.0,0.0,dec_20260711T124126310079
t04_00057,4,2024-07-03 08:00:00+00:00,2024-07-03 10:00:00+00:00,LONG,,CONTINUATION,0.93687,0.900198,0.0025,0.002336,258.08,0.12,2335.104,2315.0079,2375.2961,2345.42,TIMEOUT,0.479665,0.420242,123.79,108.46,0.84,15.34,241.15,103231.32,103339.78,0.0,0.0,dec_20260711T124126635131
t04_00058,4,2024-07-10 09:00:00+00:00,2024-07-10 11:00:00+00:00,LONG,,CONTINUATION,0.865443,0.862429,0.0025,0.002395,258.35,0.15,2369.0405,2352.5384,2402.0448,2372.87,TIMEOUT,0.222344,0.147387,57.44,38.08,1.05,19.36,247.53,103339.78,103377.86,0.0,0.0,dec_20260711T124127114491
t04_00059,4,2024-07-10 12:00:00+00:00,2024-07-10 14:00:00+00:00,LONG,,CONTINUATION,0.795593,0.769453,0.0025,0.002421,258.44,0.18,2373.468,2359.5635,2401.2769,2378.355,TIMEOUT,0.340373,0.251501,87.97,65.0,1.26,22.97,250.28,103377.86,103442.85,0.0,0.0,dec_20260711T124127125050
t04_00060,4,2024-07-11 04:00:00+00:00,2024-07-11 06:00:00+00:00,LONG,,CONTINUATION,0.84501,0.703772,0.003,0.002866,310.33,0.14,2374.838,2353.6644,2417.1851,2378.735,TIMEOUT,0.175806,0.116437,54.56,36.13,0.98,18.42,296.43,103442.85,103478.99,0.0,0.0,dec_20260711T124127140249
t04_00061,4,2024-07-16 08:00:00+00:00,2024-07-16 10:00:00+00:00,LONG,,CONTINUATION,0.829666,0.702435,0.003,0.002814,310.44,0.12,2429.903,2405.6393,2478.4305,2437.03,TIMEOUT,0.275493,0.225783,85.52,70.09,0.84,15.43,291.17,103478.99,103549.08,0.0,0.0,dec_20260711T124127463300
t04_00062,4,2024-07-16 09:00:00+00:00,2024-07-16 11:00:00+00:00,LONG,,CONTINUATION,0.77639,0.656189,0.003,0.002971,310.65,0.13,2432.573,2408.9114,2479.8962,2436.635,TIMEOUT,0.169986,0.116169,52.81,36.09,0.91,16.72,307.6,103549.08,103585.17,0.0,0.0,dec_20260711T124127468824
t04_00063,4,2024-07-23 11:00:00+00:00,2024-07-23 13:00:00+00:00,LONG,,CONTINUATION,0.833643,0.767945,0.0025,0.002414,258.96,0.1,2398.5305,2373.5205,2448.5505,2407.695,TIMEOUT,0.353896,0.304815,91.64,78.93,0.7,12.71,250.1,103585.17,103664.1,0.0,0.0,dec_20260711T124127941055
t04_00064,4,2024-07-24 16:00:00+00:00,2024-07-24 18:00:00+00:00,LONG,,CONTINUATION,0.817266,0.744752,0.003,0.002822,310.99,0.11,2422.0705,2395.4753,2475.2609,2424.8175,TIMEOUT,0.097164,0.052207,30.22,16.24,0.77,13.98,292.55,103664.1,103680.34,0.0,0.0,dec_20260711T124128068710
t04_00065,4,2024-07-26 15:00:00+00:00,2024-07-26 17:00:00+00:00,LONG,,CONTINUATION,0.929648,0.904403,0.0025,0.002337,259.2,0.08,2373.9055,2343.6218,2434.473,2381.98,TIMEOUT,0.249213,0.209985,64.6,54.43,0.56,10.17,242.27,103680.34,103734.77,0.0,0.0,dec_20260711T124128267587
t04_00066,4,2024-07-26 16:00:00+00:00,2024-07-26 18:00:00+00:00,LONG,,CONTINUATION,0.854023,0.670441,0.0025,0.002305,259.34,0.08,2378.143,2348.2528,2437.9234,2385.225,TIMEOUT,0.218462,0.180026,56.66,46.69,0.56,9.97,239.12,103734.77,103781.45,0.0,0.0,dec_20260711T124128273339
t04_00067,4,2024-08-02 03:00:00+00:00,2024-08-02 05:00:00+00:00,LONG,,CONTINUATION,0.905329,0.878409,0.003,0.002664,311.34,0.07,2446.4605,2406.9637,2525.4541,2455.64,TIMEOUT,0.206387,0.177136,64.26,55.15,0.49,9.11,276.48,103781.45,103836.6,0.0,0.0,dec_20260711T124128694206
t04_00068,4,2024-08-02 04:00:00+00:00,2024-08-02 06:00:00+00:00,LONG,,PULLBACK,0.867395,0.76506,0.003,0.002917,311.51,0.08,2449.6755,2411.8144,2525.3976,2454.54,TIMEOUT,0.124927,0.091772,38.92,28.59,0.56,10.33,302.89,103836.6,103865.19,0.0,0.0,dec_20260711T124128699970
t04_00069,4,2024-08-08 13:00:00+00:00,2024-08-08 15:00:00+00:00,LONG,,CONTINUATION,0.942269,0.935693,0.0025,0.002393,259.66,0.09,2396.858,2369.236,2452.1019,2408.095,TIMEOUT,0.389482,0.346295,101.13,89.92,0.63,11.21,248.6,103865.19,103955.11,0.0,0.0,dec_20260711T124129078809
t04_00070,4,2024-08-08 14:00:00+00:00,2024-08-08 16:00:00+00:00,LONG,,CONTINUATION,0.874269,0.719964,0.0025,0.002259,259.89,0.08,2405.9355,2376.5755,2464.6555,2414.17,TIMEOUT,0.253476,0.214352,65.88,55.71,0.56,10.17,234.88,103955.11,104010.82,0.0,0.0,dec_20260711T124129084797
t04_00071,4,2024-08-12 20:00:00+00:00,2024-08-12 22:00:00+00:00,LONG,,CONTINUATION,0.890034,0.766639,0.003,0.002775,312.03,0.08,2463.781,2427.6962,2535.9506,2470.505,TIMEOUT,0.172394,0.139781,53.79,43.62,0.56,10.18,288.68,104010.82,104054.43,0.0,0.0,dec_20260711T124129286632
t04_00072,4,2024-08-13 01:00:00+00:00,2024-08-13 03:00:00+00:00,SHORT,,LIQUIDITY_SWEEP,0.387625,0.72342,0.003,0.002716,312.16,0.09,2469.984,2501.3876,2407.1769,2472.145,TIMEOUT,-0.062305,-0.098978,-19.45,-30.9,0.63,11.45,282.63,104054.43,104023.54,0.000297,0.000297,dec_20260711T124129304286
t04_00073,4,2024-08-16 09:00:00+00:00,2024-08-16 11:00:00+00:00,LONG,,CONTINUATION,0.856208,0.841839,0.0025,0.002406,260.06,0.14,2456.346,2438.4705,2492.0971,2462.385,TIMEOUT,0.325102,0.256087,84.55,66.6,0.98,17.95,250.26,104023.54,104090.14,0.0,0.0,dec_20260711T124129669955
t04_00074,4,2024-08-16 12:00:00+00:00,2024-08-16 14:00:00+00:00,LONG,,CONTINUATION,0.743572,0.748811,0.0025,0.00246,260.23,0.12,2462.9885,2441.6485,2505.6685,2472.22,TIMEOUT,0.425693,0.367267,110.78,95.57,0.84,15.2,256.08,104090.14,104185.71,0.0,0.0,dec_20260711T124129687142
t04_00075,4,2024-08-23 10:00:00+00:00,2024-08-23 12:00:00+00:00,LONG,,CONTINUATION,0.858162,0.812246,0.0025,0.002456,260.46,0.15,2493.645,2476.5879,2527.7593,2498.975,TIMEOUT,0.306957,0.233817,79.95,60.9,1.05,19.05,255.86,104185.71,104246.61,0.0,0.0,dec_20260711T124130184001
t04_00076,4,2024-08-23 11:00:00+00:00,2024-08-23 13:00:00+00:00,LONG,,CONTINUATION,0.774039,0.725715,0.0025,0.002461,260.62,0.15,2494.0698,2476.969,2528.2712,2499.03,TIMEOUT,0.285487,0.212421,74.4,55.36,1.05,19.04,256.51,104246.61,104301.97,0.0,0.0,dec_20260711T124130190128
t04_00077,4,2024-08-26 10:00:00+00:00,2024-08-26 12:00:00+00:00,LONG,,PULLBACK,0.887794,0.795039,0.003,0.002963,312.91,0.16,2515.6722,2496.354,2554.3087,2525.04,TIMEOUT,0.479,0.414343,149.88,129.65,1.12,20.23,309.09,104301.97,104431.62,0.0,0.0,dec_20260711T124130241194
t04_00078,4,2024-08-27 07:00:00+00:00,2024-08-27 09:00:00+00:00,LONG,,RANGE_EDGE_REJECTION,0.812016,0.701499,0.0021,0.00206,219.31,0.1,2509.6797,2488.1696,2552.7001,2514.9,TIMEOUT,0.238031,0.179689,52.2,39.41,0.7,12.79,215.1,104431.62,104471.03,0.0,0.0,dec_20260711T124130349081
t04_00079,4,2024-09-04 13:00:00+00:00,2024-09-04 15:00:00+00:00,LONG,,RANGE_EDGE_REJECTION,0.859696,0.697935,0.0021,0.002074,219.39,0.08,2482.2648,2455.1756,2536.443,2486.57,TIMEOUT,0.15699,0.111427,34.44,24.45,0.56,10.0,216.71,104471.03,104495.48,0.0,0.0,dec_20260711T124131105394
t04_00080,4,2024-09-05 10:00:00+00:00,2024-09-05 12:00:00+00:00,LONG,,CONTINUATION,0.92876,0.863742,0.003,0.002947,313.49,0.15,2504.9947,2484.4626,2546.059,2515.54,TIMEOUT,0.504574,0.445265,158.18,139.59,1.05,18.59,307.98,104495.48,104635.06,0.0,0.0,dec_20260711T124131192619
t04_00081,4,2024-09-05 11:00:00+00:00,2024-09-05 13:00:00+00:00,LONG,,CONTINUATION,0.8148,0.813134,0.003,0.002927,313.91,0.14,2507.0622,2485.1844,2550.818,2516.33,TIMEOUT,0.41333,0.356935,129.75,112.05,0.98,17.7,306.29,104635.06,104747.11,0.0,0.0,dec_20260711T124131199005
t04_00082,4,2024-09-11 08:00:00+00:00,2024-09-11 10:00:00+00:00,LONG,,CONTINUATION,0.899065,0.881374,0.003,0.002995,314.24,0.18,2520.2343,2502.8041,2555.0946,2521.495,TIMEOUT,0.072217,0.000129,22.69,0.04,1.26,22.65,313.74,104747.11,104747.15,0.0,0.0,dec_20260711T124131606347
t04_00083,4,2024-09-11 09:00:00+00:00,2024-09-11 11:00:00+00:00,LONG,,CONTINUATION,0.612712,0.791433,0.003,0.002937,314.24,0.19,2521.9365,2505.7431,2554.3233,2524.33,TIMEOUT,0.144719,0.067749,45.48,21.29,1.33,24.19,307.67,104747.15,104768.44,0.0,0.0,dec_20260711T124131612801
t04_00084,4,2024-09-12 13:00:00+00:00,2024-09-12 14:00:00+00:00,LONG,,CONTINUATION,0.918934,0.917918,0.0025,0.002349,261.92,0.15,2519.4315,2503.024,2552.2465,2552.2465,TP_HIT,1.879295,1.806964,492.23,473.28,1.05,18.95,246.11,104768.44,105241.72,0.0,0.0,dec_20260711T124131672444
t04_00085,4,2024-09-12 15:00:00+00:00,2024-09-12 17:00:00+00:00,LONG,,CONTINUATION,0.935294,0.971345,0.0025,0.002245,263.1,0.08,2520.139,2490.6113,2579.1944,2553.415,TIMEOUT,1.011813,0.973561,266.21,256.14,0.56,10.06,236.22,105241.72,105497.86,0.0,0.0,dec_20260711T124131684773
t04_00086,4,2024-09-13 03:00:00+00:00,2024-09-13 05:00:00+00:00,LONG,,CONTINUATION,0.806267,0.789254,0.003,0.002966,316.49,0.07,2559.1367,2514.431,2648.5482,2565.385,TIMEOUT,0.138196,0.108039,43.74,34.19,0.49,9.54,312.94,105497.86,105532.06,0.0,0.0,dec_20260711T124131697230
t04_00087,4,2024-09-16 05:00:00+00:00,2024-09-16 07:00:00+00:00,LONG,,CONTINUATION,0.76555,0.672646,0.003,0.002787,316.6,0.13,2582.3365,2559.7124,2627.5847,2585.79,TIMEOUT,0.141805,0.090355,44.9,28.61,0.91,16.29,294.11,105532.06,105560.66,0.0,0.0,dec_20260711T124131812385
t04_00088,4,2024-09-18 22:00:00+00:00,2024-09-19 01:00:00+00:00,LONG,,CONTINUATION,0.798838,0.930708,0.0025,0.002215,263.9,0.06,2576.2233,2537.2542,2654.1615,2559.3,TIMEOUT,-0.384767,-0.414248,-101.54,-109.32,0.42,7.78,233.81,105560.66,105451.34,0.001036,0.001036,dec_20260711T124132127509
t04_00089,4,2024-09-20 04:00:00+00:00,2024-09-20 06:00:00+00:00,LONG,,CONTINUATION,0.745403,0.720112,0.003,0.002901,316.35,0.11,2588.7315,2560.9231,2644.3483,2591.4375,TIMEOUT,0.094092,0.04948,29.77,15.65,0.77,14.11,305.89,105451.34,105467.0,0.0,0.000887,dec_20260711T124132265939
t04_00090,4,2024-09-23 15:00:00+00:00,2024-09-23 17:00:00+00:00,LONG,,CONTINUATION,0.817095,0.875684,0.003,0.002933,316.4,0.1,2624.724,2593.7903,2686.5915,2630.41,TIMEOUT,0.179709,0.139949,56.86,44.28,0.7,12.58,309.34,105467.0,105511.28,0.0,0.000468,dec_20260711T124132449127
t04_00091,4,2024-09-24 18:00:00+00:00,2024-09-24 20:00:00+00:00,LONG,,CONTINUATION,0.89067,0.714541,0.003,0.002858,316.53,0.08,2644.2015,2606.5106,2719.5833,2654.075,TIMEOUT,0.249543,0.218381,78.99,69.12,0.56,9.86,301.53,105511.28,105580.4,0.0,0.0,dec_20260711T124132594066
t04_00092,4,2024-09-25 04:00:00+00:00,2024-09-25 06:00:00+00:00,LONG,,CONTINUATION,0.649055,0.70197,0.003,0.002831,316.74,0.08,2661.4515,2624.0919,2736.1708,2661.495,TIMEOUT,0.001099,-0.031306,0.35,-9.92,0.56,10.26,298.88,105580.4,105570.48,9.4e-05,9.4e-05,dec_20260711T124132649394
t04_00093,4,2024-10-01 13:00:00+00:00,2024-10-01 15:00:00+00:00,LONG,,CONTINUATION,0.73838,0.74655,0.0025,0.002466,263.93,0.13,2649.324,2629.2945,2689.3829,2651.545,TIMEOUT,0.109396,0.047433,28.87,12.52,0.91,16.35,260.38,105570.48,105583.0,0.0,0.0,dec_20260711T124133187770
t04_00094,4,2024-10-01 14:00:00+00:00,2024-10-01 16:00:00+00:00,LONG,,CONTINUATION,0.939425,0.942657,0.0025,0.00237,263.96,0.11,2650.9865,2628.2399,2696.4797,2667.96,TIMEOUT,0.707336,0.654703,186.71,172.82,0.77,13.89,250.21,105583.0,105755.82,0.0,0.0,dec_20260711T124133194608
t04_00095,4,2024-10-04 05:00:00+00:00,2024-10-04 07:00:00+00:00,LONG,,CONTINUATION,0.903937,0.851297,0.0025,0.002282,264.39,0.09,2658.894,2632.0802,2712.5215,2664.09,TIMEOUT,0.176875,0.133371,46.76,35.26,0.63,11.5,241.32,105755.82,105791.08,0.0,0.0,dec_20260711T124133461724
t04_00096,4,2024-10-10 04:00:00+00:00,2024-10-10 06:00:00+00:00,LONG,,RANGE_EDGE_REJECTION,0.823734,0.68167,0.0021,0.001951,222.16,0.09,2609.944,2587.0054,2655.8211,2611.78,TIMEOUT,0.074379,0.022605,16.52,5.02,0.63,11.5,206.45,105791.08,105796.1,0.0,0.0,dec_20260711T124133946458
t04_00097,4,2024-10-11 05:00:00+00:00,2024-10-11 07:00:00+00:00,LONG,,CONTINUATION,0.880452,0.698909,0.003,0.002736,317.39,0.09,2638.4365,2606.2786,2702.7522,2645.585,TIMEOUT,0.202705,0.166891,64.34,52.97,0.63,11.37,289.42,105796.1,105849.07,0.0,0.0,dec_20260711T124134066414
t04_00098,4,2024-10-14 08:00:00+00:00,2024-10-14 10:00:00+00:00,LONG,,CONTINUATION,0.554849,0.722862,0.003,0.002847,317.55,0.12,2659.834,2634.7226,2710.0569,2660.475,TIMEOUT,0.024223,-0.024072,7.69,-7.64,0.84,15.34,301.34,105849.07,105841.43,7.2e-05,7.2e-05,dec_20260711T124134219339
t04_00099,4,2024-10-22 16:00:00+00:00,2024-10-22 18:00:00+00:00,LONG,,CONTINUATION,0.831848,0.72052,0.003,0.002805,317.52,0.12,2736.8493,2712.1105,2786.3268,2737.64,TIMEOUT,0.029885,-0.017678,9.49,-5.61,0.84,15.1,296.86,105841.43,105835.81,5.3e-05,0.000125,dec_20260711T124135057151
t04_00100,4,2024-10-29 16:00:00+00:00,2024-10-29 18:00:00+00:00,LONG,,CONTINUATION,0.9059,0.779259,0.0016,0.00146,169.34,0.05,2755.4815,2724.5833,2817.2779,2766.83,TIMEOUT,0.33508,0.297788,56.74,50.43,0.35,6.31,154.49,105835.81,105886.24,0.0,0.0,dec_20260711T124135723949
t04_00101,4,2024-11-06 20:00:00+00:00,2024-11-06 22:00:00+00:00,SHORT,,CONTINUATION,0.336899,0.651331,0.003,0.002298,317.66,0.03,2662.7535,2743.8728,2500.5149,2660.67,TIMEOUT,0.019677,0.007654,6.25,2.43,0.21,3.82,243.36,105886.24,105888.67,0.0,0.0,dec_20260711T124136568514
t05_00001,5,2024-11-18 03:00:00+00:00,2024-11-18 05:00:00+00:00,LONG,,CONTINUATION,0.933182,0.90132,0.003,0.002954,300.0,0.09,2577.214,2544.3936,2642.8547,2589.9,TIMEOUT,0.38058,0.33984,114.17,101.95,0.63,12.22,295.38,100000.0,100101.95,0.0,0.0,dec_20260711T124136829772
t05_00002,5,2024-11-18 04:00:00+00:00,2024-11-18 06:00:00+00:00,LONG,,CONTINUATION,0.682726,0.691089,0.003,0.002803,300.31,0.08,2587.6467,2552.5714,2657.7975,2592.135,TIMEOUT,0.119563,0.085638,35.91,25.72,0.56,10.19,280.6,100101.95,100127.67,0.0,0.0,dec_20260711T124136832520
t05_00003,5,2024-11-21 05:00:00+00:00,2024-11-21 07:00:00+00:00,LONG,,CONTINUATION,0.779583,0.79961,0.003,0.002974,300.38,0.12,2654.2815,2629.4706,2703.9033,2656.945,TIMEOUT,0.106405,0.054751,31.96,16.45,0.84,15.52,297.73,100127.67,100144.12,0.0,0.0,dec_20260711T124136929359
t05_00004,5,2024-11-27 04:00:00+00:00,2024-11-27 06:00:00+00:00,LONG,,PULLBACK,0.859514,0.733805,0.0025,0.002451,250.36,0.08,2631.9815,2601.302,2693.3404,2638.995,TIMEOUT,0.224109,0.183112,56.11,45.84,0.56,10.26,245.44,100144.12,100189.96,0.0,0.0,dec_20260711T124137129199
t05_00005,5,2024-11-27 06:00:00+00:00,2024-11-27 08:00:00+00:00,LONG,,CONTINUATION,0.855258,0.814363,0.0025,0.00249,250.47,0.09,2638.4243,2610.7046,2693.8635,2647.795,TIMEOUT,0.336714,0.291134,84.34,72.92,0.63,11.42,249.48,100189.96,100262.88,0.0,0.0,dec_20260711T124137134830
t05_00006,5,2024-11-29 04:00:00+00:00,2024-11-29 06:00:00+00:00,LONG,,CONTINUATION,0.866173,0.810685,0.003,0.002884,300.79,0.12,2645.519,2621.4228,2693.7115,2659.95,TIMEOUT,0.575724,0.525137,173.17,157.96,0.84,15.22,289.16,100262.88,100420.84,0.0,0.0,dec_20260711T124137189068
t05_00007,5,2024-12-09 09:00:00+00:00,2024-12-09 11:00:00+00:00,LONG,,CONTINUATION,0.80619,0.674562,0.0025,0.002227,251.05,0.08,2644.4865,2616.5345,2700.3904,2655.64,TIMEOUT,0.355419,0.314535,89.23,78.96,0.56,10.26,223.62,100420.84,100499.8,0.0,0.0,dec_20260711T124137504674
t05_00008,5,2024-12-20 16:00:00+00:00,2024-12-20 18:00:00+00:00,LONG,,CONTINUATION,0.910526,0.872957,0.0025,0.002425,251.25,0.09,2610.244,2583.1602,2664.4115,2625.165,TIMEOUT,0.534484,0.488704,134.29,122.79,0.63,11.5,243.75,100499.8,100622.59,0.0,0.0,dec_20260711T124138012714
t05_00009,5,2024-12-20 17:00:00+00:00,2024-12-20 19:00:00+00:00,LONG,,CONTINUATION,0.881666,0.812126,0.0025,0.002293,251.56,0.08,2618.5865,2589.7486,2676.2622,2625.66,TIMEOUT,0.224948,0.184465,56.59,46.4,0.56,10.18,230.7,100622.59,100668.99,0.0,0.0,dec_20260711T124138016055
t05_00010,5,2024-12-23 08:00:00+00:00,2024-12-23 10:00:00+00:00,LONG,,CONTINUATION,0.687415,0.829517,0.003,0.002896,302.01,0.14,2627.4175,2606.5941,2669.0643,2629.985,TIMEOUT,0.119019,0.057134,35.94,17.25,0.98,18.69,291.53,100668.99,100686.25,0.0,0.0,dec_20260711T124138028216
t05_00011,5,2025-01-07 13:00:00+00:00,2025-01-07 15:00:00+00:00,LONG,,CONTINUATION,0.605907,0.851936,0.0025,0.002375,251.72,0.14,2644.574,2627.4897,2678.7426,2662.3525,TIMEOUT,0.988793,0.917158,248.9,230.87,0.98,18.03,239.18,100686.25,100917.11,0.0,0.0,dec_20260711T124138557457
t05_00012,5,2025-01-07 14:00:00+00:00,2025-01-07 16:00:00+00:00,LONG,,CONTINUATION,0.864637,0.843943,0.0025,0.002456,252.29,0.12,2649.1115,2628.4567,2690.4211,2658.575,TIMEOUT,0.450125,0.3891,113.56,98.17,0.84,15.4,247.86,100917.11,101015.28,0.0,0.0,dec_20260711T124138560972
t05_00013,5,2025-01-10 03:00:00+00:00,2025-01-10 05:00:00+00:00,LONG,,CONTINUATION,0.588791,0.671699,0.003,0.002821,303.05,0.15,2671.174,2652.1769,2709.1683,2673.735,TIMEOUT,0.126761,0.06103,38.41,18.49,1.05,19.92,284.96,101015.28,101033.77,0.0,0.0,dec_20260711T124138687251
t05_00014,5,2025-01-14 09:00:00+00:00,2025-01-14 11:00:00+00:00,LONG,,PULLBACK,0.690094,0.684002,0.0025,0.002445,252.58,0.14,2669.779,2652.1377,2705.0615,2667.33,TIMEOUT,-0.135743,-0.207689,-34.29,-52.46,0.98,18.17,246.98,101033.77,100981.32,0.000519,0.000519,dec_20260711T124138816066
t05_00015,5,2025-01-15 11:00:00+00:00,2025-01-15 13:00:00+00:00,LONG,,CONTINUATION,0.584006,0.719529,0.003,0.002959,302.94,0.16,2684.599,2665.9267,2721.9436,2686.84,TIMEOUT,0.11836,0.049277,35.86,14.93,1.12,20.93,298.76,100981.32,100996.24,0.0,0.000371,dec_20260711T124138878446
t05_00016,5,2025-01-16 04:00:00+00:00,2025-01-16 06:00:00+00:00,LONG,,CONTINUATION,0.711603,0.758755,0.003,0.002906,302.99,0.11,2696.799,2670.1211,2750.1547,2697.215,TIMEOUT,0.015103,-0.032747,4.58,-9.92,0.77,14.5,293.46,100996.24,100986.32,9.8e-05,0.00047,dec_20260711T124138927656
t05_00017,5,2025-01-24 03:00:00+00:00,2025-01-24 05:00:00+00:00,LONG,,CONTINUATION,0.918548,0.879226,0.0025,0.002291,252.47,0.08,2760.279,2731.3579,2818.1211,2772.46,TIMEOUT,0.385979,0.344215,97.45,86.9,0.56,10.54,231.37,100986.32,101073.23,0.0,0.0,dec_20260711T124139304520
t05_00018,5,2025-01-24 04:00:00+00:00,2025-01-24 06:00:00+00:00,LONG,,CONTINUATION,0.91098,0.871861,0.0025,0.002395,252.68,0.08,2762.974,2732.7194,2823.4833,2772.16,TIMEOUT,0.290834,0.249422,73.49,63.02,0.56,10.46,242.04,101073.23,101136.25,0.0,0.0,dec_20260711T124139308469
t05_00019,5,2025-01-28 19:00:00+00:00,2025-01-28 21:00:00+00:00,LONG,,CONTINUATION,0.648566,0.663612,0.0025,0.002472,252.84,0.12,2759.319,2738.4829,2800.9911,2764.8,TIMEOUT,0.260133,0.199003,65.77,50.32,0.84,15.46,250.03,101136.25,101186.57,0.0,0.0,dec_20260711T124139435619
t05_00020,5,2025-01-30 10:00:00+00:00,2025-01-30 12:00:00+00:00,LONG,,CONTINUATION,0.738873,0.685616,0.003,0.002907,303.56,0.14,2769.829,2748.8181,2811.8508,2778.33,TIMEOUT,0.392061,0.331737,119.01,100.7,0.98,18.31,294.15,101186.57,101287.27,0.0,0.0,dec_20260711T124139543203
t05_00021,5,2025-02-03 16:00:00+00:00,2025-02-03 18:00:00+00:00,LONG,,CONTINUATION,0.898081,0.852307,0.0025,0.002451,253.22,0.06,2811.7365,2770.354,2894.5015,2814.185,TIMEOUT,0.058017,0.02809,14.69,7.11,0.42,7.58,248.29,101287.27,101294.38,0.0,0.0,dec_20260711T124139712258
t05_00022,5,2025-02-10 03:00:00+00:00,2025-02-10 05:00:00+00:00,LONG,,CONTINUATION,0.762481,0.737404,0.003,0.002734,303.88,0.07,2868.6165,2829.0501,2947.7494,2875.6,TIMEOUT,0.160868,0.129471,48.88,39.34,0.49,9.54,276.97,101294.38,101333.72,0.0,0.0,dec_20260711T124140022625
t05_00023,5,2025-02-13 05:00:00+00:00,2025-02-13 07:00:00+00:00,LONG,,CONTINUATION,0.847069,0.822282,0.0025,0.002449,253.33,0.07,2909.5065,2874.0613,2980.3969,2918.035,TIMEOUT,0.235659,0.197997,59.7,50.16,0.49,9.54,248.12,101333.72,101383.88,0.0,0.0,dec_20260711T124140269858
t05_00024,5,2025-02-19 11:00:00+00:00,2025-02-19 13:00:00+00:00,LONG,,CONTINUATION,0.74206,0.726042,0.003,0.002818,304.15,0.11,2939.3265,2913.3579,2991.2636,2935.11,TIMEOUT,-0.152495,-0.199982,-46.38,-60.82,0.77,14.44,285.65,101383.88,101323.06,0.0006,0.0006,dec_20260711T124140579611
t05_00025,5,2025-02-25 10:00:00+00:00,2025-02-25 12:00:00+00:00,LONG,,FAILED_BREAKOUT,0.829413,0.831612,0.0021,0.001902,212.78,0.08,2932.3418,2908.2585,2980.5082,2937.475,TIMEOUT,0.192997,0.143237,41.07,30.48,0.56,10.59,192.67,101323.06,101353.54,0.0,0.000299,dec_20260711T124140875286
t05_00026,5,2025-03-03 17:00:00+00:00,2025-03-03 19:00:00+00:00,LONG,,CONTINUATION,0.891578,0.848949,0.0025,0.002336,253.38,0.08,2877.889,2848.2953,2937.0765,2890.865,TIMEOUT,0.409693,0.367764,103.81,93.18,0.56,10.62,236.75,101353.54,101446.72,0.0,0.0,dec_20260711T124141218533
t05_00027,5,2025-03-06 02:00:00+00:00,2025-03-06 04:00:00+00:00,LONG,,PULLBACK,0.697767,0.690313,0.003,0.002993,304.34,0.08,2918.9615,2881.012,2994.8604,2925.545,TIMEOUT,0.173056,0.135388,52.67,41.2,0.56,11.46,303.6,101446.72,101487.92,0.0,0.0,dec_20260711T124141408632
t05_00028,5,2025-03-12 18:00:00+00:00,2025-03-12 20:00:00+00:00,LONG,,CONTINUATION,0.815895,0.696076,0.003,0.002898,304.46,0.08,2925.9715,2889.2092,2999.4961,2935.695,TIMEOUT,0.255495,0.220469,77.79,67.12,0.56,10.66,294.1,101487.92,101555.05,0.0,0.0,dec_20260711T124141799493
t05_00029,5,2025-03-13 04:00:00+00:00,2025-03-13 06:00:00+00:00,LONG,,CONTINUATION,0.818204,0.745489,0.003,0.002724,304.67,0.08,2939.3665,2904.786,3008.5276,2945.14,TIMEOUT,0.1516,0.115811,46.19,35.28,0.56,10.9,276.64,101555.05,101590.33,0.0,0.0,dec_20260711T124141837240
t05_00030,5,2025-03-19 07:00:00+00:00,2025-03-19 09:00:00+00:00,LONG,,CONTINUATION,0.655542,0.65094,0.003,0.002799,304.77,0.13,3036.9515,3015.0799,3080.6947,3039.04,TIMEOUT,0.089085,0.030946,27.15,9.43,0.91,17.72,284.33,101590.33,101599.76,0.0,0.0,dec_20260711T124142200174
t05_00031,5,2025-03-19 08:00:00+00:00,2025-03-19 10:00:00+00:00,LONG,,CONTINUATION,0.739625,0.783773,0.003,0.002997,304.8,0.14,3037.1815,3015.4319,3080.6808,3035.2275,TIMEOUT,-0.089751,-0.152356,-27.36,-46.44,0.98,19.08,304.5,101599.76,101553.33,0.000457,0.000457,dec_20260711T124142205031
t05_00032,5,2025-03-25 17:00:00+00:00,2025-03-25 19:00:00+00:00,LONG,,CONTINUATION,0.668012,0.677302,0.0025,0.002217,253.88,0.07,3027.4815,2995.3179,3091.8086,3022.895,TIMEOUT,-0.126459,-0.163213,-32.11,-41.44,0.49,9.33,225.14,101553.33,101511.89,0.000408,0.000865,dec_20260711T124142517635
t05_00033,5,2025-03-27 12:00:00+00:00,2025-03-27 14:00:00+00:00,LONG,,CONTINUATION,0.810521,0.86941,0.0016,0.001286,162.42,0.04,3038.699,3006.0538,3103.9894,3054.655,TIMEOUT,0.392957,0.360251,63.82,58.51,0.28,5.31,130.58,101511.89,101570.4,0.0,0.000289,dec_20260711T124142661088
t05_00034,5,2025-03-28 08:00:00+00:00,2025-03-28 10:00:00+00:00,LONG,,CONTINUATION,0.77879,0.718344,0.003,0.002781,304.71,0.09,3076.5515,3045.1708,3139.3129,3076.8465,TIMEOUT,0.008713,-0.033022,2.66,-10.06,0.63,12.72,282.43,101570.4,101560.34,9.9e-05,0.000388,dec_20260711T124142744892
t05_00035,5,2025-03-31 08:00:00+00:00,2025-03-31 10:00:00+00:00,LONG,,CONTINUATION,0.839086,0.741084,0.003,0.002806,304.68,0.06,3113.949,3066.4536,3208.9397,3124.435,TIMEOUT,0.206499,0.179559,62.92,54.71,0.42,8.21,284.97,101560.34,101615.05,0.0,0.0,dec_20260711T124142825580
t05_00036,5,2025-04-01 05:00:00+00:00,2025-04-01 07:00:00+00:00,LONG,,CONTINUATION,0.868073,0.737385,0.003,0.00296,304.85,0.08,3136.059,3098.4647,3211.2476,3144.76,TIMEOUT,0.228335,0.193223,69.61,58.9,0.56,10.7,300.75,101615.05,101673.95,0.0,0.0,dec_20260711T124142907028
t05_00037,5,2025-04-03 01:00:00+00:00,2025-04-03 03:00:00+00:00,LONG,,CONTINUATION,0.717079,0.801041,0.0025,0.002037,254.18,0.04,3141.9665,3090.1963,3245.5069,3151.245,TIMEOUT,0.146015,0.125352,37.11,31.86,0.28,5.25,207.08,101673.95,101705.81,0.0,0.0,dec_20260711T124143063211
t05_00038,5,2025-04-09 12:00:00+00:00,2025-04-09 14:00:00+00:00,LONG,,CONTINUATION,0.68798,0.809045,0.0025,0.00234,254.26,0.03,3044.7065,2965.3754,3203.3686,3066.655,TIMEOUT,0.258969,0.243359,65.85,61.88,0.21,3.97,237.99,101705.81,101767.69,0.0,0.0,dec_20260711T124143478224
t05_00039,5,2025-04-10 13:00:00+00:00,2025-04-10 15:00:00+00:00,LONG,,CONTINUATION,0.785788,0.772113,0.003,0.002973,305.3,0.04,3117.3615,3041.7176,3268.6494,3123.0625,TIMEOUT,0.074694,0.05736,22.8,17.51,0.28,5.29,302.58,101767.69,101785.2,0.0,0.0,dec_20260711T124143567331
t05_00040,5,2025-04-10 14:00:00+00:00,2025-04-10 16:00:00+00:00,LONG,,CONTINUATION,0.686683,0.844623,0.003,0.002882,305.36,0.04,3120.839,3047.5047,3267.5076,3117.0125,TIMEOUT,-0.050124,-0.067127,-15.31,-20.5,0.28,5.19,293.34,101785.2,101764.7,0.000201,0.000201,dec_20260711T124143572444
t05_00041,5,2025-04-11 12:00:00+00:00,2025-04-11 14:00:00+00:00,LONG,,CONTINUATION,0.591167,0.654007,0.003,0.002255,305.29,0.03,3216.534,3140.0374,3369.5272,3213.8175,TIMEOUT,-0.026694,-0.039449,-8.15,-12.04,0.21,3.89,229.49,101764.7,101752.66,0.000118,0.00032,dec_20260711T124143610307
t05_00042,5,2025-04-16 03:00:00+00:00,2025-04-16 05:00:00+00:00,LONG,,CONTINUATION,0.892596,0.833325,0.0016,0.00135,162.8,0.03,3252.484,3206.6851,3344.0819,3267.7375,TIMEOUT,0.281084,0.256612,45.76,41.78,0.21,3.98,137.4,101752.66,101794.44,0.0,0.0,dec_20260711T124143830180
t05_00043,5,2025-04-16 10:00:00+00:00,2025-04-16 12:00:00+00:00,LONG,,CONTINUATION,0.64573,0.763591,0.003,0.002534,305.38,0.04,3292.824,3228.3402,3421.7915,3303.59,TIMEOUT,0.141018,0.123754,43.06,37.79,0.28,5.27,257.94,101794.44,101832.23,0.0,0.0,dec_20260711T124143863903
t05_00044,5,2025-04-21 12:00:00+00:00,2025-04-21 14:00:00+00:00,SHORT,,LIQUIDITY_SWEEP,0.428762,0.68003,0.003,0.002644,305.5,0.05,3392.176,3446.0303,3284.4674,3404.46,TIMEOUT,-0.201047,-0.222946,-61.42,-68.11,0.35,6.69,269.27,101832.23,101764.12,0.000669,0.000669,dec_20260711T124144011160
t05_00045,5,2025-04-22 06:00:00+00:00,2025-04-22 08:00:00+00:00,LONG,,CONTINUATION,0.589107,0.709811,0.003,0.002477,305.29,0.03,3473.6115,3389.5906,3641.6533,3494.325,TIMEOUT,0.203546,0.190447,62.14,58.14,0.21,4.0,252.06,101764.12,101822.26,0.0,9.8e-05,dec_20260711T124144067880
t05_00046,5,2025-04-24 20:00:00+00:00,2025-04-24 22:00:00+00:00,LONG,,CONTINUATION,0.695393,0.665969,0.0025,0.002353,254.56,0.04,3332.2715,3272.3638,3452.0869,3342.2725,TIMEOUT,0.15715,0.135889,40.0,34.59,0.28,5.41,239.63,101822.26,101856.85,0.0,0.0,dec_20260711T124144336168
t05_00047,5,2025-04-24 21:00:00+00:00,2025-04-24 23:00:00+00:00,LONG,,CONTINUATION,0.747484,0.80589,0.0025,0.002298,254.64,0.04,3337.3942,3278.8889,3454.405,3348.8085,TIMEOUT,0.1793,0.15796,45.66,40.22,0.28,5.43,234.02,101856.85,101897.08,0.0,0.0,dec_20260711T124144341583
t05_00048,5,2025-04-28 20:00:00+00:00,2025-04-28 22:00:00+00:00,LONG,,CONTINUATION,0.879262,0.79436,0.0025,0.002238,254.74,0.03,3337.349,3261.3301,3489.3869,3352.085,TIMEOUT,0.173542,0.157667,44.21,40.16,0.21,4.04,228.06,101897.08,101937.24,0.0,0.0,dec_20260711T124144530583
t05_00049,5,2025-05-02 05:00:00+00:00,2025-05-02 07:00:00+00:00,LONG,,CONTINUATION,0.919184,0.913654,0.0025,0.002175,254.84,0.04,3237.1417,3181.7117,3348.0017,3251.87,TIMEOUT,0.231176,0.209775,58.91,53.46,0.28,5.45,221.72,101937.24,101990.7,0.0,0.0,dec_20260711T124144868898
t05_00050,5,2025-05-02 09:00:00+00:00,2025-05-02 11:00:00+00:00,LONG,,CONTINUATION,0.678438,0.752872,0.0025,0.00235,254.98,0.05,3252.5015,3204.5708,3348.3629,3258.15,TIMEOUT,0.110764,0.084036,28.24,21.43,0.35,6.81,239.65,101990.7,102012.13,0.0,0.0,dec_20260711T124144889940
t05_00051,5,2025-05-05 12:00:00+00:00,2025-05-05 14:00:00+00:00,LONG,,CONTINUATION,0.893965,0.925282,0.003,0.002773,306.04,0.04,3283.3415,3212.6276,3424.7694,3312.91,TIMEOUT,0.386466,0.369043,118.27,112.94,0.28,5.33,282.86,102012.13,102125.07,0.0,0.0,dec_20260711T124144944261
t05_00052,5,2025-05-05 21:00:00+00:00,2025-05-05 23:00:00+00:00,LONG,,CONTINUATION,0.866342,0.831209,0.003,0.002829,306.38,0.04,3317.664,3245.4242,3462.1436,3333.835,TIMEOUT,0.211123,0.193394,64.68,59.25,0.28,5.43,288.96,102125.07,102184.32,0.0,0.0,dec_20260711T124144996496
t05_00053,5,2025-05-06 08:00:00+00:00,2025-05-06 10:00:00+00:00,LONG,,CONTINUATION,0.792188,0.729201,0.003,0.002926,306.55,0.04,3363.749,3288.9961,3513.2547,3371.26,TIMEOUT,0.098007,0.080679,30.04,24.73,0.28,5.31,299.01,102184.32,102209.05,0.0,0.0,dec_20260711T124145032247
t05_00054,5,2025-05-06 10:00:00+00:00,2025-05-06 12:00:00+00:00,LONG,,CONTINUATION,0.787561,0.822992,0.003,0.002316,306.63,0.03,3365.374,3286.4544,3523.2133,3383.2,TIMEOUT,0.174406,0.161413,53.48,49.49,0.21,3.98,236.76,102209.05,102258.55,0.0,0.0,dec_20260711T124145042720
t05_00055,5,2025-05-13 07:00:00+00:00,2025-05-13 09:00:00+00:00,LONG,,CONTINUATION,0.912071,0.932,0.0025,0.002195,255.65,0.04,3237.3515,3181.2326,3349.5894,3261.985,TIMEOUT,0.385425,0.364099,98.53,93.08,0.28,5.45,224.48,102258.55,102351.63,0.0,0.0,dec_20260711T124145474203
t05_00056,5,2025-05-15 23:00:00+00:00,2025-05-16 02:00:00+00:00,LONG,,CONTINUATION,0.863785,0.804441,0.0025,0.002407,255.88,0.03,3232.604,3150.4688,3396.8744,3237.1075,TIMEOUT,0.0528,0.036879,13.51,9.44,0.21,4.07,246.41,102351.63,102361.06,0.0,0.0,dec_20260711T124145771308
t05_00057,5,2025-05-19 09:00:00+00:00,2025-05-19 11:00:00+00:00,LONG,,CONTINUATION,0.902061,0.860969,0.003,0.00292,307.08,0.05,3224.7215,3164.9486,3344.2672,3244.44,TIMEOUT,0.321065,0.298872,98.59,91.78,0.35,6.81,298.86,102361.06,102452.84,0.0,0.0,dec_20260711T124145916098
t05_00058,5,2025-05-19 11:00:00+00:00,2025-05-19 13:00:00+00:00,LONG,,CONTINUATION,0.788039,0.760334,0.003,0.002437,307.36,0.04,3233.0515,3170.6431,3357.8683,3241.745,TIMEOUT,0.113138,0.09579,34.77,29.44,0.28,5.33,249.63,102452.84,102482.28,0.0,0.0,dec_20260711T124145926783
t05_00059,5,2025-05-20 16:00:00+00:00,2025-05-20 18:00:00+00:00,LONG,,CONTINUATION,0.932092,0.922456,0.003,0.002596,307.45,0.04,3243.474,3176.9661,3376.4897,3277.32,TIMEOUT,0.440345,0.422937,135.38,130.03,0.28,5.35,266.03,102482.28,102612.32,0.0,0.0,dec_20260711T124146000688
t05_00060,5,2025-05-21 07:00:00+00:00,2025-05-21 09:00:00+00:00,LONG,,CONTINUATION,0.660324,0.727881,0.003,0.002702,307.84,0.05,3308.1515,3252.707,3419.0404,3320.015,TIMEOUT,0.192689,0.170551,59.32,52.5,0.35,6.81,277.22,102612.32,102664.82,0.0,0.0,dec_20260711T124146064179
t05_00061,5,2025-05-21 23:00:00+00:00,2025-05-22 02:00:00+00:00,LONG,,CONTINUATION,0.577515,0.721559,0.003,0.0029,307.99,0.07,3318.969,3276.4333,3404.0404,3320.0925,TIMEOUT,0.025535,-0.00533,7.86,-1.64,0.49,9.51,297.75,102664.82,102663.18,1.6e-05,1.6e-05,dec_20260711T124146148609
t05_00062,5,2025-05-23 13:00:00+00:00,2025-05-23 15:00:00+00:00,LONG,,CONTINUATION,0.910543,0.930408,0.0025,0.002074,256.66,0.04,3329.4015,3276.176,3435.8526,3357.18,TIMEOUT,0.432923,0.412148,111.11,105.78,0.28,5.33,212.9,102663.18,102768.96,0.0,0.0,dec_20260711T124146297090
t05_00063,5,2025-05-28 09:00:00+00:00,2025-05-28 11:00:00+00:00,LONG,,CONTINUATION,0.890316,0.824602,0.0025,0.002326,256.92,0.06,3307.9315,3268.0906,3387.6133,3321.64,TIMEOUT,0.320142,0.288545,82.25,74.13,0.42,8.12,239.05,102768.96,102843.09,0.0,0.0,dec_20260711T124146598512
t05_00064,5,2025-06-02 07:00:00+00:00,2025-06-02 09:00:00+00:00,LONG,,CONTINUATION,0.932558,0.936818,0.0025,0.002107,257.11,0.05,3309.3515,3266.009,3396.0365,3344.435,TIMEOUT,0.682266,0.655955,175.42,168.65,0.35,6.76,216.71,102843.09,103011.74,0.0,0.0,dec_20260711T124146909200
t05_00065,5,2025-06-02 08:00:00+00:00,2025-06-02 10:00:00+00:00,LONG,,CONTINUATION,0.942963,0.97232,0.0025,0.002254,257.53,0.05,3314.5565,3268.1161,3407.4372,3352.505,TIMEOUT,0.736778,0.710509,189.74,182.98,0.35,6.76,232.2,103011.74,103194.72,0.0,0.0,dec_20260711T124146915090
t05_00066,5,2025-06-09 18:00:00+00:00,2025-06-09 20:00:00+00:00,LONG,,CONTINUATION,0.88098,0.84296,0.0025,0.0021,257.99,0.05,3321.5265,3278.1886,3408.2022,3333.565,TIMEOUT,0.233313,0.207285,60.19,53.48,0.35,6.71,216.69,103194.72,103248.2,0.0,0.0,dec_20260711T124147473281
t05_00067,5,2025-06-13 04:00:00+00:00,2025-06-13 06:00:00+00:00,LONG,,CONTINUATION,0.860619,0.84264,0.003,0.002906,309.74,0.05,3416.4693,3356.4634,3536.481,3425.53,TIMEOUT,0.146264,0.124818,45.3,38.66,0.35,6.64,300.03,103248.2,103286.86,0.0,0.0,dec_20260711T124147848248
t05_00068,5,2025-06-13 13:00:00+00:00,2025-06-13 15:00:00+00:00,LONG,,CONTINUATION,0.555655,0.712121,0.003,0.002645,309.86,0.04,3424.9668,3356.6593,3561.5817,3436.705,TIMEOUT,0.15153,0.134315,46.95,41.62,0.28,5.33,273.23,103286.86,103328.48,0.0,0.0,dec_20260711T124147899555
t05_00069,5,2025-06-30 20:00:00+00:00,2025-06-30 22:00:00+00:00,LONG,,CONTINUATION,0.858635,0.774977,0.0025,0.002389,258.32,0.06,3297.9167,3256.7689,3380.2125,3308.64,TIMEOUT,0.249069,0.218096,64.34,56.34,0.42,8.0,246.89,103328.48,103384.82,0.0,0.0,dec_20260711T124149231195
t05_00070,5,2025-07-01 01:00:00+00:00,2025-07-01 03:00:00+00:00,LONG,,FAIR_VALUE_GAP,0.648716,0.75688,0.0025,0.002216,258.46,0.06,3304.3317,3266.1394,3380.7164,3314.765,TIMEOUT,0.242202,0.211013,62.6,54.54,0.42,8.06,229.15,103384.82,103439.36,0.0,0.0,dec_20260711T124149249561
t05_00071,5,2025-07-02 21:00:00+00:00,2025-07-02 23:00:00+00:00,LONG,,CONTINUATION,0.834918,0.853479,0.003,0.002873,310.32,0.08,3350.3018,3313.1573,3424.5907,3356.935,TIMEOUT,0.171004,0.136627,53.07,42.4,0.56,10.67,297.16,103439.36,103481.75,0.0,0.0,dec_20260711T124149475885
t05_00072,5,2025-07-07 23:00:00+00:00,2025-07-08 02:00:00+00:00,LONG,,CONTINUATION,0.790138,0.813037,0.0025,0.00238,258.7,0.06,3337.7618,3296.7146,3419.856,3334.591,TIMEOUT,-0.073539,-0.104467,-19.02,-27.03,0.42,8.0,246.28,103481.75,103454.73,0.000261,0.000261,dec_20260711T124149821001
t05_00073,5,2025-07-11 09:00:00+00:00,2025-07-11 11:00:00+00:00,LONG,,CONTINUATION,0.75145,0.846525,0.003,0.002946,310.36,0.12,3334.8043,3309.405,3385.6028,3333.155,TIMEOUT,-0.063768,-0.115521,-19.79,-35.85,0.84,16.06,304.79,103454.73,103418.88,0.000347,0.000608,dec_20260711T124150199051
t05_00074,5,2025-07-14 19:00:00+00:00,2025-07-14 21:00:00+00:00,LONG,,RANGE_EDGE_REJECTION,0.775492,0.751906,0.0011,0.000821,113.76,0.02,3345.7218,3303.2619,3430.6414,3348.89,TIMEOUT,0.055701,0.032784,6.34,3.73,0.14,2.61,84.92,103418.88,103422.61,0.0,0.000572,dec_20260711T124150344563
t05_00075,5,2025-07-16 18:00:00+00:00,2025-07-16 20:00:00+00:00,LONG,,CONTINUATION,0.828465,0.689438,0.0025,0.002136,258.56,0.05,3338.7342,3294.5591,3427.0846,3354.815,TIMEOUT,0.310967,0.285857,80.4,73.91,0.35,6.49,220.88,103422.61,103496.52,0.0,0.0,dec_20260711T124150592533
t05_00076,5,2025-07-16 19:00:00+00:00,2025-07-16 21:00:00+00:00,LONG,,CONTINUATION,0.911656,0.939575,0.0025,0.002408,258.74,0.05,3344.5418,3294.7037,3444.2178,3350.33,TIMEOUT,0.111855,0.086665,28.94,22.42,0.35,6.52,249.19,103496.52,103518.94,0.0,0.0,dec_20260711T124150599318
t05_00077,5,2025-07-18 10:00:00+00:00,2025-07-18 12:00:00+00:00,LONG,,PULLBACK,0.850988,0.702077,0.0025,0.002361,258.8,0.1,3342.7417,3318.3012,3391.6228,3352.42,TIMEOUT,0.373966,0.32244,96.78,83.45,0.7,13.33,244.41,103518.94,103602.39,0.0,0.0,dec_20260711T124150769445
t05_00078,5,2025-07-21 16:00:00+00:00,2025-07-21 18:00:00+00:00,LONG,,CONTINUATION,0.820836,0.66436,0.003,0.002999,310.81,0.07,3387.8867,3343.4975,3476.6653,3397.97,TIMEOUT,0.227093,0.198411,70.58,61.67,0.49,8.91,310.72,103602.39,103664.06,0.0,0.0,dec_20260711T124150928344
t05_00079,5,2025-07-23 10:00:00+00:00,2025-07-23 12:00:00+00:00,LONG,,PULLBACK,0.669549,0.711006,0.003,0.0028,310.99,0.12,3425.6868,3401.5023,3474.0557,3431.13,TIMEOUT,0.210036,0.158581,65.32,49.32,0.84,16.0,290.21,103664.06,103713.37,0.0,0.0,dec_20260711T124151150568
t05_00080,5,2025-08-01 15:00:00+00:00,2025-08-01 17:00:00+00:00,LONG,,CONTINUATION,0.948299,0.981117,0.0025,0.002158,259.28,0.04,3301.0192,3245.0541,3412.9496,3345.9,TIMEOUT,0.69239,0.672358,179.52,174.33,0.28,5.19,223.86,103713.37,103887.7,0.0,0.0,dec_20260711T124152030252
t05_00081,5,2025-08-01 17:00:00+00:00,2025-08-01 19:00:00+00:00,LONG,,CONTINUATION,0.633093,0.773518,0.0025,0.002461,259.72,0.04,3342.7168,3278.8026,3470.545,3347.355,TIMEOUT,0.071435,0.051513,18.55,13.38,0.28,5.17,255.66,103887.7,103901.08,0.0,0.0,dec_20260711T124152043731
t05_00082,5,2025-08-04 15:00:00+00:00,2025-08-04 17:00:00+00:00,LONG,,PULLBACK,0.805532,0.754085,0.003,0.002946,311.7,0.08,3371.0493,3332.7869,3447.5739,3374.045,TIMEOUT,0.076888,0.043561,23.97,13.58,0.56,10.39,306.1,103901.08,103914.66,0.0,0.0,dec_20260711T124152114057
t05_00083,5,2025-08-06 14:00:00+00:00,2025-08-06 16:00:00+00:00,LONG,,RANGE_EDGE_REJECTION,0.684561,0.770882,0.0021,0.001928,218.22,0.07,3364.2793,3335.6575,3421.5228,3371.725,TIMEOUT,0.238843,0.197511,52.12,43.1,0.49,9.02,200.35,103914.66,103957.76,0.0,0.0,dec_20260711T124152387892
t05_00084,5,2025-08-07 17:00:00+00:00,2025-08-07 19:00:00+00:00,LONG,,CONTINUATION,0.751356,0.704132,0.003,0.002586,311.87,0.06,3385.6042,3340.7996,3475.2135,3388.85,TIMEOUT,0.062444,0.037463,19.47,11.68,0.42,7.79,268.83,103957.76,103969.44,0.0,0.0,dec_20260711T124152528954
t05_00085,5,2025-08-13 10:00:00+00:00,2025-08-13 12:00:00+00:00,LONG,,PULLBACK,0.772664,0.675987,0.0025,0.002294,259.92,0.1,3357.7693,3333.916,3405.4757,3364.645,TIMEOUT,0.264533,0.212652,68.76,55.27,0.7,13.48,238.53,103969.44,104024.72,0.0,0.0,dec_20260711T124153032150
t05_00086,5,2025-08-14 01:00:00+00:00,2025-08-14 03:00:00+00:00,LONG,,FAIR_VALUE_GAP,0.713204,0.877649,0.0021,0.002068,218.45,0.08,3357.6617,3330.7746,3411.436,3369.5,TIMEOUT,0.433536,0.385068,94.71,84.12,0.56,10.59,215.1,104024.72,104108.83,0.0,0.0,dec_20260711T124153110335
t05_00087,5,2025-08-18 04:00:00+00:00,2025-08-18 06:00:00+00:00,LONG,,FAILED_BREAKOUT,0.761835,0.669312,0.0021,0.001871,218.63,0.07,3341.2218,3313.3894,3396.8864,3347.085,TIMEOUT,0.187727,0.144711,41.04,31.64,0.49,9.4,194.83,104108.83,104140.47,0.0,0.0,dec_20260711T124153408030
t05_00088,5,2025-08-20 13:00:00+00:00,2025-08-20 15:00:00+00:00,LONG,,CONTINUATION,0.895445,0.905422,0.0025,0.002499,260.35,0.12,3326.7517,3305.0607,3370.1339,3342.885,TIMEOUT,0.743611,0.684913,193.6,178.32,0.84,15.28,260.29,104140.47,104318.79,0.0,0.0,dec_20260711T124153744213
t05_00089,5,2025-08-20 14:00:00+00:00,2025-08-20 16:00:00+00:00,LONG,,CONTINUATION,0.921661,0.912153,0.0025,0.002443,260.8,0.1,3327.0892,3301.608,3378.0518,3344.885,TIMEOUT,0.682352,0.632563,177.96,164.97,0.7,12.98,254.81,104318.79,104483.76,0.0,0.0,dec_20260711T124153751581
t05_00090,5,2025-08-21 15:00:00+00:00,2025-08-21 17:00:00+00:00,LONG,,RANGE_EDGE_REJECTION,0.796084,0.703044,0.0021,0.001894,219.42,0.07,3334.2692,3305.9998,3390.8082,3344.205,TIMEOUT,0.316973,0.27491,69.55,60.32,0.49,9.23,197.89,104483.76,104544.08,0.0,0.0,dec_20260711T124153831742
t05_00091,5,2025-08-26 02:00:00+00:00,2025-08-26 04:00:00+00:00,LONG,,FAILED_BREAKOUT,0.922565,0.940088,0.0021,0.001905,219.54,0.08,3364.9367,3340.0414,3414.7275,3376.84,TIMEOUT,0.433752,0.383338,95.23,84.16,0.56,11.07,199.16,104544.08,104628.24,0.0,0.0,dec_20260711T124154176631
t05_00092,5,2025-08-26 17:00:00+00:00,2025-08-26 19:00:00+00:00,LONG,,CONTINUATION,0.746697,0.738609,0.003,0.002777,313.88,0.09,3376.4842,3344.1987,3441.0553,3383.045,TIMEOUT,0.188119,0.150313,59.05,47.18,0.63,11.87,290.57,104628.24,104675.42,0.0,0.0,dec_20260711T124154276777
t06_00001,6,2025-09-03 10:00:00+00:00,2025-09-03 12:00:00+00:00,LONG,,CONTINUATION,0.660135,0.666063,0.003,0.002776,300.0,0.08,3535.8292,3501.1294,3605.2289,3534.34,TIMEOUT,-0.039713,-0.07514,-11.91,-22.54,0.56,10.63,277.6,100000.0,99977.46,0.000225,0.000225,dec_20260711T124154593028
t06_00002,6,2025-09-08 10:00:00+00:00,2025-09-08 12:00:00+00:00,LONG,,CONTINUATION,0.870644,0.823523,0.003,0.002744,299.93,0.07,3598.6992,3559.508,3677.0817,3613.825,TIMEOUT,0.353017,0.322011,105.88,96.58,0.49,9.3,274.34,99977.46,100074.04,0.0,0.0,dec_20260711T124154726810
t06_00003,6,2025-09-09 04:00:00+00:00,2025-09-09 06:00:00+00:00,LONG,,CONTINUATION,0.793229,0.810619,0.003,0.002965,300.22,0.07,3639.2217,3596.8273,3724.0107,3646.0,TIMEOUT,0.158043,0.126252,47.45,37.9,0.49,9.54,296.76,100074.04,100111.94,0.0,0.0,dec_20260711T124154759775
t06_00004,6,2025-09-12 04:00:00+00:00,2025-09-12 06:00:00+00:00,LONG,,CONTINUATION,0.912033,0.842821,0.0025,0.00224,250.28,0.06,3637.2418,3599.8684,3711.9885,3652.83,TIMEOUT,0.373699,0.341012,93.53,85.35,0.42,8.18,224.24,100111.94,100197.29,0.0,0.0,dec_20260711T124154904111
t06_00005,6,2025-09-12 06:00:00+00:00,2025-09-12 08:00:00+00:00,LONG,,CONTINUATION,0.762369,0.65028,0.0025,0.002488,250.49,0.07,3649.6517,3614.0351,3720.885,3653.05,TIMEOUT,0.094965,0.056862,23.79,14.24,0.49,9.54,249.32,100197.29,100211.53,0.0,0.0,dec_20260711T124154909634
t06_00006,6,2025-09-15 18:00:00+00:00,2025-09-15 20:00:00+00:00,LONG,,CONTINUATION,0.875373,0.770581,0.003,0.002884,300.63,0.06,3664.2468,3616.0789,3760.5825,3681.715,TIMEOUT,0.348633,0.322817,104.81,97.05,0.42,7.76,289.01,100211.53,100308.58,0.0,0.0,dec_20260711T124154944131
t06_00007,6,2025-09-16 08:00:00+00:00,2025-09-16 10:00:00+00:00,LONG,,CONTINUATION,0.748707,0.781323,0.003,0.002988,300.93,0.1,3684.9267,3654.9509,3744.8785,3686.545,TIMEOUT,0.053775,0.008798,16.18,2.65,0.7,13.54,299.76,100308.58,100311.23,0.0,0.0,dec_20260711T124154973654
t06_00008,6,2025-09-17 15:00:00+00:00,2025-09-17 17:00:00+00:00,LONG,,RANGE_EDGE_REJECTION,0.842203,0.897209,0.0021,0.001709,210.65,0.04,3666.6393,3623.771,3752.3757,3684.29,TIMEOUT,0.335167,0.310131,70.6,65.33,0.28,5.27,171.47,100311.23,100376.56,0.0,0.0,dec_20260711T124155050826
t06_00009,6,2025-09-19 19:00:00+00:00,2025-09-19 21:00:00+00:00,LONG,,CONTINUATION,0.778783,0.796806,0.0025,0.002362,250.94,0.05,3671.4317,3624.0053,3766.2846,3683.69,TIMEOUT,0.244247,0.218474,61.29,54.82,0.35,6.47,237.13,100376.56,100431.38,0.0,0.0,dec_20260711T124155163719
t06_00010,6,2025-09-22 20:00:00+00:00,2025-09-22 22:00:00+00:00,LONG,,CONTINUATION,0.805941,0.866296,0.003,0.002825,301.29,0.05,3737.7643,3681.0209,3851.251,3747.625,TIMEOUT,0.163642,0.141761,49.3,42.71,0.35,6.59,283.72,100431.38,100474.09,0.0,0.0,dec_20260711T124155218809
t06_00011,6,2025-09-23 12:00:00+00:00,2025-09-23 14:00:00+00:00,LONG,,CONTINUATION,0.671374,0.666541,0.003,0.00261,301.42,0.05,3775.0092,3722.5662,3879.8953,3783.465,TIMEOUT,0.140265,0.119057,42.28,35.89,0.35,6.39,262.22,100474.09,100509.98,0.0,0.0,dec_20260711T124155255474
t06_00012,6,2025-09-26 16:00:00+00:00,2025-09-26 18:00:00+00:00,LONG,,CONTINUATION,0.949478,0.918167,0.003,0.002632,301.53,0.06,3752.7518,3708.6598,3840.9357,3780.415,TIMEOUT,0.550458,0.524719,165.98,158.22,0.42,7.76,264.55,100509.98,100668.2,0.0,0.0,dec_20260711T124155439946
t06_00013,6,2025-09-26 17:00:00+00:00,2025-09-26 19:00:00+00:00,LONG,,CONTINUATION,0.923192,0.802713,0.003,0.002817,302.0,0.06,3762.4717,3715.2009,3857.0135,3774.185,TIMEOUT,0.232714,0.207015,70.28,62.52,0.42,7.76,283.63,100668.2,100730.72,0.0,0.0,dec_20260711T124155443088
t06_00014,6,2025-09-30 03:00:00+00:00,2025-09-30 05:00:00+00:00,LONG,,CONTINUATION,0.880654,0.879105,0.003,0.002848,302.19,0.07,3833.4967,3792.5159,3915.4585,3848.0225,TIMEOUT,0.336478,0.304893,101.68,92.14,0.49,9.54,286.87,100730.72,100822.85,0.0,0.0,dec_20260711T124155506646
t06_00015,6,2025-09-30 05:00:00+00:00,2025-09-30 07:00:00+00:00,LONG,,CONTINUATION,0.899192,0.817849,0.003,0.002655,302.47,0.06,3848.7717,3804.1584,3937.9985,3866.9975,TIMEOUT,0.361538,0.334491,109.35,101.17,0.42,8.18,267.68,100822.85,100924.03,0.0,0.0,dec_20260711T124155512456
t06_00016,6,2025-10-02 13:00:00+00:00,2025-10-02 14:00:00+00:00,LONG,,CONTINUATION,0.653085,0.760666,0.003,0.002631,302.77,0.07,3879.7717,3841.8348,3955.6457,3841.8348,SL_HIT,-0.877097,-0.906772,-265.56,-274.54,0.49,8.98,265.56,100924.03,100649.48,0.00272,0.00272,dec_20260711T124155593033
t06_00017,6,2025-10-03 01:00:00+00:00,2025-10-03 03:00:00+00:00,LONG,,FAIR_VALUE_GAP,0.648014,0.721826,0.003,0.002406,301.95,0.03,3856.9552,3776.2235,4018.4188,3856.915,TIMEOUT,-0.0004,-0.013549,-0.12,-4.09,0.21,3.97,242.2,100649.48,100645.39,0.002761,0.002761,dec_20260711T124155612739
t06_00018,6,2025-10-03 14:00:00+00:00,2025-10-03 16:00:00+00:00,LONG,,CONTINUATION,0.861527,0.906551,0.0014,0.00136,140.9,0.03,3866.4417,3820.816,3957.6932,3882.92,TIMEOUT,0.35085,0.323735,49.43,45.61,0.21,3.82,136.88,100645.39,100691.01,0.0,0.002309,dec_20260711T124155637813
t06_00019,6,2025-10-03 16:00:00+00:00,2025-10-03 18:00:00+00:00,LONG,,CONTINUATION,0.870112,0.751818,0.0025,0.002074,251.73,0.04,3874.6568,3822.4439,3979.0825,3889.43,TIMEOUT,0.234748,0.214194,59.09,53.92,0.28,5.17,208.85,100691.01,100744.93,0.0,0.001775,dec_20260711T124155643760
t06_00020,6,2025-10-06 02:00:00+00:00,2025-10-06 04:00:00+00:00,LONG,,BREAKOUT,0.745672,0.675803,0.003,0.002699,302.23,0.06,3900.2393,3854.9192,3990.8793,3917.9825,TIMEOUT,0.352247,0.325277,106.46,98.31,0.42,8.15,271.92,100744.93,100843.23,0.0,0.000801,dec_20260711T124155646879
t06_00021,6,2025-10-07 01:00:00+00:00,2025-10-07 03:00:00+00:00,LONG,,CONTINUATION,0.716176,0.780011,0.003,0.002584,302.53,0.05,3960.8517,3908.7339,4065.0875,3962.72,TIMEOUT,0.030877,0.009003,9.34,2.72,0.35,6.62,260.59,100843.23,100845.96,0.0,0.000774,dec_20260711T124155706143
t06_00022,6,2025-10-07 06:00:00+00:00,2025-10-07 08:00:00+00:00,LONG,,CONTINUATION,0.657357,0.714105,0.003,0.003,302.54,0.06,3965.4818,3915.0623,4066.3207,3964.735,TIMEOUT,-0.01481,-0.041454,-4.48,-12.54,0.42,8.06,302.52,100845.96,100833.42,0.000124,0.000898,dec_20260711T124155720750
t06_00023,6,2025-10-07 15:00:00+00:00,2025-10-07 17:00:00+00:00,LONG,,CONTINUATION,0.839088,0.789159,0.003,0.002993,302.5,0.05,3967.5918,3907.2425,4088.2903,3985.57,TIMEOUT,0.297161,0.275781,89.89,83.42,0.35,6.47,301.75,100833.42,100916.84,0.0,7.1e-05,dec_20260711T124155737899
t06_00024,6,2025-10-08 05:00:00+00:00,2025-10-08 07:00:00+00:00,LONG,,BREAKOUT_RETEST,0.836026,0.751056,0.003,0.002751,302.75,0.05,4001.2293,3945.6987,4112.2903,4026.81,TIMEOUT,0.422473,0.400367,127.9,121.21,0.35,6.69,277.65,100916.84,101038.05,0.0,0.0,dec_20260711T124155749874
t06_00025,6,2025-10-08 07:00:00+00:00,2025-10-08 09:00:00+00:00,LONG,,CONTINUATION,0.835867,0.812121,0.003,0.002803,303.11,0.05,4015.4518,3958.806,4128.7432,4031.69,TIMEOUT,0.267861,0.245534,81.19,74.42,0.35,6.77,283.23,101038.05,101112.47,0.0,0.0,dec_20260711T124155755881
t06_00026,6,2025-10-10 01:00:00+00:00,2025-10-10 03:00:00+00:00,LONG,,FAIR_VALUE_GAP,0.783451,0.946943,0.003,0.002154,303.34,0.02,3977.8167,3868.9017,4195.6467,3990.9775,TIMEOUT,0.086772,0.078046,26.32,23.67,0.14,2.65,217.83,101112.47,101136.15,0.0,0.0,dec_20260711T124155810825
t06_00027,6,2025-10-10 19:00:00+00:00,2025-10-10 21:00:00+00:00,LONG,,CONTINUATION,0.879593,0.784156,0.0025,0.00227,252.84,0.03,3998.6268,3922.0868,4151.7068,3999.08,TIMEOUT,0.005378,-0.00997,1.36,-2.52,0.21,3.88,229.62,101136.15,101133.63,2.5e-05,2.5e-05,dec_20260711T124155860252
t06_00028,6,2025-10-13 03:00:00+00:00,2025-10-13 05:00:00+00:00,LONG,,FAIR_VALUE_GAP,0.828245,0.821586,0.0025,0.002392,252.83,0.03,4035.8093,3955.1641,4197.0996,4048.11,TIMEOUT,0.145957,0.130075,36.9,32.89,0.21,4.02,241.94,101133.63,101166.51,0.0,0.0,dec_20260711T124155869592
t06_00029,6,2025-10-13 07:00:00+00:00,2025-10-13 09:00:00+00:00,LONG,,CONTINUATION,0.868636,0.858354,0.003,0.002392,303.5,0.03,4052.6217,3971.9759,4213.9135,4069.48,TIMEOUT,0.166638,0.153161,50.57,46.48,0.21,4.09,241.94,101166.51,101213.0,0.0,0.0,dec_20260711T124155878973
t06_00030,6,2025-10-14 03:00:00+00:00,2025-10-14 05:00:00+00:00,LONG,,CONTINUATION,0.802217,0.780816,0.003,0.002587,303.64,0.04,4128.6642,4063.2166,4259.5596,4145.965,TIMEOUT,0.227911,0.210147,69.2,63.81,0.28,5.39,261.79,101213.0,101276.81,0.0,0.0,dec_20260711T124155885240
t06_00031,6,2025-10-15 03:00:00+00:00,2025-10-15 05:00:00+00:00,LONG,,CONTINUATION,0.850552,0.907745,0.003,0.002343,303.83,0.03,4162.1843,4083.0741,4320.4046,4176.55,TIMEOUT,0.141847,0.12863,43.1,39.08,0.21,4.02,237.33,101276.81,101315.89,0.0,0.0,dec_20260711T124155943583
t06_00032,6,2025-10-16 12:00:00+00:00,2025-10-16 14:00:00+00:00,LONG,,CONTINUATION,0.706145,0.833607,0.003,0.002646,303.95,0.04,4233.6618,4166.6519,4367.6814,4240.5975,TIMEOUT,0.091275,0.073463,27.74,22.33,0.28,5.41,268.04,101315.89,101338.22,0.0,0.0,dec_20260711T124156023977
t06_00033,6,2025-10-16 19:00:00+00:00,2025-10-16 21:00:00+00:00,LONG,,CONTINUATION,0.598449,0.801733,0.003,0.002546,304.01,0.03,4274.4293,4188.4334,4446.421,4291.06,TIMEOUT,0.164114,0.151103,49.89,45.94,0.21,3.96,257.99,101338.22,101384.16,0.0,0.0,dec_20260711T124156045320
t06_00034,6,2025-10-20 12:00:00+00:00,2025-10-20 14:00:00+00:00,LONG,,CONTINUATION,0.744927,0.798133,0.0025,0.001713,253.46,0.02,4259.4092,4172.5962,4433.0353,4279.185,TIMEOUT,0.156046,0.145327,39.55,36.83,0.14,2.72,173.63,101384.16,101420.99,0.0,0.0,dec_20260711T124156141042
t06_00035,6,2025-10-20 13:00:00+00:00,2025-10-20 15:00:00+00:00,LONG,,CONTINUATION,0.855897,0.969508,0.0025,0.001889,253.55,0.02,4261.4568,4165.6469,4453.0764,4323.475,TIMEOUT,0.489199,0.478444,124.04,121.31,0.14,2.73,191.62,101420.99,101542.3,0.0,0.0,dec_20260711T124156144566
t06_00036,6,2025-10-23 07:00:00+00:00,2025-10-23 09:00:00+00:00,LONG,,CONTINUATION,0.778388,0.917787,0.0025,0.002335,253.86,0.02,4091.8317,3973.3014,4328.8925,4113.59,TIMEOUT,0.171419,0.160598,43.52,40.77,0.14,2.75,237.06,101542.3,101583.07,0.0,0.0,dec_20260711T124156294204
t06_00037,6,2025-10-23 10:00:00+00:00,2025-10-23 12:00:00+00:00,LONG,,CONTINUATION,0.783887,0.926643,0.0025,0.002012,253.96,0.02,4114.1567,4011.9721,4318.526,4124.56,TIMEOUT,0.081928,0.071269,20.81,18.1,0.14,2.71,204.37,101583.07,101601.17,0.0,0.0,dec_20260711T124156303961
t06_00038,6,2025-10-29 09:00:00+00:00,2025-10-29 11:00:00+00:00,LONG,,PULLBACK,0.895172,0.958832,0.0025,0.001992,254.0,0.02,3970.7793,3869.5664,4173.205,4016.835,TIMEOUT,0.362644,0.351868,92.11,89.37,0.14,2.74,202.43,101601.17,101690.54,0.0,0.0,dec_20260711T124156514688
t06_00039,6,2025-10-29 10:00:00+00:00,2025-10-29 12:00:00+00:00,LONG,,CONTINUATION,0.842654,0.928682,0.0025,0.002168,254.23,0.02,3990.3992,3880.1792,4210.8392,4024.025,TIMEOUT,0.26453,0.253764,67.25,64.51,0.14,2.74,220.44,101690.54,101755.06,0.0,0.0,dec_20260711T124156518329
t06_00040,6,2025-10-30 20:00:00+00:00,2025-10-30 22:00:00+00:00,LONG,,CONTINUATION,0.594565,0.668497,0.0025,0.002255,254.39,0.02,4003.6843,3888.9446,4233.1635,4024.125,TIMEOUT,0.160704,0.150338,40.88,38.24,0.14,2.64,229.48,101755.06,101793.3,0.0,0.0,dec_20260711T124156575726
t06_00041,6,2025-10-31 00:00:00+00:00,2025-10-31 02:00:00+00:00,LONG,,CONTINUATION,0.724314,0.683948,0.003,0.002932,305.38,0.03,4029.2593,3929.7695,4228.239,4030.755,TIMEOUT,0.014693,0.002171,4.49,0.66,0.21,3.82,298.47,101793.3,101793.97,0.0,0.0,dec_20260711T124156589161
t06_00042,6,2025-11-07 19:00:00+00:00,2025-11-07 21:00:00+00:00,LONG,,CONTINUATION,0.860026,0.770707,0.003,0.002604,305.38,0.05,4007.9893,3954.9819,4114.0039,4006.735,TIMEOUT,-0.020536,-0.042451,-6.27,-12.96,0.35,6.69,265.04,101793.97,101781.0,0.000127,0.000127,dec_20260711T124156956617
t06_00043,6,2025-11-10 03:00:00+00:00,2025-11-10 05:00:00+00:00,LONG,,CONTINUATION,0.935919,0.899113,0.003,0.002408,305.34,0.04,4020.9842,3959.7207,4143.5114,4050.265,TIMEOUT,0.383582,0.365655,117.12,111.65,0.28,5.47,245.05,101781.0,101892.65,0.0,0.0,dec_20260711T124156967157
t06_00044,6,2025-11-10 20:00:00+00:00,2025-11-10 22:00:00+00:00,LONG,,CONTINUATION,0.725411,0.710673,0.003,0.002868,305.68,0.05,4103.2643,4044.8253,4220.1421,4111.63,TIMEOUT,0.136838,0.114945,41.83,35.14,0.35,6.69,292.19,101892.65,101927.79,0.0,0.0,dec_20260711T124157015008
t06_00045,6,2025-11-13 10:00:00+00:00,2025-11-13 12:00:00+00:00,LONG,,CONTINUATION,0.847954,0.773461,0.003,0.002954,305.78,0.05,4220.6618,4160.4355,4341.1142,4225.54,TIMEOUT,0.079767,0.058126,24.39,17.77,0.35,6.62,301.13,101927.79,101945.56,0.0,0.0,dec_20260711T124157169632
t06_00046,6,2025-11-19 07:00:00+00:00,2025-11-19 09:00:00+00:00,LONG,,CONTINUATION,0.829593,0.858546,0.003,0.002455,305.84,0.04,4076.0442,4013.4875,4201.1578,4086.8975,TIMEOUT,0.141947,0.123918,43.41,37.9,0.28,5.51,250.23,101945.56,101983.46,0.0,0.0,dec_20260711T124157433208
t06_00047,6,2025-11-24 19:00:00+00:00,2025-11-24 21:00:00+00:00,LONG,,CONTINUATION,0.910198,0.838637,0.0025,0.002178,254.96,0.04,4097.9217,4042.3866,4208.9921,4118.525,TIMEOUT,0.323239,0.302161,82.41,77.04,0.28,5.37,222.14,101983.46,102060.5,0.0,0.0,dec_20260711T124157690613
t06_00048,6,2025-11-26 04:00:00+00:00,2025-11-26 06:00:00+00:00,LONG,,CONTINUATION,0.859087,0.785886,0.003,0.002608,306.18,0.04,4149.0967,4082.5625,4282.1653,4161.915,TIMEOUT,0.16746,0.149909,51.27,45.9,0.28,5.37,266.14,102060.5,102106.4,0.0,0.0,dec_20260711T124157784502
t06_00049,6,2025-11-28 16:00:00+00:00,2025-11-28 18:00:00+00:00,LONG,,CONTINUATION,0.729567,0.705726,0.003,0.002693,306.32,0.04,4183.1943,4114.4443,4320.6942,4206.22,TIMEOUT,0.300676,0.282806,92.1,86.63,0.28,5.47,275.0,102106.4,102193.03,0.0,0.0,dec_20260711T124157958779
t06_00050,6,2025-12-01 03:00:00+00:00,2025-12-01 05:00:00+00:00,LONG,,CONTINUATION,0.898789,0.751913,0.003,0.002714,306.58,0.04,4231.4443,4162.1055,4370.1218,4239.22,TIMEOUT,0.101451,0.083596,31.1,25.63,0.28,5.47,277.35,102193.03,102218.66,0.0,0.0,dec_20260711T124157985727
t06_00051,6,2025-12-03 15:00:00+00:00,2025-12-03 17:00:00+00:00,LONG,,CONTINUATION,0.887157,0.88744,0.0025,0.00203,255.55,0.04,4214.0767,4162.2094,4317.8114,4216.31,TIMEOUT,0.034956,0.01377,8.93,3.52,0.28,5.41,207.47,102218.66,102222.17,0.0,0.0,dec_20260711T124158156602
t06_00052,6,2025-12-05 07:00:00+00:00,2025-12-05 09:00:00+00:00,LONG,,CONTINUATION,0.640414,0.705474,0.0025,0.00235,255.56,0.06,4217.4667,4177.4273,4297.5457,4224.46,TIMEOUT,0.164186,0.132174,41.96,33.78,0.42,8.18,240.24,102222.17,102255.95,0.0,0.0,dec_20260711T124158271493
t06_00053,6,2025-12-17 03:00:00+00:00,2025-12-17 05:00:00+00:00,LONG,,CONTINUATION,0.785538,0.824739,0.0025,0.002035,255.64,0.03,4313.8692,4244.498,4452.6118,4323.71,TIMEOUT,0.115484,0.099424,29.52,25.42,0.21,4.11,208.11,102255.95,102281.37,0.0,0.0,dec_20260711T124158870900
t06_00054,6,2025-12-17 06:00:00+00:00,2025-12-17 08:00:00+00:00,LONG,,CONTINUATION,0.881158,0.783881,0.0025,0.002367,255.7,0.04,4324.3893,4263.866,4445.4357,4328.655,TIMEOUT,0.066731,0.045323,17.06,11.59,0.28,5.47,242.09,102281.37,102292.96,0.0,0.0,dec_20260711T124158883414
t06_00055,6,2025-12-22 08:00:00+00:00,2025-12-22 10:00:00+00:00,LONG,,CONTINUATION,0.857148,0.8654,0.003,0.002723,306.88,0.05,4400.8767,4345.1703,4512.2896,4408.33,TIMEOUT,0.121436,0.09922,37.27,30.45,0.35,6.82,278.53,102292.96,102323.41,0.0,0.0,dec_20260711T124159047858
t06_00056,6,2025-12-29 04:00:00+00:00,2025-12-29 06:00:00+00:00,LONG,,FAILED_BREAKOUT,0.826403,0.834445,0.0021,0.001517,214.88,0.02,4497.9068,4420.2823,4653.1557,4515.635,TIMEOUT,0.165006,0.152501,35.46,32.77,0.14,2.69,155.25,102323.41,102356.18,0.0,0.0,dec_20260711T124159341018
t06_00057,6,2025-12-30 12:00:00+00:00,2025-12-30 14:00:00+00:00,LONG,,CONTINUATION,0.638484,0.762679,0.0025,0.00198,255.89,0.03,4372.7593,4305.2057,4507.8664,4401.1425,TIMEOUT,0.332759,0.316715,85.15,81.04,0.21,4.11,202.66,102356.18,102437.22,0.0,0.0,dec_20260711T124159448785
t06_00058,6,2026-01-05 17:00:00+00:00,2026-01-05 19:00:00+00:00,LONG,,CONTINUATION,0.72308,0.717634,0.003,0.002946,307.31,0.04,4437.6568,4362.2053,4588.5596,4443.485,TIMEOUT,0.075862,0.058114,23.31,17.86,0.28,5.45,301.81,102437.22,102455.08,0.0,0.0,dec_20260711T124159713532
t06_00059,6,2026-01-06 05:00:00+00:00,2026-01-06 07:00:00+00:00,LONG,,CONTINUATION,0.697393,0.759844,0.003,0.002604,307.37,0.04,4455.5893,4388.8857,4588.9964,4452.19,TIMEOUT,-0.044237,-0.062046,-13.6,-19.07,0.28,5.47,266.81,102455.08,102436.01,0.000186,0.000186,dec_20260711T124159751916
t06_00060,6,2026-01-09 12:00:00+00:00,2026-01-09 14:00:00+00:00,LONG,,CONTINUATION,0.560365,0.768166,0.003,0.002589,307.31,0.06,4471.8692,4427.666,4560.2757,4466.0125,TIMEOUT,-0.114349,-0.141068,-35.14,-43.35,0.42,8.21,265.22,102436.01,102392.66,0.000423,0.000609,dec_20260711T124200016715
t06_00061,6,2026-01-09 17:00:00+00:00,2026-01-09 19:00:00+00:00,LONG,,CONTINUATION,0.81713,0.655758,0.0016,0.001084,163.83,0.02,4495.2518,4439.7732,4606.2089,4484.64,TIMEOUT,-0.129546,-0.145581,-21.22,-23.85,0.14,2.63,110.96,102392.66,102368.81,0.000656,0.000842,dec_20260711T124200025787
t06_00062,6,2026-01-20 07:00:00+00:00,2026-01-20 09:00:00+00:00,LONG,,CONTINUATION,0.84832,0.796439,0.0007,0.000466,71.66,0.01,4695.9218,4648.2259,4791.3135,4716.14,TIMEOUT,0.282141,0.262974,20.22,18.84,0.07,1.37,47.7,102368.81,102387.65,0.0,0.000658,dec_20260711T124200534041
t06_00063,6,2026-01-21 03:00:00+00:00,2026-01-21 05:00:00+00:00,LONG,,CONTINUATION,0.841203,0.950504,0.003,0.002349,307.16,0.03,4785.2743,4705.1093,4945.6043,4844.93,TIMEOUT,0.582652,0.569286,178.97,174.86,0.21,4.11,240.5,102387.65,102562.51,0.0,0.0,dec_20260711T124200609760
t06_00064,6,2026-01-22 23:00:00+00:00,2026-01-23 02:00:00+00:00,LONG,,CONTINUATION,0.553882,0.73266,0.003,0.002758,307.69,0.03,4917.6817,4823.3883,5106.2685,4965.055,TIMEOUT,0.461893,0.448016,142.12,137.85,0.21,4.27,282.88,102562.51,102700.36,0.0,0.0,dec_20260711T124200783283
t06_00065,6,2026-01-23 01:00:00+00:00,2026-01-23 03:00:00+00:00,SHORT,,LIQUIDITY_SWEEP,0.346309,0.708521,0.003,0.002864,308.1,0.03,4946.8358,5044.8825,4750.7422,4953.545,TIMEOUT,-0.065329,-0.078654,-20.13,-24.23,0.21,4.11,294.14,102700.36,102676.13,0.000236,0.000236,dec_20260711T124200788356
t06_00066,6,2026-01-28 08:00:00+00:00,2026-01-28 10:00:00+00:00,SHORT,,LIQUIDITY_SWEEP,0.427807,0.710476,0.003,0.002897,308.03,0.02,5260.6533,5409.3622,4963.2354,5293.66,TIMEOUT,-0.214309,-0.223486,-66.01,-68.84,0.14,2.83,297.42,102676.13,102607.29,0.00067,0.000906,dec_20260711T124201070800
t06_00067,6,2026-01-28 19:00:00+00:00,2026-01-28 21:00:00+00:00,SHORT,,LIQUIDITY_SWEEP,0.263167,0.680245,0.0016,0.001215,164.17,0.01,5299.1033,5423.7686,5049.7725,5325.51,TIMEOUT,-0.16085,-0.169155,-26.41,-27.77,0.07,1.36,124.67,102607.29,102579.52,0.000941,0.001177,dec_20260711T124201107569
t06_00068,6,2026-02-19 08:00:00+00:00,2026-02-19 10:00:00+00:00,LONG,,CONTINUATION,0.871948,0.869081,0.0007,0.000646,71.81,0.01,4997.6493,4931.4034,5130.141,5017.105,TIMEOUT,0.270934,0.249788,19.46,17.94,0.07,1.52,66.25,102579.52,102597.46,0.0,0.001002,dec_20260711T124202509050
t06_00069,6,2026-02-20 08:00:00+00:00,2026-02-20 10:00:00+00:00,LONG,,CONTINUATION,0.737051,0.660103,0.003,0.002812,307.79,0.04,5012.7968,4940.6798,5157.0307,5028.92,TIMEOUT,0.209536,0.189866,64.49,58.44,0.28,6.05,288.47,102597.46,102655.9,0.0,0.000433,dec_20260711T124202596832
t06_00070,6,2026-02-23 22:00:00+00:00,2026-02-24 01:00:00+00:00,LONG,,CONTINUATION,0.75057,0.783485,0.003,0.002865,307.97,0.03,5216.5643,5118.5262,5412.6403,5235.6925,TIMEOUT,0.186332,0.168423,57.38,51.87,0.21,5.52,294.11,102655.9,102707.77,0.0,0.0,dec_20260711T124202750408
t06_00071,6,2026-02-25 06:00:00+00:00,2026-02-25 08:00:00+00:00,LONG,,CONTINUATION,0.864375,0.914005,0.0025,0.001977,256.77,0.02,5183.0017,5081.48,5386.0453,5194.67,TIMEOUT,0.090885,0.078551,23.34,20.17,0.14,3.17,203.04,102707.77,102727.93,0.0,0.0,dec_20260711T124202895621
t06_00072,6,2026-02-27 06:00:00+00:00,2026-02-27 08:00:00+00:00,LONG,,PULLBACK,0.773331,0.861704,0.0025,0.00242,256.82,0.03,5184.8817,5101.9969,5350.6514,5185.63,TIMEOUT,0.008741,-0.009874,2.24,-2.54,0.21,4.78,248.65,102727.93,102725.4,2.5e-05,2.5e-05,dec_20260711T124203105479
t06_00073,6,2026-03-06 18:00:00+00:00,2026-03-06 20:00:00+00:00,LONG,,CONTINUATION,0.85478,0.892598,0.0025,0.002162,256.81,0.02,5142.6793,5031.6126,5364.8125,5161.1,TIMEOUT,0.143458,0.130698,36.84,33.56,0.14,3.28,222.13,102725.4,102758.96,0.0,0.0,dec_20260711T124203649731
t06_00074,6,2026-03-09 20:00:00+00:00,2026-03-09 22:00:00+00:00,LONG,,PULLBACK,0.714347,0.809221,0.0025,0.002446,256.9,0.02,5105.5418,4979.8639,5356.8975,5141.065,TIMEOUT,0.276553,0.263992,71.05,67.82,0.14,3.23,251.36,102758.96,102826.78,0.0,0.0,dec_20260711T124203764544
t06_00075,6,2026-03-10 15:00:00+00:00,2026-03-10 17:00:00+00:00,LONG,,CONTINUATION,0.724294,0.662591,0.003,0.002157,308.48,0.02,5181.8342,5070.9173,5403.6682,5217.4015,TIMEOUT,0.230597,0.220233,71.13,67.94,0.14,3.2,221.83,102826.78,102894.72,0.0,0.0,dec_20260711T124203838478
t06_00076,6,2026-03-10 17:00:00+00:00,2026-03-10 19:00:00+00:00,LONG,,CONTINUATION,0.823621,0.701902,0.003,0.002141,308.68,0.02,5207.0143,5096.8878,5427.2671,5227.6125,TIMEOUT,0.13346,0.123103,41.2,38.0,0.14,3.2,220.25,102894.72,102932.72,0.0,0.0,dec_20260711T124203849468
t06_00077,6,2026-03-26 03:00:00+00:00,2026-03-26 05:00:00+00:00,SHORT,,CONTINUATION,0.349741,0.703129,0.0025,0.001395,257.33,0.01,4502.7823,4646.3774,4215.5919,4508.895,TIMEOUT,-0.023755,-0.030064,-6.11,-7.74,0.07,1.62,143.6,102932.72,102924.98,7.5e-05,7.5e-05,dec_20260711T124205081238
t06_00078,6,2026-03-27 16:00:00+00:00,2026-03-27 18:00:00+00:00,LONG,,CONTINUATION,0.877793,0.991774,0.0025,0.00155,257.31,0.01,4438.8517,4279.3134,4757.9285,4520.55,TIMEOUT,0.317509,0.311355,81.7,80.11,0.07,1.58,159.54,102924.98,103005.1,0.0,0.0,dec_20260711T124205214205
t06_00079,6,2026-03-27 17:00:00+00:00,2026-03-27 19:00:00+00:00,LONG,,CONTINUATION,0.752939,0.951115,0.0025,0.001644,257.51,0.01,4471.4317,4302.0984,4810.0985,4515.6943,TIMEOUT,0.171887,0.165737,44.26,42.68,0.07,1.58,169.33,103005.1,103047.78,0.0,0.0,dec_20260711T124205220208
t06_00080,6,2026-03-30 07:00:00+00:00,2026-03-30 09:00:00+00:00,LONG,,CONTINUATION,0.843806,0.974987,0.003,0.001658,309.14,0.01,4496.8867,4326.0262,4838.6078,4532.455,TIMEOUT,0.115055,0.109771,35.57,33.93,0.07,1.63,170.86,103047.78,103081.71,0.0,0.0,dec_20260711T124205253754
t06_00081,6,2026-03-30 08:00:00+00:00,2026-03-30 10:00:00+00:00,LONG,,CONTINUATION,0.714935,0.904233,0.003,0.001534,309.25,0.01,4497.7518,4339.6685,4813.9182,4527.37,TIMEOUT,0.095774,0.090525,29.62,27.99,0.07,1.62,158.08,103081.71,103109.71,0.0,0.0,dec_20260711T124205259831
t06_00082,6,2026-03-31 19:00:00+00:00,2026-03-31 21:00:00+00:00,LONG,,CONTINUATION,0.83815,0.970784,0.003,0.002631,309.33,0.02,4610.2843,4474.6526,4881.5475,4667.47,TIMEOUT,0.369739,0.359404,114.37,111.17,0.14,3.2,271.26,103109.71,103220.88,0.0,0.0,dec_20260711T124205348646
t06_00083,6,2026-03-31 21:00:00+00:00,2026-03-31 23:00:00+00:00,LONG,,CONTINUATION,0.71028,0.8542,0.003,0.002778,309.66,0.02,4655.3867,4512.001,4942.1582,4667.565,TIMEOUT,0.078656,0.068428,24.36,21.19,0.14,3.17,286.77,103220.88,103242.07,0.0,0.0,dec_20260711T124205360358
t06_00084,6,2026-04-06 06:00:00+00:00,2026-04-06 08:00:00+00:00,LONG,,CONTINUATION,0.78454,0.902016,0.0025,0.002393,258.11,0.02,4648.7368,4525.2128,4895.7846,4652.6025,TIMEOUT,0.029954,0.017529,7.73,4.52,0.14,3.21,247.05,103242.07,103246.6,0.0,0.0,dec_20260711T124205620126
t06_00085,6,2026-04-06 08:00:00+00:00,2026-04-06 10:00:00+00:00,LONG,,CONTINUATION,0.751447,0.903091,0.0025,0.002088,258.12,0.02,4659.9417,4552.1784,4875.4685,4684.755,TIMEOUT,0.192261,0.179837,49.63,46.42,0.14,3.21,215.53,103246.6,103293.02,0.0,0.0,dec_20260711T124205626225
t06_00086,6,2026-04-07 19:00:00+00:00,2026-04-07 21:00:00+00:00,LONG,,CONTINUATION,0.765546,0.767225,0.0025,0.002381,258.23,0.02,4656.3718,4533.4126,4902.29,4662.19,TIMEOUT,0.045063,0.033186,11.64,8.57,0.14,3.07,245.92,103293.02,103301.58,0.0,0.0,dec_20260711T124205721981
t06_00087,6,2026-04-07 20:00:00+00:00,2026-04-07 22:00:00+00:00,LONG,,CONTINUATION,0.871948,0.969095,0.0025,0.002466,258.25,0.02,4657.8917,4530.5367,4912.6017,4700.805,TIMEOUT,0.332339,0.320618,85.83,82.8,0.14,3.03,254.71,103301.58,103384.38,0.0,0.0,dec_20260711T124205728189
t06_00088,6,2026-04-09 17:00:00+00:00,2026-04-09 19:00:00+00:00,LONG,,CONTINUATION,0.826913,0.812438,0.0025,0.001788,258.46,0.02,4765.1792,4672.7637,4950.0103,4788.845,TIMEOUT,0.183129,0.171456,47.33,44.31,0.14,3.02,184.83,103384.38,103428.7,0.0,0.0,dec_20260711T124205915269
t06_00089,6,2026-04-14 01:00:00+00:00,2026-04-14 03:00:00+00:00,LONG,,CONTINUATION,0.891312,0.910092,0.0025,0.002269,258.57,0.03,4746.5467,4668.3239,4902.9925,4769.825,TIMEOUT,0.270081,0.250432,69.83,64.75,0.21,5.08,234.67,103428.7,103493.45,0.0,0.0,dec_20260711T124206172358
t06_00090,6,2026-04-14 02:00:00+00:00,2026-04-14 04:00:00+00:00,LONG,,CONTINUATION,0.808693,0.746106,0.0025,0.002287,258.73,0.03,4758.8768,4679.9723,4916.6857,4764.965,TIMEOUT,0.070594,0.050378,18.26,13.03,0.21,5.23,236.71,103493.45,103506.49,0.0,0.0,dec_20260711T124206178799
t06_00091,6,2026-04-14 08:00:00+00:00,2026-04-14 10:00:00+00:00,LONG,,CONTINUATION,0.860907,0.848292,0.0025,0.00202,258.77,0.03,4774.9518,4705.2585,4914.3382,4777.24,TIMEOUT,0.026528,0.008402,6.86,2.17,0.21,4.69,209.08,103506.49,103508.66,0.0,0.0,dec_20260711T124206213962
t06_00092,6,2026-04-17 16:00:00+00:00,2026-04-17 18:00:00+00:00,LONG,,CONTINUATION,0.821422,0.855211,0.0025,0.001996,258.77,0.02,4847.1368,4743.8505,5053.7093,4867.4,TIMEOUT,0.156612,0.14476,40.53,37.46,0.14,3.07,206.57,103508.66,103546.12,0.0,0.0,dec_20260711T124206537502
t06_00093,6,2026-04-20 23:00:00+00:00,2026-04-21 02:00:00+00:00,LONG,,CONTINUATION,0.795368,0.838334,0.0025,0.001953,258.87,0.03,4815.0517,4747.6378,4949.8796,4821.795,TIMEOUT,0.078146,0.058637,20.23,15.18,0.21,5.05,202.24,103546.12,103561.3,0.0,0.0,dec_20260711T124206693150
t06_00094,6,2026-04-30 09:00:00+00:00,2026-04-30 11:00:00+00:00,LONG,,CONTINUATION,0.917608,0.970957,0.0025,0.001813,258.9,0.02,4563.3568,4469.465,4751.1403,4616.42,TIMEOUT,0.409913,0.397835,106.13,103.0,0.14,3.13,187.78,103561.3,103664.3,0.0,0.0,dec_20260711T124207629464
t06_00095,6,2026-04-30 10:00:00+00:00,2026-04-30 12:00:00+00:00,LONG,,CONTINUATION,0.863242,0.907013,0.0025,0.001917,259.16,0.02,4590.3318,4490.9707,4789.0539,4625.23,TIMEOUT,0.269318,0.257484,69.8,66.73,0.14,3.07,198.72,103664.3,103731.03,0.0,0.0,dec_20260711T124207635997
t06_00096,6,2026-05-05 15:00:00+00:00,2026-05-05 17:00:00+00:00,LONG,,CONTINUATION,0.747897,0.716012,0.0025,0.002011,259.33,0.03,4563.5525,4494.0229,4702.6118,4582.38,TIMEOUT,0.217802,0.200044,56.48,51.88,0.21,4.6,208.59,103731.03,103782.91,0.0,0.0,dec_20260711T124207963237
t06_00097,6,2026-05-06 02:00:00+00:00,2026-05-06 04:00:00+00:00,LONG,,CONTINUATION,0.844282,0.92451,0.0025,0.002336,259.46,0.03,4574.0325,4493.2157,4735.6661,4626.085,TIMEOUT,0.601856,0.58087,156.16,150.71,0.21,5.44,242.45,103782.91,103933.62,0.0,0.0,dec_20260711T124208024695
t06_00098,6,2026-05-06 03:00:00+00:00,2026-05-06 05:00:00+00:00,LONG,,CONTINUATION,0.881788,0.938452,0.0025,0.001718,259.83,0.02,4594.8,4505.5105,4773.3789,4640.83,TIMEOUT,0.354309,0.342224,92.06,88.92,0.14,3.14,178.58,103933.62,104022.54,0.0,0.0,dec_20260711T124208031237
t06_00099,6,2026-05-07 02:00:00+00:00,2026-05-07 04:00:00+00:00,LONG,,CONTINUATION,0.830675,0.834295,0.003,0.002297,312.07,0.03,4695.76,4616.1152,4855.0496,4714.715,TIMEOUT,0.182219,0.164723,56.86,51.4,0.21,5.46,238.93,104022.54,104073.94,0.0,0.0,dec_20260711T124208037895
t06_00100,6,2026-05-07 03:00:00+00:00,2026-05-07 05:00:00+00:00,LONG,,CONTINUATION,0.784677,0.775631,0.003,0.002916,312.22,0.04,4699.7225,4623.8407,4851.4861,4707.23,TIMEOUT,0.096182,0.076004,30.03,23.73,0.28,6.3,303.53,104073.94,104097.67,0.0,0.0,dec_20260711T124208044643
t06_00101,6,2026-05-08 14:00:00+00:00,2026-05-08 16:00:00+00:00,LONG,,CONTINUATION,0.750006,0.892632,0.003,0.002281,312.29,0.03,4720.6825,4641.5198,4879.0079,4747.985,TIMEOUT,0.26228,0.247534,81.91,77.3,0.21,4.6,237.49,104097.67,104174.98,0.0,0.0,dec_20260711T124208106651
t06_00102,6,2026-05-11 23:00:00+00:00,2026-05-12 02:00:00+00:00,LONG,,CONTINUATION,0.808359,0.75223,0.0025,0.001862,260.44,0.02,4734.5325,4637.5621,4928.4732,4767.395,TIMEOUT,0.252361,0.239422,65.73,62.36,0.14,3.37,193.94,104174.98,104237.33,0.0,0.0,dec_20260711T124208281148
t06_00103,6,2026-05-12 01:00:00+00:00,2026-05-12 03:00:00+00:00,LONG,,CONTINUATION,0.892284,0.908165,0.0025,0.001892,260.59,0.02,4738.9075,4640.3141,4936.0943,4749.31,TIMEOUT,0.079838,0.066829,20.81,17.42,0.14,3.39,197.19,104237.33,104254.75,0.0,0.0,dec_20260711T124208287913
t06_00104,6,2026-05-18 23:00:00+00:00,2026-05-19 02:00:00+00:00,LONG,,CONTINUATION,0.683558,0.722908,0.0025,0.002458,260.64,0.03,4559.5875,4474.1755,4730.4114,4581.775,TIMEOUT,0.255381,0.235986,66.56,61.51,0.21,5.05,256.24,104254.75,104316.25,0.0,0.0,dec_20260711T124208909398
t06_00105,6,2026-05-19 01:00:00+00:00,2026-05-19 03:00:00+00:00,LONG,,CONTINUATION,0.883411,0.885062,0.0025,0.001668,260.79,0.02,4568.9775,4481.9904,4742.9518,4563.33,TIMEOUT,-0.043311,-0.05631,-11.3,-14.69,0.14,3.39,173.97,104316.25,104301.57,0.000141,0.000141,dec_20260711T124208916107
t06_00106,6,2026-05-27 01:00:00+00:00,2026-05-27 03:00:00+00:00,LONG,,FAIR_VALUE_GAP,0.832491,0.886293,0.003,0.002453,312.9,0.04,4505.05,4441.0866,4632.9768,4515.09,TIMEOUT,0.128348,0.107638,40.16,33.68,0.28,6.48,255.85,104301.57,104335.25,0.0,0.0,dec_20260711T124209676452
t06_00107,6,2026-05-29 08:00:00+00:00,2026-05-29 10:00:00+00:00,LONG,,CONTINUATION,0.550149,0.688198,0.003,0.002742,313.01,0.04,4514.875,4443.3445,4657.9361,4524.77,TIMEOUT,0.12645,0.107153,39.58,33.54,0.28,6.04,286.12,104335.25,104368.79,0.0,0.0,dec_20260711T124209984618
t06_00108,6,2026-05-29 17:00:00+00:00,2026-05-29 19:00:00+00:00,LONG,,CONTINUATION,0.880918,0.833479,0.003,0.002395,313.11,0.03,4537.6175,4454.31,4704.2325,4566.9,TIMEOUT,0.280564,0.266336,87.85,83.39,0.21,4.46,249.92,104368.79,104452.18,0.0,0.0,dec_20260711T124210036181
t06_00109,6,2026-06-02 08:00:00+00:00,2026-06-02 10:00:00+00:00,LONG,,CONTINUATION,0.866802,0.814987,0.0025,0.002226,261.13,0.03,4518.0725,4440.5546,4673.1082,4535.045,TIMEOUT,0.194989,0.177929,50.92,46.46,0.21,4.46,232.55,104452.18,104498.64,0.0,0.0,dec_20260711T124210225218
t06_00110,6,2026-06-04 13:00:00+00:00,2026-06-04 15:00:00+00:00,LONG,,CONTINUATION,0.83992,0.937149,0.0025,0.002329,261.25,0.03,4471.005,4389.8952,4633.2246,4504.1375,TIMEOUT,0.380469,0.363474,99.4,94.96,0.21,4.44,243.33,104498.64,104593.6,0.0,0.0,dec_20260711T124210525240
t06_00111,6,2026-06-04 14:00:00+00:00,2026-06-04 16:00:00+00:00,LONG,,CONTINUATION,0.842286,0.921431,0.0025,0.002439,261.48,0.03,4474.4125,4389.3623,4644.5129,4495.805,TIMEOUT,0.245439,0.228402,64.18,59.72,0.21,4.46,255.15,104593.6,104653.32,0.0,0.0,dec_20260711T124210532311
t06_00112,6,2026-06-09 14:00:00+00:00,2026-06-09 14:00:00+00:00,LONG,,CONTINUATION,0.739776,0.733725,0.0025,0.002247,261.63,0.04,4339.8125,4281.0202,4457.3971,4281.0202,SL_HIT,-0.898862,-0.921107,-235.17,-240.99,0.28,5.82,235.17,104653.32,104412.33,0.002303,0.002303,dec_20260711T124210860654
t06_00113,6,2026-06-11 19:00:00+00:00,2026-06-11 21:00:00+00:00,LONG,,PULLBACK,0.931614,0.985281,0.0025,0.002261,261.03,0.02,4089.645,3971.627,4325.6811,4161.85,TIMEOUT,0.553231,0.541968,144.41,141.47,0.14,2.94,236.04,104412.33,104553.8,0.0,0.000951,dec_20260711T124211150247
t06_00114,6,2026-06-11 21:00:00+00:00,2026-06-11 23:00:00+00:00,LONG,,CONTINUATION,0.811841,0.991459,0.0025,0.00146,261.38,0.01,4152.5125,3999.8998,4457.7379,4212.23,TIMEOUT,0.22847,0.222903,59.72,58.26,0.07,1.46,152.61,104553.8,104612.07,0.0,0.000394,dec_20260711T124211164387
