{
  "d_model": 64,
  "nhead": 4,
  "num_layers": 4,
  "lr": 0.0007159229054314485,
  "batch_size": 64,
  "dropout": 0.2972550251146772
}