{
  "hidden_size": 85,
  "num_layers": 3,
  "dropout": 0.138715857669238,
  "lr": 0.0005853128620194915,
  "batch_size": 128
}