{
  "features": [
    "n_brokers",
    "ret_1",
    "ret_5",
    "ret_15",
    "price_zscore_60",
    "hl_range",
    "close_pos_in_range",
    "rsi",
    "macd_signal",
    "macd_hist",
    "bb_upper",
    "bb_width",
    "bb_pct_b",
    "atr",
    "adx",
    "plus_di",
    "minus_di",
    "obv",
    "obv_slope_20",
    "sma_20_ratio",
    "sma_200_ratio",
    "realized_vol_10",
    "vol_of_vol_10",
    "realized_vol_20",
    "vol_of_vol_20",
    "realized_vol_60",
    "vol_of_vol_60",
    "realized_vol_120",
    "vol_of_vol_120",
    "vol_ratio_10_60",
    "atr_ratio_5_20",
    "spread_pct",
    "spread_zscore_60",
    "volume_zscore_60",
    "volume_ratio_5_20",
    "body_ratio",
    "upper_wick_ratio",
    "lower_wick_ratio",
    "body_dir",
    "hour_sin",
    "hour_cos",
    "dow_sin",
    "dow_cos",
    "asia_session",
    "eu_session",
    "us_session",
    "month_sin",
    "month_cos",
    "ret_lag_1",
    "ret_lag_2",
    "ret_lag_3",
    "ret_lag_5",
    "ret_lag_10",
    "ret_lag_20",
    "ret_lag_60"
  ],
  "mean": {
    "n_brokers": 1.0,
    "ret_1": 2.87462433771983e-05,
    "ret_5": 0.00014404837353843003,
    "ret_15": 0.0004335409981499066,
    "price_zscore_60": 0.14439500961061352,
    "hl_range": 0.005269695541655753,
    "close_pos_in_range": 0.50551547368061,
    "rsi": 51.792920595710136,
    "macd_signal": 0.4932356750375662,
    "macd_hist": -0.0027179829963592727,
    "bb_upper": 2394.1531582105654,
    "bb_width": 0.013392970295362632,
    "bb_pct_b": 0.5256419806272706,
    "atr": 0.005274766113045344,
    "adx": 46.90631826988006,
    "plus_di": 9.403372849961274,
    "minus_di": 9.605235248248121,
    "obv": 9265272.141470943,
    "obv_slope_20": 11482.015177683572,
    "sma_20_ratio": 1.000257093826934,
    "sma_200_ratio": 1.002715713037821,
    "realized_vol_10": 0.0017852408783939895,
    "vol_of_vol_10": 0.00040675228738374096,
    "realized_vol_20": 0.001873794482045807,
    "vol_of_vol_20": 0.0003125784588831056,
    "realized_vol_60": 0.001947270949902833,
    "vol_of_vol_60": 0.00023963509402670236,
    "realized_vol_120": 0.001977455086041991,
    "vol_of_vol_120": 0.00020686240783108058,
    "vol_ratio_10_60": 0.916710257932533,
    "atr_ratio_5_20": 1.0082373318117392,
    "spread_pct": 5.9588965263949845e-05,
    "spread_zscore_60": -0.0016943724921291117,
    "volume_zscore_60": 0.026659909710889607,
    "volume_ratio_5_20": 1.010711751823058,
    "body_ratio": 0.26655944967361156,
    "upper_wick_ratio": 0.36632834662758434,
    "lower_wick_ratio": 0.36711220369880404,
    "body_dir": 0.010247090290000177,
    "hour_sin": 0.0033654345294783852,
    "hour_cos": -0.04650220892610476,
    "dow_sin": 0.35761243836636447,
    "dow_cos": -0.07820451549312402,
    "asia_session": 0.30828581890463985,
    "eu_session": 0.3928702202228383,
    "us_session": 0.3908824606371293,
    "month_sin": 0.037934333438407596,
    "month_cos": -0.01666961596767976,
    "ret_lag_1": 2.8747121145884558e-05,
    "ret_lag_2": 5.744439499967325e-05,
    "ret_lag_3": 8.622949184257268e-05,
    "ret_lag_5": 0.00014419812918497959,
    "ret_lag_10": 0.0002890063518799302,
    "ret_lag_20": 0.000580430891147177,
    "ret_lag_60": 0.0017539001185982949
  },
  "std": {
    "n_brokers": 1.0,
    "ret_1": 0.002198831431945654,
    "ret_5": 0.00501114693620465,
    "ret_15": 0.008852491760489016,
    "price_zscore_60": 1.4039243582236438,
    "hl_range": 0.004340999633336084,
    "close_pos_in_range": 0.24684372191249074,
    "rsi": 18.416757627784484,
    "macd_signal": 8.274773985214805,
    "macd_hist": 2.5116144466402535,
    "bb_upper": 918.7484126363078,
    "bb_width": 0.010425326424752928,
    "bb_pct_b": 0.33251992513916406,
    "atr": 0.003147578338725264,
    "adx": 18.906114229827892,
    "plus_di": 6.1365296647353045,
    "minus_di": 6.211226185021092,
    "obv": 7833421.251667909,
    "obv_slope_20": 174611.57920586766,
    "sma_20_ratio": 0.005686105778893901,
    "sma_200_ratio": 0.018365627485407144,
    "realized_vol_10": 0.0012746309356886755,
    "vol_of_vol_10": 0.00038128649511877616,
    "realized_vol_20": 0.0011427279728588923,
    "vol_of_vol_20": 0.00028818737364519884,
    "realized_vol_60": 0.0010184229033318296,
    "vol_of_vol_60": 0.00022633307011861526,
    "realized_vol_120": 0.0009578011796708932,
    "vol_of_vol_120": 0.00022868785067793566,
    "vol_ratio_10_60": 0.3794459138577999,
    "atr_ratio_5_20": 0.4036413839175064,
    "spread_pct": 4.534246183326852e-05,
    "spread_zscore_60": 1.0395822468718992,
    "volume_zscore_60": 1.0392717229848933,
    "volume_ratio_5_20": 0.3917458389573267,
    "body_ratio": 0.2053743948836256,
    "upper_wick_ratio": 0.23482475276424322,
    "lower_wick_ratio": 0.23449410723145075,
    "body_dir": 0.3363471943150958,
    "hour_sin": 0.7224148129945305,
    "hour_cos": 0.6899051782243821,
    "dow_sin": 0.5123584243620264,
    "dow_cos": 0.7768583482135919,
    "asia_session": 0.4617913493084358,
    "eu_session": 0.48839476753806776,
    "us_session": 0.4879544958643316,
    "month_sin": 0.7081182850042634,
    "month_cos": 0.7048955349569245,
    "ret_lag_1": 0.002198860182238182,
    "ret_lag_2": 0.0031066979917227884,
    "ret_lag_3": 0.003830393661831695,
    "ret_lag_5": 0.005011126934003328,
    "ret_lag_10": 0.0071617764989089765,
    "ret_lag_20": 0.010335941599315264,
    "ret_lag_60": 0.01795983744580392
  },
  "source": "computed from XAUUSD_H1_canonical.parquet (same data used for training)",
  "note": "These are the original pre-standardization mean/std values. Apply: standardized = (raw - mean) / std"
}