{
  "mean": {
    "n_brokers": 4.020600088563341e-16,
    "ret_1": 0.0014801248049062638,
    "ret_5": 0.0014904120571351475,
    "ret_15": 0.0009664849150152541,
    "price_zscore_60": -2.8406413669197514e-17,
    "hl_range": -0.008656974306272098,
    "close_pos_in_range": 3.9605095981092694e-17,
    "rsi": -1.2018098090814334e-16,
    "macd_signal": 0.0006901367748443642,
    "macd_hist": 0.0012343058924310136,
    "bb_upper": 1.55579742557451e-15,
    "bb_width": -0.006363371431525405,
    "bb_pct_b": -1.0652405125949069e-16,
    "atr": -0.011006224330395043,
    "adx": 4.3702174875688486e-16,
    "plus_di": -0.0005194558880217162,
    "minus_di": -0.00042597355944658065,
    "obv": 0.0,
    "obv_slope_20": 0.0003767955720507514,
    "sma_20_ratio": 0.0016291476757884292,
    "sma_200_ratio": 0.00030583834506970546,
    "realized_vol_10": -0.00500417167506428,
    "vol_of_vol_10": -0.0043947490540079594,
    "realized_vol_20": -0.005539690017384825,
    "vol_of_vol_20": -0.006074843309681835,
    "realized_vol_60": -0.003167644076563329,
    "vol_of_vol_60": -0.005365666567342793,
    "realized_vol_120": -0.0017444304980648196,
    "vol_of_vol_120": -0.0018432840704262197,
    "vol_ratio_10_60": 2.6658326674169975e-16,
    "atr_ratio_5_20": -3.632743286541605e-17,
    "spread_pct": -0.01644924396266375,
    "spread_zscore_60": -0.001738937880353815,
    "volume_zscore_60": -1.466987132980718e-05,
    "volume_ratio_5_20": 1.1130397663651912e-16,
    "body_ratio": 9.832989347029909e-17,
    "upper_wick_ratio": 6.992347980110158e-17,
    "lower_wick_ratio": 8.631179537948476e-17,
    "body_dir": -1.2291236683787387e-17,
    "hour_sin": -1.1813244146084544e-17,
    "hour_cos": -2.048539447297898e-17,
    "dow_sin": 1.9584037116167903e-16,
    "dow_cos": 6.773837105731715e-17,
    "asia_session": 5.954421326812557e-17,
    "eu_session": 1.0249525701313815e-16,
    "us_session": 9.162092678039848e-17,
    "month_sin": -1.1144054593300563e-16,
    "month_cos": -3.496173990055079e-17,
    "ret_lag_1": 0.0014801850633722185,
    "ret_lag_2": 0.0009646806401154216,
    "ret_lag_3": 0.0011289069458608894,
    "ret_lag_5": 0.0014895566299193538,
    "ret_lag_10": 0.0013666349970970217,
    "ret_lag_20": 0.0006346195626381981,
    "ret_lag_60": 0.0001699901057207876
  },
  "std": {
    "n_brokers": 1.0,
    "ret_1": 0.9569319778076452,
    "ret_5": 0.9766875118990258,
    "ret_15": 0.9905884414355098,
    "price_zscore_60": 1.0,
    "hl_range": 0.9298777847439277,
    "close_pos_in_range": 1.0,
    "rsi": 1.0,
    "macd_signal": 0.9950402958310608,
    "macd_hist": 0.987240960267995,
    "bb_upper": 1.0,
    "bb_width": 0.9590156206203047,
    "bb_pct_b": 1.0,
    "atr": 0.9223278366000414,
    "adx": 1.0,
    "plus_di": 0.9970137429770651,
    "minus_di": 0.9975015231841354,
    "obv": 1.0,
    "obv_slope_20": 0.997245412654727,
    "sma_20_ratio": 0.9857409836124686,
    "sma_200_ratio": 0.9983678433803624,
    "realized_vol_10": 0.9684158204318066,
    "vol_of_vol_10": 0.9716806894309551,
    "realized_vol_20": 0.9673470850252146,
    "vol_of_vol_20": 0.960856391414963,
    "realized_vol_60": 0.9823265142170007,
    "vol_of_vol_60": 0.969129502280195,
    "realized_vol_120": 0.9906351812640617,
    "vol_of_vol_120": 0.9903127540660609,
    "vol_ratio_10_60": 1.0,
    "atr_ratio_5_20": 0.9999999999999999,
    "spread_pct": 0.8983560544647573,
    "spread_zscore_60": 0.9848651391658113,
    "volume_zscore_60": 0.9999238455356084,
    "volume_ratio_5_20": 0.9999999999999998,
    "body_ratio": 1.0,
    "upper_wick_ratio": 1.0,
    "lower_wick_ratio": 1.0,
    "body_dir": 0.9999999999999999,
    "hour_sin": 0.9999999999999999,
    "hour_cos": 1.0,
    "dow_sin": 1.0,
    "dow_cos": 1.0,
    "asia_session": 0.9999999999999999,
    "eu_session": 1.0,
    "us_session": 1.0,
    "month_sin": 1.0,
    "month_cos": 0.9999999999999998,
    "ret_lag_1": 0.9569253509137063,
    "ret_lag_2": 0.966904529803203,
    "ret_lag_3": 0.9726990615609464,
    "ret_lag_5": 0.9767136931686381,
    "ret_lag_10": 0.9843172938910745,
    "ret_lag_20": 0.9910230819132924,
    "ret_lag_60": 0.9929461696753369
  }
}