trade_id,fold,segment,timestamp_entry,timestamp_exit,direction,regime,setup,alpha_proba,meta_proba,approved_risk,actual_risk_percent,risk_amount,lot_size,entry_price,sl_price,tp_price,exit_price,exit_reason,r_gross,r_net,pnl_gross,pnl_net,commission,total_cost,monetary_loss_at_sl,equity_before,equity_after,daily_dd_before,total_dd_before,decision_id
t01_00001,1,dev_wfo,2021-05-25 16:00:00+00:00,2021-05-25 18:00:00+00:00,LONG,,CONTINUATION,0.745921,0.882184,0.003,0.002957,300.0,0.14,1884.0573,1862.9339,1926.3041,1892.23,TIMEOUT,0.381391,0.319573,114.42,95.87,0.98,18.55,295.73,100000.0,100095.87,0.0,0.0,dec_20260713T111523665691
t01_00002,1,dev_wfo,2021-05-25 17:00:00+00:00,2021-05-25 19:00:00+00:00,LONG,,CONTINUATION,0.780384,0.815482,0.0025,0.002469,250.24,0.11,1884.944,1862.4765,1929.879,1895.42,TIMEOUT,0.460502,0.402566,115.24,100.74,0.77,14.5,247.14,100095.87,100196.61,0.0,0.0,dec_20260713T111523670619
t01_00003,1,dev_wfo,2021-05-26 05:00:00+00:00,2021-05-26 07:00:00+00:00,LONG,,CONTINUATION,0.574423,0.654307,0.003,0.002929,300.59,0.13,1903.5873,1881.0086,1948.7448,1906.51,TIMEOUT,0.1264,0.068246,37.99,20.51,0.91,17.48,293.52,100196.61,100217.12,0.0,0.0,dec_20260713T111523684300
t01_00004,1,dev_wfo,2021-05-28 14:00:00+00:00,2021-05-28 16:00:00+00:00,LONG,,FAILED_BREAKOUT,0.761733,0.809021,0.0021,0.002027,210.46,0.13,1893.5307,1877.9035,1924.785,1898.26,TIMEOUT,0.292128,0.207422,61.48,43.65,0.91,17.83,203.15,100217.12,100260.78,0.0,0.0,dec_20260713T111523867302
t01_00005,1,dev_wfo,2021-05-28 20:00:00+00:00,2021-05-28 22:00:00+00:00,LONG,,CONTINUATION,0.717346,0.695868,0.0025,0.002396,250.65,0.11,1900.6073,1878.7698,1944.2823,1903.99,TIMEOUT,0.148451,0.089439,37.21,22.42,0.77,14.79,240.21,100260.78,100283.2,0.0,0.0,dec_20260713T111523887958
t01_00006,1,dev_wfo,2021-05-31 02:00:00+00:00,2021-05-31 04:00:00+00:00,LONG,,CONTINUATION,0.747837,0.83033,0.0025,0.002461,250.71,0.12,1904.4207,1883.8533,1945.5553,1907.85,TIMEOUT,0.164142,0.100419,41.15,25.18,0.84,15.98,246.81,100283.2,100308.37,0.0,0.0,dec_20260713T111523891107
t01_00007,1,dev_wfo,2021-05-31 04:00:00+00:00,2021-05-31 06:00:00+00:00,LONG,,CONTINUATION,0.76174,0.795921,0.003,0.002983,300.93,0.15,1905.504,1885.5545,1945.4029,1908.43,TIMEOUT,0.145848,0.077161,43.89,23.22,1.05,20.67,299.24,100308.37,100331.59,0.0,0.0,dec_20260713T111523896747
t01_00008,1,dev_wfo,2021-06-01 14:00:00+00:00,2021-06-01 16:00:00+00:00,LONG,,RANGE_EDGE_REJECTION,0.761481,0.715525,0.0021,0.001978,210.7,0.11,1906.8307,1888.7912,1942.9096,1903.55,TIMEOUT,-0.171274,-0.240778,-36.09,-50.73,0.77,14.64,198.43,100331.59,100280.86,0.000506,0.000506,dec_20260713T111523964850
t01_00009,1,dev_wfo,2021-06-07 20:00:00+00:00,2021-06-07 22:00:00+00:00,LONG,,CONTINUATION,0.765188,0.852204,0.003,0.002966,300.84,0.17,1895.7373,1878.2413,1930.7295,1899.83,TIMEOUT,0.23127,0.157546,69.58,47.4,1.19,22.18,297.43,100280.86,100328.26,0.0,3.3e-05,dec_20260713T111524287769
t01_00010,1,dev_wfo,2021-06-10 21:00:00+00:00,2021-06-10 23:00:00+00:00,LONG,,CONTINUATION,0.661713,0.767902,0.0025,0.002317,250.82,0.08,1895.2523,1866.1918,1953.3734,1898.44,TIMEOUT,0.101672,0.060059,25.5,15.06,0.56,10.44,232.48,100328.26,100343.32,0.0,0.0,dec_20260713T111524454031
t01_00011,1,dev_wfo,2021-06-11 01:00:00+00:00,2021-06-11 03:00:00+00:00,LONG,,CONTINUATION,0.658433,0.714254,0.0025,0.002258,250.86,0.09,1898.7607,1873.5869,1949.1082,1899.53,TIMEOUT,0.027601,-0.019445,6.92,-4.88,0.63,11.8,226.56,100343.32,100338.44,4.9e-05,4.9e-05,dec_20260713T111524463691
t01_00012,1,dev_wfo,2021-06-15 01:00:00+00:00,2021-06-15 03:00:00+00:00,LONG,,CONTINUATION,0.666186,0.719738,0.0025,0.002448,250.85,0.1,1866.954,1842.3954,1916.0711,1866.28,TIMEOUT,-0.026869,-0.080207,-6.74,-20.12,0.7,13.38,245.59,100338.44,100318.32,0.000201,0.000249,dec_20260713T111524565071
t01_00013,1,dev_wfo,2021-06-21 03:00:00+00:00,2021-06-21 05:00:00+00:00,LONG,,FAIR_VALUE_GAP,0.721732,0.8654,0.0016,0.001333,160.51,0.04,1769.7473,1736.3232,1836.5955,1775.79,TIMEOUT,0.150587,0.11907,24.17,19.11,0.28,5.06,133.7,100318.32,100337.43,0.0,5.9e-05,dec_20260713T111524774671
t01_00014,1,dev_wfo,2021-06-21 19:00:00+00:00,2021-06-21 21:00:00+00:00,LONG,,CONTINUATION,0.608063,0.725364,0.0025,0.002381,250.84,0.09,1783.9773,1757.4282,1837.0755,1783.76,TIMEOUT,-0.007798,-0.051021,-1.96,-12.8,0.63,10.84,238.94,100337.43,100324.64,0.000128,0.000186,dec_20260713T111524819147
t01_00015,1,dev_wfo,2021-06-23 14:00:00+00:00,2021-06-23 16:00:00+00:00,LONG,,CONTINUATION,0.736412,0.868214,0.0025,0.002473,250.81,0.17,1783.614,1769.017,1812.8079,1794.35,TIMEOUT,0.72769,0.643778,182.51,161.47,1.19,21.05,248.15,100324.64,100486.1,0.0,0.0,dec_20260713T111524886106
t01_00016,1,dev_wfo,2021-06-23 15:00:00+00:00,2021-06-23 17:00:00+00:00,LONG,,CONTINUATION,0.74025,0.851495,0.0025,0.002433,251.22,0.15,1783.6807,1767.3814,1816.2792,1789.87,TIMEOUT,0.369557,0.29723,92.84,74.67,1.05,18.17,244.49,100486.1,100560.77,0.0,0.0,dec_20260713T111524889025
t01_00017,1,dev_wfo,2021-07-01 05:00:00+00:00,2021-07-01 07:00:00+00:00,LONG,,CONTINUATION,0.650277,0.689741,0.0025,0.002348,251.4,0.11,1771.9573,1750.4905,1814.8909,1774.54,TIMEOUT,0.113005,0.059419,28.41,14.94,0.77,13.47,236.13,100560.77,100575.71,0.0,0.0,dec_20260713T111525174360
t01_00018,1,dev_wfo,2021-07-01 07:00:00+00:00,2021-07-01 09:00:00+00:00,LONG,,CONTINUATION,0.651062,0.701677,0.0025,0.002323,251.44,0.12,1776.554,1757.0829,1815.4961,1777.68,TIMEOUT,0.053738,-0.003436,13.51,-0.86,0.84,14.38,233.65,100575.71,100574.85,9e-06,9e-06,dec_20260713T111525177648
t01_00019,1,dev_wfo,2021-07-05 08:00:00+00:00,2021-07-05 10:00:00+00:00,LONG,,CONTINUATION,0.586438,0.768619,0.003,0.002866,301.72,0.19,1787.994,1772.8247,1818.3326,1792.67,TIMEOUT,0.294458,0.211461,88.84,63.8,1.33,25.04,288.22,100574.85,100638.65,0.0,0.0,dec_20260713T111525231728
t01_00020,1,dev_wfo,2021-07-06 04:00:00+00:00,2021-07-06 06:00:00+00:00,LONG,,CONTINUATION,0.626051,0.885872,0.003,0.002947,301.92,0.26,1792.514,1781.1056,1815.3308,1797.39,TIMEOUT,0.419899,0.308121,126.78,93.03,1.82,33.75,296.62,100638.65,100731.68,0.0,0.0,dec_20260713T111525266128
t01_00021,1,dev_wfo,2021-07-06 10:00:00+00:00,2021-07-06 12:00:00+00:00,LONG,,CONTINUATION,0.617267,0.836129,0.003,0.002983,302.2,0.19,1805.4673,1789.6522,1837.0977,1807.45,TIMEOUT,0.124655,0.047657,37.67,14.4,1.33,23.27,300.49,100731.68,100746.08,0.0,0.0,dec_20260713T111525284093
t01_00022,1,dev_wfo,2021-07-07 13:00:00+00:00,2021-07-07 15:00:00+00:00,LONG,,CONTINUATION,0.587213,0.694893,0.003,0.00284,302.24,0.17,1807.044,1790.2131,1840.7058,1804.54,TIMEOUT,-0.140842,-0.20935,-42.57,-63.27,1.19,20.71,286.13,100746.08,100682.8,0.000628,0.000628,dec_20260713T111525316446
t01_00023,1,dev_wfo,2021-07-08 08:00:00+00:00,2021-07-08 10:00:00+00:00,LONG,,RANGE_EDGE_REJECTION,0.774234,0.905774,0.0021,0.001957,211.43,0.12,1798.3873,1781.9702,1831.2216,1807.35,TIMEOUT,0.508688,0.441451,107.55,93.34,0.84,14.22,197.01,100682.8,100776.14,0.0,0.0,dec_20260713T111525349962
t01_00024,1,dev_wfo,2021-07-13 02:00:00+00:00,2021-07-13 04:00:00+00:00,LONG,,CONTINUATION,0.626161,0.786967,0.0025,0.002328,251.94,0.13,1807.6673,1789.6238,1843.7545,1810.63,TIMEOUT,0.152872,0.083488,38.51,21.03,0.91,17.48,234.57,100776.14,100797.17,0.0,0.0,dec_20260713T111525481893
t01_00025,1,dev_wfo,2021-07-13 03:00:00+00:00,2021-07-13 05:00:00+00:00,LONG,,CONTINUATION,0.663406,0.863455,0.0025,0.002496,251.99,0.14,1807.754,1789.7808,1843.7004,1811.8,TIMEOUT,0.224787,0.15045,56.64,37.91,0.98,18.73,251.63,100797.17,100835.09,0.0,0.0,dec_20260713T111525484921
t01_00026,1,dev_wfo,2021-07-14 09:00:00+00:00,2021-07-14 11:00:00+00:00,LONG,,CONTINUATION,0.735988,0.763059,0.003,0.002964,302.51,0.22,1813.5907,1800.0066,1840.7589,1814.08,TIMEOUT,0.035587,-0.053962,10.77,-16.32,1.54,27.09,298.85,100835.09,100818.76,0.000162,0.000162,dec_20260713T111525505242
t01_00027,1,dev_wfo,2021-07-14 14:00:00+00:00,2021-07-14 16:00:00+00:00,LONG,,CONTINUATION,0.81927,0.879647,0.003,0.00293,302.46,0.17,1815.8107,1798.4342,1850.5635,1823.32,TIMEOUT,0.422068,0.35286,127.66,106.73,1.19,20.93,295.4,100818.76,100925.49,0.0,0.0,dec_20260713T111525511094
t01_00028,1,dev_wfo,2021-07-15 09:00:00+00:00,2021-07-15 11:00:00+00:00,LONG,,CONTINUATION,0.63819,0.672219,0.003,0.002903,302.78,0.22,1829.6807,1816.3616,1856.3189,1832.29,TIMEOUT,0.189594,0.094313,57.41,28.56,1.54,28.85,293.02,100925.49,100954.04,0.0,0.0,dec_20260713T111525522698
t01_00029,1,dev_wfo,2021-07-19 10:00:00+00:00,2021-07-19 12:00:00+00:00,LONG,,LIQUIDITY_SWEEP,0.695688,0.767509,0.003,0.002924,302.86,0.18,1803.924,1787.5236,1836.7247,1802.97,TIMEOUT,-0.056699,-0.129089,-17.17,-39.1,1.26,21.92,295.21,100954.04,100914.95,0.000387,0.000387,dec_20260713T111525628367
t01_00030,1,dev_wfo,2021-07-20 04:00:00+00:00,2021-07-20 06:00:00+00:00,LONG,,CONTINUATION,0.646026,0.81671,0.0025,0.002472,252.29,0.12,1814.0373,1793.2461,1855.6198,1817.21,TIMEOUT,0.150906,0.08885,38.07,22.42,0.84,15.66,249.5,100914.95,100937.36,0.0,0.000165,dec_20260713T111525667511
t01_00031,1,dev_wfo,2021-07-20 13:00:00+00:00,2021-07-20 15:00:00+00:00,LONG,,CONTINUATION,0.650222,0.819323,0.0025,0.002395,252.34,0.16,1816.744,1801.6353,1846.9615,1822.73,TIMEOUT,0.379551,0.301054,95.78,75.97,1.12,19.81,241.74,100937.36,101013.33,0.0,0.0,dec_20260713T111525689172
t01_00032,1,dev_wfo,2021-07-26 07:00:00+00:00,2021-07-26 09:00:00+00:00,LONG,,CONTINUATION,0.656503,0.660077,0.0025,0.002481,252.53,0.18,1807.3307,1793.4073,1835.1775,1807.41,TIMEOUT,0.005655,-0.08639,1.43,-21.82,1.26,23.24,250.62,101013.33,100991.52,0.000216,0.000216,dec_20260713T111525867971
t01_00033,1,dev_wfo,2021-07-26 11:00:00+00:00,2021-07-26 13:00:00+00:00,LONG,,CONTINUATION,0.744195,0.784742,0.003,0.002897,302.97,0.23,1808.421,1795.701,1833.861,1807.74,TIMEOUT,-0.051698,-0.145681,-15.66,-44.14,1.61,28.47,292.56,100991.52,100947.38,0.000653,0.000653,dec_20260713T111525871439
t01_00034,1,dev_wfo,2021-07-28 20:00:00+00:00,2021-07-28 22:00:00+00:00,LONG,,FAILED_BREAKOUT,0.759648,0.848734,0.0011,0.001074,111.04,0.06,1802.9473,1784.8822,1839.0777,1808.76,TIMEOUT,0.314085,0.245749,34.88,27.29,0.42,7.59,108.39,100947.38,100974.67,0.0,0.000383,dec_20260713T111525944325
t01_00035,1,dev_wfo,2021-07-29 03:00:00+00:00,2021-07-29 05:00:00+00:00,LONG,,CONTINUATION,0.674527,0.855749,0.003,0.002955,302.92,0.14,1809.8707,1788.5564,1852.4992,1816.36,TIMEOUT,0.299916,0.242084,90.85,73.33,0.98,17.52,298.4,100974.67,101048.0,0.0,0.0,dec_20260713T111525959525
t01_00036,1,dev_wfo,2021-07-29 04:00:00+00:00,2021-07-29 06:00:00+00:00,LONG,,CONTINUATION,0.683983,0.880786,0.003,0.002803,303.14,0.13,1810.184,1788.3979,1853.7561,1815.07,TIMEOUT,0.209534,0.1573,63.52,47.68,0.91,15.83,283.22,101048.0,101095.68,0.0,0.0,dec_20260713T111525962974
t01_00037,1,dev_wfo,2021-07-30 16:00:00+00:00,2021-07-30 18:00:00+00:00,LONG,,FAILED_BREAKOUT,0.659159,0.74262,0.0021,0.002083,212.3,0.17,1823.5207,1811.1323,1848.2975,1811.1323,SL_HIT,-0.992005,-1.093808,-210.6,-232.22,1.19,21.61,210.6,101095.68,100863.47,0.002297,0.002297,dec_20260713T111525998636
t01_00038,1,dev_wfo,2021-08-04 15:00:00+00:00,2021-08-04 17:00:00+00:00,LONG,,CONTINUATION,0.775733,0.714464,0.003,0.00286,302.59,0.16,1818.3707,1800.3433,1854.4253,1811.68,TIMEOUT,-0.353781,-0.419948,-107.05,-127.07,1.12,20.02,288.44,100863.47,100736.4,0.00126,0.003554,dec_20260713T111526148798
t01_00039,1,dev_wfo,2021-08-09 22:00:00+00:00,2021-08-10 01:00:00+00:00,SHORT,,CONTINUATION,0.427653,0.872574,0.0016,0.001463,161.18,0.05,1727.715,1757.1861,1668.7729,1731.08,TIMEOUT,-0.104386,-0.145334,-16.83,-23.43,0.35,6.6,147.36,100736.4,100712.97,0.000233,0.003786,dec_20260713T111526313590
t01_00040,1,dev_wfo,2021-08-13 06:00:00+00:00,2021-08-13 08:00:00+00:00,LONG,,CONTINUATION,0.793556,0.743459,0.0007,0.00061,70.5,0.05,1755.9307,1743.6394,1780.5132,1755.92,TIMEOUT,-0.000757,-0.088085,-0.05,-6.21,0.35,6.16,61.46,100712.97,100706.76,6.2e-05,0.003847,dec_20260713T111526488645
t02_00001,2,dev_wfo,2022-06-02 09:00:00+00:00,2022-06-02 11:00:00+00:00,LONG,,CONTINUATION,0.711211,0.686504,0.003,0.002962,302.12,0.23,1849.0007,1836.0301,1874.9417,1852.26,TIMEOUT,0.248129,0.154389,74.96,46.64,1.61,28.32,298.32,101413.51999999999,101460.15999999999,0.0,0.0,dec_20260713T111541297366
t02_00002,2,dev_wfo,2022-06-02 12:00:00+00:00,2022-06-02 14:00:00+00:00,LONG,,CONTINUATION,0.67794,0.769105,0.003,0.002918,302.26,0.22,1852.8407,1839.4775,1879.5671,1856.09,TIMEOUT,0.236503,0.14688,71.49,44.4,1.54,27.09,293.99,101460.15999999999,101504.56,0.0,0.0,dec_20260713T111541307514
t02_00003,2,dev_wfo,2022-06-03 03:00:00+00:00,2022-06-03 05:00:00+00:00,LONG,,CONTINUATION,0.631524,0.704526,0.003,0.002895,302.39,0.16,1870.7307,1852.4957,1907.2007,1870.26,TIMEOUT,-0.024904,-0.090056,-7.53,-27.23,1.12,19.7,291.76,101504.56,101477.33,0.00027,0.00027,dec_20260713T111541316733
t02_00004,2,dev_wfo,2022-06-15 10:00:00+00:00,2022-06-15 12:00:00+00:00,LONG,,CONTINUATION,0.810858,0.770199,0.0025,0.002454,251.93,0.12,1821.1407,1800.5355,1862.351,1825.42,TIMEOUT,0.203834,0.145183,51.35,36.58,0.84,14.78,247.26,101477.33,101513.9,0.0,0.0,dec_20260713T111541896029
t02_00005,2,dev_wfo,2022-06-15 11:00:00+00:00,2022-06-15 13:00:00+00:00,LONG,,CONTINUATION,0.781413,0.758117,0.0025,0.002447,252.02,0.12,1821.4107,1800.8533,1862.5253,1825.3,TIMEOUT,0.185192,0.126561,46.67,31.9,0.84,14.78,246.69,101513.9,101545.79999999999,0.0,0.0,dec_20260713T111541898874
t02_00006,2,dev_wfo,2022-06-16 23:00:00+00:00,2022-06-17 02:00:00+00:00,LONG,,CONTINUATION,0.764463,0.682546,0.003,0.002669,302.52,0.07,1852.9207,1814.4778,1929.8064,1850.8,TIMEOUT,-0.04907,-0.077562,-14.84,-23.46,0.49,8.62,269.1,101545.79999999999,101522.34,0.000233,0.000233,dec_20260713T111541983127
t02_00007,2,dev_wfo,2022-06-22 13:00:00+00:00,2022-06-22 15:00:00+00:00,LONG,,RANGE_EDGE_REJECTION,0.89167,0.853247,0.0021,0.001945,211.71,0.1,1829.2107,1809.5992,1868.4335,1844.7,TIMEOUT,0.73163,0.673468,154.89,142.58,0.7,12.31,196.11,101522.34,101664.92,0.0,0.0,dec_20260713T111542196410
t02_00008,2,dev_wfo,2022-06-27 03:00:00+00:00,2022-06-27 05:00:00+00:00,LONG,,FAIR_VALUE_GAP,0.728025,0.719592,0.0025,0.002496,252.4,0.14,1831.6307,1813.6312,1867.6296,1835.55,TIMEOUT,0.217396,0.149097,54.87,37.63,0.98,17.24,251.99,101664.92,101702.54999999999,0.0,0.0,dec_20260713T111542390804
t02_00009,2,dev_wfo,2022-06-27 08:00:00+00:00,2022-06-27 10:00:00+00:00,LONG,,CONTINUATION,0.855597,0.861638,0.0025,0.002498,252.49,0.17,1836.0607,1821.2182,1865.7457,1834.99,TIMEOUT,-0.072087,-0.154992,-18.2,-39.13,1.19,20.93,252.32,101702.54999999999,101663.40999999999,0.000387,0.000387,dec_20260713T111542404692
t02_00010,2,dev_wfo,2022-07-04 04:00:00+00:00,2022-07-04 06:00:00+00:00,LONG,,CONTINUATION,0.808124,0.8572,0.0025,0.002327,252.39,0.09,1808.864,1782.7592,1861.0736,1811.4,TIMEOUT,0.090431,0.045572,22.82,11.5,0.63,11.32,234.94,101663.40999999999,101674.92,0.0,0.000274,dec_20260713T111542691177
t02_00011,2,dev_wfo,2022-07-04 06:00:00+00:00,2022-07-04 08:00:00+00:00,LONG,,CONTINUATION,0.867838,0.842499,0.0025,0.002307,252.42,0.1,1810.2307,1786.9335,1856.825,1812.64,TIMEOUT,0.095449,0.046668,24.09,11.78,0.7,12.31,232.97,101674.92,101686.7,0.0,0.000157,dec_20260713T111542696523
t02_00012,2,dev_wfo,2022-07-18 03:00:00+00:00,2022-07-18 05:00:00+00:00,LONG,,FAIR_VALUE_GAP,0.832747,0.778589,0.0021,0.001926,212.06,0.11,1710.8907,1693.2144,1746.2432,1713.79,TIMEOUT,0.150395,0.086523,31.89,18.35,0.77,13.54,194.44,101686.7,101705.04,0.0,0.0,dec_20260713T111543345726
t02_00013,2,dev_wfo,2022-07-21 21:00:00+00:00,2022-07-21 23:00:00+00:00,LONG,,CONTINUATION,0.648136,0.71175,0.0025,0.002455,252.5,0.06,1714.4607,1673.1325,1797.1171,1718.264,TIMEOUT,0.090376,0.061117,22.82,15.43,0.42,7.39,247.97,101705.04,101720.48,0.0,0.0,dec_20260713T111543598914
t02_00014,2,dev_wfo,2022-07-22 13:00:00+00:00,2022-07-22 15:00:00+00:00,LONG,,CONTINUATION,0.647875,0.650841,0.003,0.002951,303.04,0.17,1724.8707,1707.338,1759.936,1724.11,TIMEOUT,-0.042672,-0.111748,-12.93,-33.86,1.19,20.93,298.06,101720.48,101686.61,0.000335,0.000335,dec_20260713T111543660823
t02_00015,2,dev_wfo,2022-07-27 20:00:00+00:00,2022-07-27 22:00:00+00:00,LONG,,CONTINUATION,0.913013,0.874105,0.0025,0.002483,252.45,0.1,1721.3507,1696.2766,1771.4989,1734.48,TIMEOUT,0.520077,0.471301,131.29,118.98,0.7,12.31,250.74,101686.61,101805.59,0.0,0.0,dec_20260713T111543890804
t02_00016,2,dev_wfo,2022-07-27 21:00:00+00:00,2022-07-27 23:00:00+00:00,LONG,,CONTINUATION,0.91021,0.882229,0.0025,0.002407,252.75,0.09,1722.0457,1695.0026,1776.1317,1734.67,TIMEOUT,0.449531,0.405685,113.62,102.54,0.63,11.08,243.39,101805.59,101908.12999999999,0.0,0.0,dec_20260713T111543893676
t02_00017,2,dev_wfo,2022-07-28 10:00:00+00:00,2022-07-28 12:00:00+00:00,LONG,,CONTINUATION,0.786157,0.794274,0.003,0.00289,303.6,0.12,1741.8807,1717.5101,1790.6217,1741.3,TIMEOUT,-0.022951,-0.071621,-6.97,-21.74,0.84,14.78,292.45,101908.12999999999,101886.37999999999,0.000215,0.000215,dec_20260713T111543922187
t02_00018,2,dev_wfo,2022-07-29 09:00:00+00:00,2022-07-29 11:00:00+00:00,LONG,,CONTINUATION,0.690834,0.674824,0.003,0.002856,303.54,0.18,1764.244,1748.191,1796.3501,1763.8,TIMEOUT,-0.026329,-0.100929,-7.99,-30.64,1.26,22.64,288.95,101886.37999999999,101855.75,0.000303,0.000518,dec_20260713T111543988333
t02_00019,2,dev_wfo,2022-08-01 12:00:00+00:00,2022-08-01 14:00:00+00:00,LONG,,CONTINUATION,0.808184,0.766971,0.0016,0.001597,161.84,0.09,1766.0907,1748.1425,1801.9871,1772.63,TIMEOUT,0.363655,0.29518,58.85,47.77,0.63,11.08,161.53,101855.75,101903.51999999999,0.0,4.6e-05,dec_20260713T111544062382
t02_00020,2,dev_wfo,2022-08-02 03:00:00+00:00,2022-08-02 05:00:00+00:00,LONG,,CONTINUATION,0.908492,0.88137,0.003,0.002863,303.59,0.18,1772.9507,1756.8553,1805.1414,1775.61,TIMEOUT,0.157673,0.081109,47.87,24.62,1.26,23.24,289.72,101903.51999999999,101928.14,0.0,0.0,dec_20260713T111544094847
t02_00021,2,dev_wfo,2022-08-02 15:00:00+00:00,2022-08-02 17:00:00+00:00,LONG,,CONTINUATION,0.816125,0.796275,0.003,0.002909,303.66,0.14,1779.1707,1758.1348,1821.2425,1776.8,TIMEOUT,-0.109298,-0.166067,-33.19,-50.43,0.98,17.24,294.5,101928.14,101877.72,0.000498,0.000498,dec_20260713T111544127483
t02_00022,2,dev_wfo,2022-08-04 08:00:00+00:00,2022-08-04 10:00:00+00:00,LONG,,CONTINUATION,0.812681,0.814473,0.0025,0.002496,252.93,0.16,1771.5707,1755.7866,1803.1389,1773.08,TIMEOUT,0.095478,0.016321,24.15,4.13,1.12,20.02,252.55,101877.72,101881.84,0.0,0.000457,dec_20260713T111544213714
t02_00023,2,dev_wfo,2022-08-04 10:00:00+00:00,2022-08-04 12:00:00+00:00,LONG,,CONTINUATION,0.880083,0.831969,0.0025,0.002474,252.94,0.16,1772.3107,1756.6682,1803.5957,1779.76,TIMEOUT,0.471216,0.393326,119.19,99.49,1.12,19.7,250.28,101881.84,101981.33,0.0,0.0,dec_20260713T111544223597
t02_00024,2,dev_wfo,2022-08-08 13:00:00+00:00,2022-08-08 15:00:00+00:00,LONG,,CONTINUATION,0.707821,0.731464,0.0025,0.002485,253.19,0.18,1778.2507,1764.2719,1806.2082,1781.9,TIMEOUT,0.259442,0.171903,65.69,43.52,1.26,22.16,251.62,101981.33,102024.86,0.0,0.0,dec_20260713T111544317536
t02_00025,2,dev_wfo,2022-08-08 15:00:00+00:00,2022-08-08 17:00:00+00:00,LONG,,CONTINUATION,0.802332,0.758711,0.0025,0.002416,253.3,0.15,1783.4807,1767.1623,1816.1175,1787.5,TIMEOUT,0.238018,0.165101,60.29,41.82,1.05,18.47,244.78,102024.86,102066.68,0.0,0.0,dec_20260713T111544326596
t02_00026,2,dev_wfo,2022-08-10 10:00:00+00:00,2022-08-10 12:00:00+00:00,LONG,,RANGE_EDGE_REJECTION,0.661696,0.76958,0.0021,0.002024,212.86,0.21,1790.3007,1780.5333,1809.8353,1794.21,TIMEOUT,0.385681,0.264202,82.1,56.24,1.47,25.86,205.11,102066.68,102122.90999999999,0.0,0.0,dec_20260713T111544424448
t02_00027,2,dev_wfo,2022-08-10 13:00:00+00:00,2022-08-10 15:00:00+00:00,LONG,,RANGE_EDGE_REJECTION,0.781336,0.759216,0.0021,0.002024,212.97,0.15,1794.7907,1781.1044,1822.1632,1797.38,TIMEOUT,0.182373,0.095647,38.84,20.37,1.05,18.47,205.29,102122.90999999999,102143.28,0.0,0.0,dec_20260713T111544437805
t02_00028,2,dev_wfo,2022-08-12 21:00:00+00:00,2022-08-12 23:00:00+00:00,LONG,,CONTINUATION,0.723834,0.737344,0.003,0.002999,304.31,0.14,1799.5507,1777.8239,1843.0042,1801.68,TIMEOUT,0.097962,0.041313,29.81,12.57,0.98,17.24,304.17,102143.28,102155.86,0.0,0.0,dec_20260713T111544579327
t02_00029,2,dev_wfo,2022-08-16 16:00:00+00:00,2022-08-16 18:00:00+00:00,LONG,,LIQUIDITY_SWEEP,0.644756,0.69739,0.003,0.002902,304.35,0.2,1772.4207,1757.6982,1801.8657,1774.36,TIMEOUT,0.127441,0.046525,38.79,14.16,1.4,24.63,294.45,102155.86,102170.01999999999,0.0,0.0,dec_20260713T111544702199
t02_00030,2,dev_wfo,2022-08-23 18:00:00+00:00,2022-08-23 20:00:00+00:00,LONG,,CONTINUATION,0.702282,0.701094,0.0025,0.002408,253.66,0.1,1750.4407,1726.0053,1799.3114,1746.95,TIMEOUT,-0.137612,-0.186155,-34.91,-47.22,0.7,12.31,244.35,102170.01999999999,102122.79999999999,0.000465,0.000465,dec_20260713T111545037602
t02_00031,2,dev_wfo,2022-08-24 10:00:00+00:00,2022-08-24 12:00:00+00:00,LONG,,PULLBACK,0.663439,0.750044,0.003,0.002911,304.25,0.28,1747.7807,1737.2378,1768.8664,1748.91,TIMEOUT,0.103932,-0.009387,31.62,-2.86,1.96,34.48,295.2,102122.79999999999,102119.93999999999,2.8e-05,0.000494,dec_20260713T111545063026
t02_00032,2,dev_wfo,2022-08-24 15:00:00+00:00,2022-08-24 17:00:00+00:00,LONG,,RANGE_EDGE_REJECTION,0.791828,0.769547,0.0011,0.001058,111.55,0.07,1746.1207,1730.7885,1776.785,1752.26,TIMEOUT,0.385256,0.307987,42.98,34.36,0.49,8.62,107.32,102119.93999999999,102154.29999999999,0.0,0.000155,dec_20260713T111545069141
t02_00033,2,dev_wfo,2022-08-25 02:00:00+00:00,2022-08-25 04:00:00+00:00,LONG,,CONTINUATION,0.859935,0.833107,0.003,0.002894,304.34,0.16,1751.9473,1733.6007,1788.6405,1755.26,TIMEOUT,0.174156,0.108721,53.0,33.09,1.12,19.91,293.55,102154.29999999999,102187.37999999999,0.0,0.0,dec_20260713T111545072415
t02_00034,2,dev_wfo,2022-08-25 10:00:00+00:00,2022-08-25 12:00:00+00:00,LONG,,CONTINUATION,0.791144,0.707515,0.003,0.00292,304.44,0.2,1761.1007,1746.2833,1790.7353,1763.1,TIMEOUT,0.131345,0.050453,39.99,15.36,1.4,24.63,296.35,102187.37999999999,102202.73999999999,0.0,0.0,dec_20260713T111545093062
t02_00035,2,dev_wfo,2022-09-02 10:00:00+00:00,2022-09-02 12:00:00+00:00,LONG,,CONTINUATION,0.699706,0.705852,0.0025,0.002494,253.74,0.21,1703.2407,1691.185,1727.3521,1707.07,TIMEOUT,0.316923,0.215015,80.42,54.56,1.47,25.86,253.17,102202.73999999999,102257.29999999999,0.0,0.0,dec_20260713T111545392494
t02_00036,2,dev_wfo,2022-09-02 13:00:00+00:00,2022-09-02 15:00:00+00:00,LONG,,CONTINUATION,0.692211,0.79254,0.0025,0.002413,253.88,0.18,1707.6407,1694.0278,1734.8664,1708.82,TIMEOUT,0.083614,-0.003687,21.23,-0.94,1.26,22.16,245.03,102257.29999999999,102256.37,9e-06,9e-06,dec_20260713T111545400985
t02_00037,2,dev_wfo,2022-09-06 03:00:00+00:00,2022-09-06 05:00:00+00:00,LONG,,CONTINUATION,0.854446,0.835739,0.003,0.002935,304.65,0.23,1714.484,1701.5245,1740.4029,1719.42,TIMEOUT,0.372651,0.279186,113.53,85.05,1.61,28.47,298.07,102256.37,102341.42,0.0,0.0,dec_20260713T111545442416
t02_00038,2,dev_wfo,2022-09-07 16:00:00+00:00,2022-09-07 18:00:00+00:00,LONG,,PULLBACK,0.904415,0.858719,0.0025,0.00247,254.09,0.1,1700.8807,1675.7732,1751.0957,1710.59,TIMEOUT,0.382122,0.333661,97.09,84.78,0.7,12.31,251.07,102341.42,102426.2,0.0,0.0,dec_20260713T111545534223
t02_00039,2,dev_wfo,2022-09-07 17:00:00+00:00,2022-09-07 19:00:00+00:00,LONG,,PULLBACK,0.665699,0.670005,0.0025,0.002362,254.3,0.09,1704.7307,1678.0319,1758.1282,1714.81,TIMEOUT,0.35672,0.313142,90.71,79.63,0.63,11.08,240.29,102426.2,102505.83,0.0,0.0,dec_20260713T111545537407
t02_00040,2,dev_wfo,2022-09-08 09:00:00+00:00,2022-09-08 11:00:00+00:00,LONG,,CONTINUATION,0.689254,0.76227,0.003,0.002948,305.4,0.22,1716.7307,1703.0916,1744.0089,1718.04,TIMEOUT,0.09432,0.005619,28.81,1.72,1.54,27.09,300.06,102505.83,102507.54999999999,0.0,0.0,dec_20260713T111545559547
t02_00041,2,dev_wfo,2022-09-09 10:00:00+00:00,2022-09-09 12:00:00+00:00,LONG,,CONTINUATION,0.786333,0.705269,0.003,0.002912,305.4,0.16,1723.1107,1704.5855,1760.161,1726.99,TIMEOUT,0.203239,0.13873,62.07,42.37,1.12,19.7,296.4,102507.54999999999,102549.92,0.0,0.0,dec_20260713T111545623490
t02_00042,2,dev_wfo,2022-09-12 14:00:00+00:00,2022-09-12 16:00:00+00:00,LONG,,CONTINUATION,0.707927,0.669184,0.003,0.002986,305.53,0.14,1727.5607,1705.8364,1771.0092,1725.85,TIMEOUT,-0.078386,-0.134808,-23.95,-41.19,0.98,17.24,304.14,102549.92,102508.73,0.000404,0.000404,dec_20260713T111545689289
t02_00043,2,dev_wfo,2022-09-21 12:00:00+00:00,2022-09-21 14:00:00+00:00,LONG,,CONTINUATION,0.827199,0.786917,0.0025,0.002485,254.5,0.16,1671.7407,1655.9285,1703.365,1674.86,TIMEOUT,0.196107,0.118695,49.91,30.21,1.12,19.7,252.99,102508.73,102538.93999999999,0.0,0.000108,dec_20260713T111546055996
t02_00044,2,dev_wfo,2022-09-21 13:00:00+00:00,2022-09-21 15:00:00+00:00,LONG,,CONTINUATION,0.687128,0.672801,0.0025,0.002396,254.58,0.15,1674.0007,1657.7339,1706.5342,1673.9,TIMEOUT,-0.005931,-0.078482,-1.51,-19.98,1.05,18.47,244.0,102538.93999999999,102518.95999999999,0.000196,0.000304,dec_20260713T111546059568
t02_00045,2,dev_wfo,2022-09-26 04:00:00+00:00,2022-09-26 06:00:00+00:00,LONG,,LIQUIDITY_SWEEP,0.769966,0.674753,0.003,0.002842,305.44,0.12,1628.5807,1604.4653,1676.8114,1638.11,TIMEOUT,0.374384,0.326008,114.35,99.58,0.84,14.78,289.38,102518.95999999999,102618.53,0.0,0.0,dec_20260713T111546173279
t02_00046,2,dev_wfo,2022-09-28 18:00:00+00:00,2022-09-28 20:00:00+00:00,LONG,,CONTINUATION,0.796373,0.697304,0.0025,0.002108,254.78,0.05,1651.1707,1608.2128,1737.0864,1660.36,TIMEOUT,0.180339,0.156174,45.95,39.79,0.35,6.16,214.79,102618.53,102658.31999999999,0.0,0.0,dec_20260713T111546319839
t02_00047,2,dev_wfo,2022-09-30 09:00:00+00:00,2022-09-30 11:00:00+00:00,LONG,,CONTINUATION,0.778547,0.741156,0.003,0.002861,305.85,0.17,1668.2607,1651.1035,1702.575,1671.7,TIMEOUT,0.191168,0.122727,58.47,37.54,1.19,20.93,291.67,102658.31999999999,102695.86,0.0,0.0,dec_20260713T111546410412
t02_00048,2,dev_wfo,2022-10-03 03:00:00+00:00,2022-10-03 05:00:00+00:00,LONG,,FAIR_VALUE_GAP,0.801882,0.843522,0.0021,0.001962,214.18,0.09,1664.4207,1642.1905,1708.881,1663.54,TIMEOUT,-0.037006,-0.088748,-7.93,-19.01,0.63,11.08,200.07,102695.86,102676.84999999999,0.000186,0.000186,dec_20260713T111546443887
t02_00049,2,dev_wfo,2022-10-03 14:00:00+00:00,2022-10-03 16:00:00+00:00,LONG,,RANGE_EDGE_REJECTION,0.752608,0.72813,0.0021,0.001933,214.14,0.11,1666.0007,1648.0783,1701.8453,1668.96,TIMEOUT,0.152016,0.088764,32.55,19.01,0.77,13.54,197.15,102676.84999999999,102695.86,0.0,0.0,dec_20260713T111546457915
t02_00050,2,dev_wfo,2022-10-04 09:00:00+00:00,2022-10-04 11:00:00+00:00,LONG,,CONTINUATION,0.661221,0.691265,0.003,0.002978,305.97,0.13,1703.8007,1680.4366,1750.5289,1708.57,TIMEOUT,0.202639,0.150322,62.0,45.99,0.91,16.01,303.73,102695.86,102741.84999999999,0.0,0.0,dec_20260713T111546480057
t02_00051,2,dev_wfo,2022-10-06 04:00:00+00:00,2022-10-06 06:00:00+00:00,LONG,,CONTINUATION,0.716614,0.712862,0.003,0.002811,306.11,0.13,1720.8607,1698.7966,1764.9889,1721.91,TIMEOUT,0.044564,-0.007729,13.64,-2.37,0.91,16.01,286.83,102741.84999999999,102739.48999999999,2.3e-05,2.3e-05,dec_20260713T111546573815
t02_00052,2,dev_wfo,2022-10-11 14:00:00+00:00,2022-10-11 16:00:00+00:00,LONG,,RANGE_EDGE_REJECTION,0.738765,0.667069,0.0021,0.001953,214.27,0.1,1667.5107,1647.5791,1707.3739,1667.04,TIMEOUT,-0.021966,-0.079432,-4.71,-17.02,0.7,12.31,199.32,102739.48999999999,102722.47,0.000167,0.00019,dec_20260713T111546757243
t02_00053,2,dev_wfo,2022-10-12 21:00:00+00:00,2022-10-12 23:00:00+00:00,LONG,,PULLBACK,0.616426,0.719899,0.0014,0.001229,142.82,0.07,1671.4107,1653.5064,1707.2192,1673.12,TIMEOUT,0.083779,0.023428,11.97,3.35,0.49,8.62,125.33,102722.47,102725.81,0.0,0.000157,dec_20260713T111546820199
t02_00054,2,dev_wfo,2022-10-12 22:00:00+00:00,2022-10-13 01:00:00+00:00,LONG,,CONTINUATION,0.768092,0.780774,0.003,0.002984,306.06,0.17,1673.37,1655.4604,1709.1893,1673.32,TIMEOUT,-0.002777,-0.072208,-0.85,-22.1,1.19,21.25,304.46,102725.81,102703.70999999999,0.000217,0.000374,dec_20260713T111546823423
t02_00055,2,dev_wfo,2022-10-17 13:00:00+00:00,2022-10-17 15:00:00+00:00,LONG,,CONTINUATION,0.883139,0.832424,0.0025,0.002359,254.99,0.13,1657.5607,1639.0508,1694.5803,1666.25,TIMEOUT,0.443003,0.380227,112.96,96.95,0.91,16.01,240.63,102703.70999999999,102800.67,0.0,0.0,dec_20260713T111546936455
t02_00056,2,dev_wfo,2022-10-17 14:00:00+00:00,2022-10-17 16:00:00+00:00,LONG,,CONTINUATION,0.838601,0.814575,0.0025,0.002392,255.23,0.12,1657.7007,1637.3501,1698.4017,1664.73,TIMEOUT,0.330494,0.272601,84.35,69.58,0.84,14.78,244.21,102800.67,102870.23999999999,0.0,0.0,dec_20260713T111546939552
t02_00057,2,dev_wfo,2022-10-20 13:00:00+00:00,2022-10-20 15:00:00+00:00,LONG,,CONTINUATION,0.725006,0.709024,0.0025,0.00248,255.41,0.13,1635.1407,1615.6501,1674.1217,1632.66,TIMEOUT,-0.126262,-0.188935,-32.25,-48.26,0.91,16.01,253.38,102870.23999999999,102821.98999999999,0.000472,0.000472,dec_20260713T111547067698
t02_00058,2,dev_wfo,2022-10-21 21:00:00+00:00,2022-10-21 23:00:00+00:00,LONG,,CONTINUATION,0.800359,0.759459,0.0025,0.002204,255.29,0.06,1652.3907,1614.8751,1727.4217,1656.995,TIMEOUT,0.108214,0.079275,27.63,20.24,0.42,7.39,225.09,102821.98999999999,102842.22,0.0,0.000274,dec_20260713T111547140063
t02_00059,2,dev_wfo,2022-10-26 06:00:00+00:00,2022-10-26 08:00:00+00:00,LONG,,CONTINUATION,0.725223,0.694292,0.0025,0.002421,255.34,0.13,1656.9407,1637.9221,1694.9778,1658.72,TIMEOUT,0.09059,0.0279,23.13,7.12,0.91,16.01,247.24,102842.22,102849.34999999999,0.0,0.000205,dec_20260713T111547259472
t02_00060,2,dev_wfo,2022-10-26 07:00:00+00:00,2022-10-26 09:00:00+00:00,LONG,,CONTINUATION,0.897555,0.842887,0.0025,0.002376,255.36,0.14,1657.6807,1640.3455,1692.351,1665.06,TIMEOUT,0.404569,0.337061,103.31,86.07,0.98,17.24,242.69,102849.34999999999,102935.42,0.0,0.0,dec_20260713T111547262804
t02_00061,2,dev_wfo,2022-11-01 14:00:00+00:00,2022-11-01 16:00:00+00:00,LONG,,CONTINUATION,0.745519,0.797379,0.0025,0.002415,255.57,0.11,1651.5607,1629.1121,1696.4578,1645.03,TIMEOUT,-0.281087,-0.334085,-71.84,-85.38,0.77,13.54,246.93,102935.42,102850.04,0.000835,0.000835,dec_20260713T111547432591
t02_00062,2,dev_wfo,2022-11-02 09:00:00+00:00,2022-11-02 11:00:00+00:00,LONG,,CONTINUATION,0.772554,0.793233,0.003,0.002924,306.43,0.23,1651.504,1638.5186,1677.4747,1654.26,TIMEOUT,0.20686,0.113938,63.39,34.91,1.61,28.47,298.66,102850.04,102884.95,0.0,0.000494,dec_20260713T111547460694
t02_00063,2,dev_wfo,2022-11-02 10:00:00+00:00,2022-11-02 12:00:00+00:00,LONG,,CONTINUATION,0.653449,0.676785,0.003,0.002991,306.53,0.24,1653.1107,1640.3782,1678.5757,1655.03,TIMEOUT,0.150276,0.053867,46.06,16.51,1.68,29.55,305.58,102884.95,102901.45999999999,0.0,0.000332,dec_20260713T111547464214
t02_00064,2,dev_wfo,2022-11-04 03:00:00+00:00,2022-11-04 05:00:00+00:00,LONG,,CONTINUATION,0.883482,0.846373,0.0025,0.002313,255.49,0.12,1631.0207,1611.3201,1670.4217,1638.83,TIMEOUT,0.366793,0.308959,93.71,78.94,0.84,14.78,236.41,102901.45999999999,102980.4,0.0,0.0,dec_20260713T111547510302
t02_00065,2,dev_wfo,2022-11-04 04:00:00+00:00,2022-11-04 06:00:00+00:00,LONG,,CONTINUATION,0.837303,0.758875,0.0025,0.002374,255.68,0.12,1634.234,1614.0028,1674.6965,1646.51,TIMEOUT,0.576158,0.518054,147.31,132.46,0.84,14.86,242.78,102980.4,103112.86,0.0,0.0,dec_20260713T111547513501
t02_00066,2,dev_wfo,2022-11-07 11:00:00+00:00,2022-11-07 13:00:00+00:00,LONG,,CONTINUATION,0.654793,0.655183,0.003,0.002849,307.22,0.15,1675.5307,1656.0812,1714.4296,1677.04,TIMEOUT,0.073693,0.013573,22.64,4.17,1.05,18.47,291.74,103112.86,103117.03,0.0,0.0,dec_20260713T111547535507
t02_00067,2,dev_wfo,2022-11-09 09:00:00+00:00,2022-11-09 11:00:00+00:00,LONG,,CONTINUATION,0.66886,0.804239,0.003,0.002955,307.23,0.23,1710.7407,1697.5816,1737.0589,1707.94,TIMEOUT,-0.209665,-0.301846,-64.42,-92.74,1.61,28.32,302.66,103117.03,103024.29,0.000906,0.000906,dec_20260713T111547624878
t02_00068,2,dev_wfo,2022-11-09 16:00:00+00:00,2022-11-09 18:00:00+00:00,LONG,,RANGE_EDGE_REJECTION,0.772984,0.72061,0.0021,0.001999,214.87,0.11,1710.6407,1692.0476,1747.8267,1712.09,TIMEOUT,0.074197,0.01116,15.94,2.4,0.77,13.54,204.52,103024.29,103026.68999999999,0.000882,0.000882,dec_20260713T111547636217
t02_00069,2,dev_wfo,2022-11-10 21:00:00+00:00,2022-11-10 23:00:00+00:00,LONG,,CONTINUATION,0.679083,0.684231,0.003,0.002879,306.96,0.08,1751.2307,1714.4098,1824.8725,1754.56,TIMEOUT,0.086769,0.054678,26.63,16.78,0.56,9.85,294.57,103026.68999999999,103043.47,0.0,0.000718,dec_20260713T111547680601
t02_00070,2,dev_wfo,2022-11-11 20:00:00+00:00,2022-11-11 22:00:00+00:00,LONG,,CONTINUATION,0.658913,0.650362,0.003,0.002951,307.01,0.12,1765.1607,1739.9907,1815.5007,1767.655,TIMEOUT,0.097495,0.049366,29.93,15.16,0.84,14.78,302.04,103043.47,103058.62999999999,0.0,0.00057,dec_20260713T111547735904
t02_00071,2,dev_wfo,2022-11-11 22:00:00+00:00,2022-11-14 01:00:00+00:00,LONG,,CONTINUATION,0.739229,0.694359,0.003,0.00293,307.06,0.13,1768.5257,1745.4569,1814.6632,1763.17,TIMEOUT,-0.226743,-0.278874,-69.62,-85.63,0.91,16.01,299.89,103058.62999999999,102973.0,0.000837,0.001406,dec_20260713T111547742423
t02_00072,2,dev_wfo,2022-11-14 20:00:00+00:00,2022-11-14 22:00:00+00:00,LONG,,CONTINUATION,0.682227,0.707281,0.003,0.002892,306.8,0.13,1771.4107,1748.661,1816.91,1771.955,TIMEOUT,0.023065,-0.02911,7.08,-8.93,0.91,16.01,295.75,102973.0,102964.06999999999,8.7e-05,0.001494,dec_20260713T111547781288
t02_00073,2,dev_wfo,2022-11-15 20:00:00+00:00,2022-11-15 22:00:00+00:00,LONG,,RANGE_EDGE_REJECTION,0.731479,0.672387,0.0011,0.001089,112.48,0.04,1773.0207,1745.1869,1828.6882,1778.245,TIMEOUT,0.185787,0.141999,20.9,15.97,0.28,4.93,111.33,102964.06999999999,102980.04,0.0,0.001338,dec_20260713T111547829465
t02_00074,2,dev_wfo,2022-11-16 01:00:00+00:00,2022-11-16 03:00:00+00:00,LONG,,CONTINUATION,0.612279,0.702414,0.003,0.002976,306.82,0.12,1778.5207,1753.1564,1829.2492,1774.13,TIMEOUT,-0.171723,-0.219881,-52.69,-67.46,0.84,14.78,304.37,102980.04,102912.56999999999,0.00066,0.001996,dec_20260713T111547838973
t02_00075,2,dev_wfo,2022-11-16 10:00:00+00:00,2022-11-16 12:00:00+00:00,LONG,,CONTINUATION,0.727275,0.699214,0.003,0.002883,306.62,0.15,1777.3807,1757.7376,1816.6667,1781.98,TIMEOUT,0.225002,0.164764,68.99,50.52,1.05,18.47,294.65,102912.56999999999,102963.09,0.0,0.001503,dec_20260713T111547856020
t02_00076,2,dev_wfo,2022-11-16 11:00:00+00:00,2022-11-16 13:00:00+00:00,LONG,,CONTINUATION,0.798214,0.768608,0.003,0.002828,306.77,0.15,1779.7807,1760.4987,1818.3446,1783.22,TIMEOUT,0.168172,0.107964,51.59,33.12,1.05,18.47,289.23,102963.09,102996.20999999999,0.0,0.00118,dec_20260713T111547859307
t02_00077,2,dev_wfo,2022-11-23 20:00:00+00:00,2022-11-23 22:00:00+00:00,LONG,,CONTINUATION,0.875127,0.837646,0.0025,0.002315,255.72,0.09,1743.8507,1717.5457,1796.4607,1751.075,TIMEOUT,0.254259,0.210922,65.02,53.94,0.63,11.08,236.75,102996.20999999999,103050.15,0.0,0.000653,dec_20260713T111548109724
t02_00078,2,dev_wfo,2022-11-23 21:00:00+00:00,2022-11-23 23:00:00+00:00,LONG,,CONTINUATION,0.862304,0.872833,0.0025,0.002351,255.86,0.09,1744.3607,1717.6228,1797.8364,1749.4,TIMEOUT,0.177261,0.133948,45.35,34.27,0.63,11.08,240.64,103050.15,103084.42,0.0,0.000318,dec_20260713T111548113404
t02_00079,2,dev_wfo,2022-11-24 03:00:00+00:00,2022-11-24 05:00:00+00:00,LONG,,CONTINUATION,0.663039,0.705445,0.003,0.002989,307.13,0.13,1754.0807,1730.5444,1801.1532,1755.98,TIMEOUT,0.080394,0.028275,24.69,8.68,0.91,16.01,305.97,103084.42,103093.11,0.0,0.000234,dec_20260713T111548119740
t02_00080,2,dev_wfo,2022-11-24 12:00:00+00:00,2022-11-24 14:00:00+00:00,LONG,,CONTINUATION,0.655813,0.759825,0.003,0.002983,307.16,0.25,1756.9707,1744.7537,1781.4046,1757.07,TIMEOUT,0.008085,-0.092134,2.48,-28.3,1.75,30.78,305.42,103093.11,103064.81,0.000276,0.00051,dec_20260713T111548143390
t02_00081,2,dev_wfo,2022-11-29 10:00:00+00:00,2022-11-29 12:00:00+00:00,LONG,,CONTINUATION,0.750026,0.723345,0.0025,0.00239,255.9,0.16,1754.5807,1739.293,1785.156,1755.219,TIMEOUT,0.039911,-0.037077,10.21,-9.49,1.12,19.7,244.6,103064.81,103055.31999999999,9.3e-05,0.000603,dec_20260713T111548251839
t02_00082,2,dev_wfo,2022-11-30 20:00:00+00:00,2022-11-30 22:00:00+00:00,LONG,,FAILED_BREAKOUT,0.907433,0.874043,0.0011,0.00092,112.58,0.04,1753.4207,1729.8896,1800.4828,1769.705,TIMEOUT,0.578587,0.534837,65.14,60.21,0.28,4.93,94.12,103055.31999999999,103115.53,0.0,1.5e-05,dec_20260713T111548302132
t02_00083,2,dev_wfo,2022-12-01 02:00:00+00:00,2022-12-01 04:00:00+00:00,LONG,,CONTINUATION,0.782605,0.711235,0.003,0.002785,307.23,0.1,1773.964,1745.4394,1831.0133,1773.54,TIMEOUT,-0.013801,-0.054747,-4.24,-16.82,0.7,12.58,285.25,103115.53,103098.70999999999,0.000164,0.000179,dec_20260713T111548313449
t02_00084,2,dev_wfo,2022-12-01 06:00:00+00:00,2022-12-01 08:00:00+00:00,LONG,,BREAKOUT_RETEST,0.743265,0.72173,0.003,0.002838,307.18,0.1,1777.2207,1748.1578,1835.3464,1782.33,TIMEOUT,0.16633,0.126245,51.09,38.78,0.7,12.31,290.63,103098.70999999999,103137.48999999999,0.0,0.0,dec_20260713T111548316625
t02_00085,2,dev_wfo,2022-12-06 13:00:00+00:00,2022-12-06 15:00:00+00:00,LONG,,CONTINUATION,0.764573,0.790274,0.0025,0.002455,256.08,0.15,1774.4607,1757.6989,1807.9842,1777.96,TIMEOUT,0.204975,0.132849,52.49,34.02,1.05,18.47,251.43,103137.48999999999,103171.51,0.0,0.0,dec_20260713T111548443978
t02_00086,2,dev_wfo,2022-12-07 15:00:00+00:00,2022-12-07 17:00:00+00:00,LONG,,CONTINUATION,0.866921,0.829235,0.0025,0.002392,256.16,0.16,1775.6807,1760.3644,1806.3132,1780.55,TIMEOUT,0.304143,0.227233,77.91,58.21,1.12,19.7,245.06,103171.51,103229.72,0.0,0.0,dec_20260713T111548495049
t02_00087,2,dev_wfo,2022-12-07 16:00:00+00:00,2022-12-07 18:00:00+00:00,LONG,,CONTINUATION,0.824563,0.79822,0.0025,0.002479,256.31,0.15,1779.0207,1762.0753,1812.9114,1782.33,TIMEOUT,0.193672,0.121611,49.64,31.17,1.05,18.47,254.18,103229.72,103260.89,0.0,0.0,dec_20260713T111548498003
t02_00088,2,dev_wfo,2022-12-09 03:00:00+00:00,2022-12-09 05:00:00+00:00,LONG,,CONTINUATION,0.745412,0.739577,0.003,0.002918,307.66,0.19,1790.9807,1775.2305,1822.481,1795.2,TIMEOUT,0.260571,0.184528,80.17,56.77,1.33,23.4,299.25,103260.89,103317.65999999999,0.0,0.0,dec_20260713T111548549749
t02_00089,2,dev_wfo,2022-12-09 06:00:00+00:00,2022-12-09 08:00:00+00:00,LONG,,CONTINUATION,0.651246,0.660505,0.003,0.002934,307.83,0.21,1795.814,1781.4765,1824.489,1795.2,TIMEOUT,-0.041887,-0.129071,-12.89,-39.73,1.47,26.84,301.09,103317.65999999999,103277.93,0.000387,0.000387,dec_20260713T111548558530
t02_00090,2,dev_wfo,2022-12-13 14:00:00+00:00,2022-12-13 14:00:00+00:00,LONG,,CONTINUATION,0.866533,0.89057,0.0025,0.002366,256.43,0.14,1788.134,1770.7994,1822.8033,1822.8033,TP_HIT,1.892797,1.823024,485.37,467.48,0.98,17.89,242.69,103277.93,103745.40999999999,0.0,0.0,dec_20260713T111548630959
t02_00091,2,dev_wfo,2022-12-13 15:00:00+00:00,2022-12-13 17:00:00+00:00,LONG,,CONTINUATION,0.892218,0.872708,0.0025,0.0023,257.6,0.1,1789.7007,1765.9987,1837.1046,1809.42,TIMEOUT,0.765502,0.717702,197.19,184.88,0.7,12.31,237.02,103745.40999999999,103930.29,0.0,0.0,dec_20260713T111548634317
t02_00092,2,dev_wfo,2022-12-16 15:00:00+00:00,2022-12-16 17:00:00+00:00,LONG,,CONTINUATION,0.895713,0.826311,0.0025,0.002494,258.06,0.13,1785.7107,1765.9089,1825.3142,1787.62,TIMEOUT,0.096184,0.034155,24.82,8.81,0.91,16.01,257.42,103930.29,103939.09999999999,0.0,0.0,dec_20260713T111548768678
t02_00093,2,dev_wfo,2022-12-16 16:00:00+00:00,2022-12-16 18:00:00+00:00,LONG,,CONTINUATION,0.834698,0.824856,0.0025,0.002445,258.08,0.12,1786.0807,1765.0485,1828.145,1788.52,TIMEOUT,0.113422,0.056169,29.27,14.5,0.84,14.78,252.39,103939.09999999999,103953.59999999999,0.0,0.0,dec_20260713T111548771890
t02_00094,2,dev_wfo,2022-12-19 03:00:00+00:00,2022-12-19 05:00:00+00:00,LONG,,CONTINUATION,0.664694,0.677828,0.003,0.002922,309.74,0.18,1793.8707,1777.1121,1827.3878,1793.55,TIMEOUT,-0.018635,-0.090192,-5.77,-27.94,1.26,22.16,301.65,103953.59999999999,103925.65999999999,0.000271,0.000271,dec_20260713T111548777843
t02_00095,2,dev_wfo,2022-12-19 10:00:00+00:00,2022-12-19 12:00:00+00:00,LONG,,CONTINUATION,0.623012,0.67747,0.003,0.002956,309.66,0.24,1794.0607,1781.3471,1819.4878,1795.53,TIMEOUT,0.11388,0.018446,35.26,5.71,1.68,29.55,305.13,103925.65999999999,103931.37,0.000215,0.000215,dec_20260713T111548785706
t02_00096,2,dev_wfo,2022-12-20 18:00:00+00:00,2022-12-20 20:00:00+00:00,LONG,,CONTINUATION,0.76862,0.748633,0.003,0.002974,309.67,0.1,1815.9507,1785.2521,1877.3478,1815.54,TIMEOUT,-0.013261,-0.053024,-4.11,-16.42,0.7,12.31,306.99,103931.37,103914.95,0.000159,0.000374,dec_20260713T111548830080
t02_00097,2,dev_wfo,2022-12-27 11:00:00+00:00,2022-12-27 13:00:00+00:00,LONG,,CONTINUATION,0.60746,0.735416,0.003,0.002949,309.62,0.29,1807.1107,1796.616,1828.1,1809.5,TIMEOUT,0.223793,0.108462,69.29,33.58,2.03,35.71,304.34,103914.95,103948.54,0.0,4.9e-05,dec_20260713T111548999015
t02_00098,2,dev_wfo,2022-12-30 14:00:00+00:00,2022-12-30 16:00:00+00:00,LONG,,CONTINUATION,0.690314,0.690292,0.003,0.002976,309.73,0.25,1819.5507,1807.2616,1844.1289,1818.72,TIMEOUT,-0.067048,-0.166435,-20.77,-51.55,1.75,30.78,307.23,103948.54,103896.98999999999,0.000499,0.000548,dec_20260713T111549165608
t02_00099,2,dev_wfo,2023-01-03 08:00:00+00:00,2023-01-03 10:00:00+00:00,LONG,,BREAKOUT_RETEST,0.870485,0.801577,0.003,0.00296,309.57,0.14,1840.9807,1819.1619,1884.6182,1835.82,TIMEOUT,-0.233386,-0.289072,-72.25,-89.49,0.98,17.24,305.46,103896.98999999999,103807.5,0.000867,0.001415,dec_20260713T111549195576
t02_00100,2,dev_wfo,2023-01-04 07:00:00+00:00,2023-01-04 09:00:00+00:00,LONG,,CONTINUATION,0.69824,0.703547,0.0016,0.001534,164.96,0.08,1847.2407,1827.4703,1886.7814,1858.3,TIMEOUT,0.53634,0.476625,88.47,78.62,0.56,9.85,158.16,103807.5,103886.12,0.0,0.000654,dec_20260713T111549239193
t02_00101,2,dev_wfo,2023-01-04 11:00:00+00:00,2023-01-04 13:00:00+00:00,LONG,,CONTINUATION,0.711971,0.696004,0.003,0.002875,309.54,0.15,1860.2207,1840.4417,1899.7785,1860.095,TIMEOUT,-0.00609,-0.065759,-1.89,-20.36,1.05,18.47,296.68,103886.12,103865.76999999999,0.000197,0.000851,dec_20260713T111549248146
t02_00102,2,dev_wfo,2023-01-06 16:00:00+00:00,2023-01-06 18:00:00+00:00,LONG,,CONTINUATION,0.71929,0.65857,0.0025,0.002279,257.9,0.1,1852.4007,1828.8903,1899.4214,1863.41,TIMEOUT,0.426884,0.379139,110.09,97.78,0.7,12.31,235.1,103865.76999999999,103963.54999999999,0.0,0.0,dec_20260713T111549328917
t02_00103,2,dev_wfo,2023-01-09 04:00:00+00:00,2023-01-09 06:00:00+00:00,LONG,,CONTINUATION,0.6406,0.650466,0.003,0.002842,309.77,0.09,1875.0107,1842.4035,1940.225,1876.94,TIMEOUT,0.056054,0.02028,17.36,6.28,0.63,11.08,293.46,103963.54999999999,103969.83,0.0,0.0,dec_20260713T111549354956
t02_00104,2,dev_wfo,2023-01-11 07:00:00+00:00,2023-01-11 09:00:00+00:00,LONG,,CONTINUATION,0.834554,0.813475,0.003,0.002927,309.79,0.19,1878.4807,1862.5701,1910.3017,1881.66,TIMEOUT,0.194994,0.119474,60.41,37.01,1.33,23.4,302.3,103969.83,104006.84,0.0,0.0,dec_20260713T111549454863
t02_00105,2,dev_wfo,2023-01-11 10:00:00+00:00,2023-01-11 12:00:00+00:00,LONG,,BREAKOUT_RETEST,0.726804,0.801185,0.003,0.00292,309.9,0.2,1882.1807,1867.1012,1912.3396,1884.49,TIMEOUT,0.149037,0.069571,46.19,21.56,1.4,24.63,301.59,104006.84,104028.4,0.0,0.0,dec_20260713T111549460745
t02_00106,2,dev_wfo,2023-01-12 15:00:00+00:00,2023-01-12 17:00:00+00:00,LONG,,CONTINUATION,0.726446,0.729079,0.003,0.002985,309.96,0.15,1887.7507,1867.1914,1928.8692,1888.88,TIMEOUT,0.054652,-0.004936,16.94,-1.53,1.05,18.47,308.39,104028.4,104026.87,1.5e-05,1.5e-05,dec_20260713T111549485642
t02_00107,2,dev_wfo,2023-01-12 19:00:00+00:00,2023-01-12 21:00:00+00:00,LONG,,CONTINUATION,0.785781,0.742187,0.003,0.002955,309.96,0.1,1893.1907,1862.6605,1954.251,1897.44,TIMEOUT,0.137093,0.097367,42.49,30.18,0.7,12.31,305.3,104026.87,104057.04999999999,0.0,0.0,dec_20260713T111549488595
t02_00108,2,dev_wfo,2023-01-13 10:00:00+00:00,2023-01-13 12:00:00+00:00,LONG,,PULLBACK,0.843037,0.795781,0.003,0.002916,310.05,0.18,1900.2707,1883.5291,1933.7539,1905.75,TIMEOUT,0.318104,0.246618,98.63,76.46,1.26,22.16,301.35,104057.04999999999,104133.51,0.0,0.0,dec_20260713T111549510299
t02_00109,2,dev_wfo,2023-01-17 12:00:00+00:00,2023-01-17 14:00:00+00:00,LONG,,FAILED_BREAKOUT,0.733828,0.762181,0.0021,0.002055,217.2,0.15,1907.1707,1893.0007,1935.5107,1909.41,TIMEOUT,0.15465,0.069613,33.59,15.12,1.05,18.47,212.55,104133.51,104148.62999999999,0.0,0.0,dec_20260713T111549610459
t02_00110,2,dev_wfo,2023-01-18 15:00:00+00:00,2023-01-18 17:00:00+00:00,LONG,,CONTINUATION,0.842018,0.829428,0.0025,0.002387,258.6,0.1,1917.9607,1893.2707,1967.3407,1911.96,TIMEOUT,-0.232044,-0.27966,-60.01,-72.32,0.7,12.31,246.9,104148.62999999999,104076.31,0.000699,0.000699,dec_20260713T111549667092
t02_00111,2,dev_wfo,2023-01-19 16:00:00+00:00,2023-01-19 18:00:00+00:00,LONG,,CONTINUATION,0.808742,0.770134,0.0025,0.002378,258.42,0.12,1913.8007,1893.3144,1954.7732,1920.8,TIMEOUT,0.325021,0.267843,83.99,69.22,0.84,14.78,245.83,104076.31,104145.53,0.0,3e-05,dec_20260713T111549711367
t02_00112,2,dev_wfo,2023-01-19 17:00:00+00:00,2023-01-19 19:00:00+00:00,LONG,,CONTINUATION,0.726951,0.676299,0.0025,0.002402,258.6,0.12,1918.1607,1897.4567,1959.5685,1920.1,TIMEOUT,0.089992,0.032854,23.27,8.5,0.84,14.78,248.45,104145.53,104154.03,0.0,0.0,dec_20260713T111549714666
t02_00113,2,dev_wfo,2023-01-23 10:00:00+00:00,2023-01-23 12:00:00+00:00,LONG,,FAILED_BREAKOUT,0.795781,0.808987,0.0021,0.001989,217.24,0.12,1920.8907,1903.7439,1955.1842,1926.48,TIMEOUT,0.308746,0.240729,67.07,52.3,0.84,14.78,205.76,104154.03,104206.31999999999,0.0,0.0,dec_20260713T111549789586
t02_00114,2,dev_wfo,2023-01-23 11:00:00+00:00,2023-01-23 13:00:00+00:00,LONG,,RANGE_EDGE_REJECTION,0.688255,0.66998,0.0021,0.002035,217.35,0.12,1924.6007,1907.0512,1959.6996,1925.23,TIMEOUT,0.034746,-0.033237,7.55,-7.22,0.84,14.78,210.59,104206.31999999999,104199.09999999999,7e-05,7e-05,dec_20260713T111549792533
t02_00115,2,dev_wfo,2023-01-24 17:00:00+00:00,2023-01-24 19:00:00+00:00,LONG,,FAILED_BREAKOUT,0.763987,0.789721,0.0021,0.00198,217.33,0.09,1921.9807,1899.2125,1967.5171,1933.91,TIMEOUT,0.494014,0.443022,107.36,96.28,0.63,11.08,204.91,104199.09999999999,104295.37999999999,0.0,0.0,dec_20260713T111549819549
t02_00116,2,dev_wfo,2023-01-25 22:00:00+00:00,2023-01-26 01:00:00+00:00,LONG,,CONTINUATION,0.650967,0.671421,0.0025,0.002491,258.97,0.1,1942.799,1916.9942,1994.4086,1948.01,TIMEOUT,0.20122,0.151871,52.11,39.33,0.7,12.78,258.05,104295.37999999999,104334.70999999999,0.0,0.0,dec_20260713T111549877472
t02_00117,2,dev_wfo,2023-02-01 19:00:00+00:00,2023-02-01 21:00:00+00:00,LONG,,FAILED_BREAKOUT,0.73167,0.652501,0.0021,0.001949,217.62,0.12,1925.7707,1908.94,1959.4321,1943.02,TIMEOUT,0.951163,0.883264,206.99,192.22,0.84,14.78,201.97,104334.70999999999,104526.93,0.0,0.0,dec_20260713T111550171401
t02_00118,2,dev_wfo,2023-02-01 20:00:00+00:00,2023-02-01 22:00:00+00:00,LONG,,RANGE_EDGE_REJECTION,0.845405,0.823248,0.0021,0.001983,218.02,0.1,1926.3107,1905.726,1967.48,1953.345,TIMEOUT,1.239993,1.183515,270.34,258.03,0.7,12.31,205.85,104526.93,104784.95999999999,0.0,0.0,dec_20260713T111550174760
t02_00119,2,dev_wfo,2023-02-02 04:00:00+00:00,2023-02-02 06:00:00+00:00,LONG,,CONTINUATION,0.639872,0.735867,0.003,0.002786,312.23,0.09,1952.9807,1920.763,2017.416,1953.07,TIMEOUT,0.002575,-0.032918,0.8,-10.28,0.63,11.08,289.96,104784.95999999999,104774.68,9.9e-05,9.9e-05,dec_20260713T111550177911
t02_00120,2,dev_wfo,2023-02-02 10:00:00+00:00,2023-02-02 12:00:00+00:00,LONG,,CONTINUATION,0.724472,0.728447,0.003,0.002769,312.2,0.1,1956.1607,1927.3473,2013.7875,1952.72,TIMEOUT,-0.110207,-0.149648,-34.41,-46.72,0.7,12.31,288.13,104774.68,104727.95999999999,0.000548,0.000548,dec_20260713T111550185788
t02_00121,2,dev_wfo,2023-02-08 07:00:00+00:00,2023-02-08 09:00:00+00:00,LONG,,CONTINUATION,0.689309,0.724897,0.0016,0.001386,166.43,0.06,1877.304,1853.2703,1925.3715,1886.11,TIMEOUT,0.317467,0.270672,52.84,45.05,0.42,7.79,144.2,104727.95999999999,104773.01,0.0,0.000115,dec_20260713T111550334775
t02_00122,2,dev_wfo,2023-02-09 09:00:00+00:00,2023-02-09 11:00:00+00:00,LONG,,CONTINUATION,0.751962,0.764905,0.003,0.002909,312.2,0.24,1881.534,1868.9195,1906.7629,1882.78,TIMEOUT,0.095785,-0.003997,29.9,-1.25,1.68,31.15,302.75,104773.01,104771.76,1.2e-05,0.000127,dec_20260713T111550381772
t02_00123,2,dev_wfo,2023-02-17 04:00:00+00:00,2023-02-17 06:00:00+00:00,LONG,,FAILED_BREAKOUT,0.703006,0.717905,0.0021,0.001987,218.54,0.08,1829.2207,1803.3683,1880.9253,1826.33,TIMEOUT,-0.105817,-0.153089,-23.13,-33.46,0.56,10.33,206.82,104771.76,104738.29999999999,0.000321,0.000448,dec_20260713T111550675255
t02_00124,2,dev_wfo,2023-02-17 20:00:00+00:00,2023-02-17 22:00:00+00:00,LONG,,CONTINUATION,0.692228,0.664826,0.0014,0.001355,145.64,0.06,1841.4207,1817.9232,1888.4157,1841.64,TIMEOUT,0.009036,-0.041692,1.32,-6.07,0.42,7.39,140.99,104738.29999999999,104732.23,0.00038,0.000507,dec_20260713T111550700713
t02_00125,2,dev_wfo,2023-02-28 10:00:00+00:00,2023-02-28 12:00:00+00:00,LONG,,FAILED_BREAKOUT,0.715073,0.721378,0.0005,0.00045,52.01,0.04,1810.9577,1799.2491,1834.3748,1809.06,TIMEOUT,-0.145946,-0.240646,-7.59,-12.52,0.28,4.93,46.83,104732.23,104719.70999999999,0.00012,0.000627,dec_20260713T111551011213
t03_00001,3,dev_wfo,2023-06-14 13:00:00+00:00,2023-06-14 15:00:00+00:00,LONG,,CONTINUATION,0.785644,0.737421,0.0025,0.00239,260.03,0.17,1951.9907,1937.3698,1981.2325,1957.02,TIMEOUT,0.328803,0.248302,85.5,64.57,1.19,20.93,248.56,108025.86,108090.43000000001,0.0,0.0,dec_20260713T111559934611
t03_00002,3,dev_wfo,2023-06-16 02:00:00+00:00,2023-06-16 04:00:00+00:00,LONG,,CONTINUATION,0.662693,0.696561,0.0025,0.002264,260.19,0.08,1959.1773,1929.7266,2018.0788,1959.32,TIMEOUT,0.004387,-0.033883,1.14,-8.82,0.56,9.96,235.61,108090.43000000001,108081.61,8.5e-05,8.5e-05,dec_20260713T111600090638
t03_00003,3,dev_wfo,2023-06-19 09:00:00+00:00,2023-06-19 11:00:00+00:00,LONG,,FAILED_BREAKOUT,0.721864,0.761048,0.0021,0.002024,218.54,0.22,1955.2107,1945.6371,1974.3578,1956.45,TIMEOUT,0.124761,0.000805,27.27,0.18,1.54,27.09,210.62,108081.61,108081.79000000001,0.0,8.3e-05,dec_20260713T111600199691
t03_00004,3,dev_wfo,2023-06-19 14:00:00+00:00,2023-06-19 16:00:00+00:00,LONG,,FAILED_BREAKOUT,0.698856,0.758739,0.0021,0.002015,218.54,0.17,1950.3607,1938.0257,1975.0307,1952.02,TIMEOUT,0.129078,0.033294,28.21,7.28,1.19,20.93,209.7,108081.79000000001,108089.06,0.0,1.3e-05,dec_20260713T111600222161
t03_00005,3,dev_wfo,2023-06-23 15:00:00+00:00,2023-06-23 17:00:00+00:00,LONG,,CONTINUATION,0.923151,0.889103,0.0025,0.002347,260.19,0.12,1919.8407,1899.4878,1960.5464,1926.98,TIMEOUT,0.329267,0.272478,85.67,70.9,0.84,14.78,244.23,108089.06,108159.96,0.0,0.0,dec_20260713T111600500015
t03_00006,3,dev_wfo,2023-06-26 09:00:00+00:00,2023-06-26 11:00:00+00:00,LONG,,CONTINUATION,0.782294,0.794044,0.003,0.002993,312.44,0.27,1927.4507,1915.9057,1950.5407,1931.74,TIMEOUT,0.37067,0.264262,115.81,82.57,1.89,33.25,311.72,108159.96,108242.52,0.0,0.0,dec_20260713T111600569045
t03_00007,3,dev_wfo,2023-06-27 13:00:00+00:00,2023-06-27 15:00:00+00:00,LONG,,FAILED_BREAKOUT,0.740013,0.789095,0.0021,0.001994,218.88,0.14,1924.7007,1909.8546,1954.3928,1926.24,TIMEOUT,0.098459,0.0197,21.55,4.31,0.98,17.24,207.84,108242.52,108246.84,0.0,0.0,dec_20260713T111600680559
t03_00008,3,dev_wfo,2023-06-30 22:00:00+00:00,2023-07-03 01:00:00+00:00,LONG,,CONTINUATION,0.682279,0.724943,0.003,0.002923,312.7,0.15,1919.665,1899.3559,1960.2832,1919.21,TIMEOUT,-0.021826,-0.081788,-6.82,-25.57,1.05,18.75,304.64,108246.84,108221.26000000001,0.000245,0.000245,dec_20260713T111600960664
t03_00009,3,dev_wfo,2023-07-04 07:00:00+00:00,2023-07-04 09:00:00+00:00,LONG,,CONTINUATION,0.744597,0.815792,0.003,0.002906,312.63,0.26,1923.634,1911.9863,1946.9294,1927.51,TIMEOUT,0.322349,0.21939,100.78,68.59,1.82,32.19,302.84,108221.26000000001,108289.85,0.0,0.0,dec_20260713T111601051416
t03_00010,3,dev_wfo,2023-07-04 08:00:00+00:00,2023-07-04 10:00:00+00:00,LONG,,CONTINUATION,0.700682,0.785403,0.003,0.002935,312.83,0.28,1924.8573,1913.9261,1946.7198,1928.06,TIMEOUT,0.286656,0.177042,89.67,55.38,1.96,34.29,306.08,108289.85,108345.23000000001,0.0,0.0,dec_20260713T111601056396
t03_00011,3,dev_wfo,2023-07-07 11:00:00+00:00,2023-07-07 13:00:00+00:00,LONG,,CONTINUATION,0.657796,0.656574,0.0025,0.002447,260.83,0.3,1915.2373,1906.7286,1932.2548,1916.38,TIMEOUT,0.131427,-0.009431,34.28,-2.46,2.1,36.74,255.26,108345.23000000001,108342.77,2.4e-05,2.4e-05,dec_20260713T111601231542
t03_00012,3,dev_wfo,2023-07-07 15:00:00+00:00,2023-07-07 17:00:00+00:00,LONG,,CONTINUATION,0.869995,0.881528,0.0025,0.002438,260.82,0.16,1918.2073,1902.3088,1950.0045,1933.55,TIMEOUT,0.941196,0.866069,245.48,225.89,1.12,19.59,254.38,108342.77,108568.66,0.0,0.0,dec_20260713T111601236606
t03_00013,3,dev_wfo,2023-07-11 08:00:00+00:00,2023-07-11 10:00:00+00:00,LONG,,CONTINUATION,0.80852,0.812585,0.003,0.002982,313.67,0.27,1930.0007,1918.4539,1953.0942,1932.28,TIMEOUT,0.1962,0.091931,61.54,28.84,1.89,32.71,311.76,108568.66,108597.5,0.0,0.0,dec_20260713T111601331023
t03_00014,3,dev_wfo,2023-07-12 16:00:00+00:00,2023-07-12 18:00:00+00:00,LONG,,CONTINUATION,0.826142,0.847325,0.003,0.002887,313.75,0.12,1943.7407,1918.5826,1994.0567,1955.74,TIMEOUT,0.458939,0.412609,143.99,129.46,0.84,14.54,301.9,108597.5,108726.95,0.0,0.0,dec_20260713T111601489833
t03_00015,3,dev_wfo,2023-07-14 14:00:00+00:00,2023-07-14 16:00:00+00:00,LONG,,RANGE_EDGE_REJECTION,0.711476,0.744583,0.0021,0.002021,219.9,0.16,1956.8607,1943.6351,1983.3117,1959.97,TIMEOUT,0.226236,0.138099,49.75,30.37,1.12,19.38,211.61,108726.95,108757.32,0.0,0.0,dec_20260713T111601615349
t03_00016,3,dev_wfo,2023-07-14 16:00:00+00:00,2023-07-14 18:00:00+00:00,LONG,,FAILED_BREAKOUT,0.767275,0.8017,0.0021,0.001978,219.96,0.14,1958.0707,1943.2689,1987.6742,1958.16,TIMEOUT,0.005686,-0.071413,1.25,-15.71,0.98,16.96,207.23,108757.32,108741.61,0.00015,0.00015,dec_20260713T111601624777
t03_00017,3,dev_wfo,2023-07-18 13:00:00+00:00,2023-07-18 15:00:00+00:00,LONG,,CONTINUATION,0.694654,0.801425,0.003,0.002938,314.19,0.23,1963.5807,1950.203,1990.336,1968.9,TIMEOUT,0.389397,0.300722,122.34,94.48,1.61,27.86,307.69,108741.61,108836.1,0.0,0.0,dec_20260713T111601712099
t03_00018,3,dev_wfo,2023-07-18 14:00:00+00:00,2023-07-18 16:00:00+00:00,LONG,,CONTINUATION,0.73259,0.827765,0.003,0.00298,314.47,0.21,1963.7007,1948.8271,1993.4478,1971.36,TIMEOUT,0.511483,0.430591,160.85,135.41,1.47,25.44,312.34,108836.1,108971.5,0.0,0.0,dec_20260713T111601717117
t03_00019,3,dev_wfo,2023-07-25 23:00:00+00:00,2023-07-26 02:00:00+00:00,LONG,,CONTINUATION,0.631683,0.735273,0.003,0.002888,314.88,0.19,1965.1407,1949.1857,1997.0507,1965.32,TIMEOUT,0.010821,-0.062271,3.41,-19.61,1.33,23.02,303.15,108971.5,108951.90000000001,0.000187,0.000187,dec_20260713T111602054178
t03_00020,3,dev_wfo,2023-07-27 02:00:00+00:00,2023-07-27 04:00:00+00:00,LONG,,CONTINUATION,0.713345,0.751821,0.003,0.00286,314.82,0.16,1974.0007,1955.2428,2011.5164,1977.72,TIMEOUT,0.189027,0.127463,59.51,40.13,1.12,19.38,300.13,108951.90000000001,108992.02,0.0,0.0,dec_20260713T111602127723
t03_00021,3,dev_wfo,2023-07-27 04:00:00+00:00,2023-07-27 06:00:00+00:00,LONG,,PULLBACK,0.837122,0.85459,0.003,0.00298,314.94,0.15,1972.9707,1952.1144,2014.6832,1977.99,TIMEOUT,0.239061,0.181368,75.29,57.12,1.05,18.17,312.84,108992.02,109049.14,0.0,0.0,dec_20260713T111602137046
t03_00022,3,dev_wfo,2023-07-28 17:00:00+00:00,2023-07-28 19:00:00+00:00,LONG,,CONTINUATION,0.722615,0.7195,0.0025,0.002488,262.59,0.13,1956.5107,1936.4096,1996.7128,1961.12,TIMEOUT,0.228194,0.168224,59.92,44.17,0.91,15.75,261.31,109049.14,109093.32,0.0,0.0,dec_20260713T111602191686
t03_00023,3,dev_wfo,2023-07-31 13:00:00+00:00,2023-07-31 15:00:00+00:00,LONG,,FAILED_BREAKOUT,0.799902,0.838405,0.0021,0.002001,220.67,0.16,1957.4107,1944.2692,1983.6935,1965.51,TIMEOUT,0.587254,0.499424,129.59,110.21,1.12,19.38,210.26,109093.32,109203.53,0.0,0.0,dec_20260713T111602252958
t03_00024,3,dev_wfo,2023-08-07 14:00:00+00:00,2023-08-07 16:00:00+00:00,LONG,,RANGE_EDGE_REJECTION,0.763707,0.805417,0.0021,0.002069,220.9,0.17,1935.8307,1923.0276,1961.4367,1933.75,TIMEOUT,-0.160124,-0.253345,-35.37,-55.96,1.19,20.59,217.65,109203.53,109147.56,0.000532,0.000532,dec_20260713T111602594067
t03_00025,3,dev_wfo,2023-08-16 15:00:00+00:00,2023-08-16 17:00:00+00:00,LONG,,FAILED_BREAKOUT,0.717742,0.74558,0.0021,0.00209,220.78,0.22,1903.7073,1893.7205,1923.6809,1904.63,TIMEOUT,0.091941,-0.032086,20.3,-7.08,1.54,27.38,219.71,109147.56,109140.48000000001,6.7e-05,0.000599,dec_20260713T111603076323
t03_00026,3,dev_wfo,2023-08-22 02:00:00+00:00,2023-08-22 04:00:00+00:00,LONG,,CONTINUATION,0.643168,0.779146,0.0016,0.00157,168.2,0.1,1895.6907,1879.1905,1928.691,1895.1,TIMEOUT,-0.035117,-0.114269,-5.91,-19.22,0.7,13.31,165.0,109140.48000000001,109121.26000000001,0.000183,0.000782,dec_20260713T111603269141
t03_00027,3,dev_wfo,2023-08-23 07:00:00+00:00,2023-08-23 09:00:00+00:00,LONG,,CONTINUATION,0.674873,0.741643,0.0007,0.000673,73.58,0.07,1902.1873,1892.0807,1922.4005,1902.89,TIMEOUT,0.066848,-0.053466,4.92,-3.93,0.49,8.85,70.75,109121.26000000001,109117.32,3.7e-05,0.000819,dec_20260713T111603327483
t04_00001,4,dev_wfo,2024-06-27 12:00:00+00:00,2024-06-27 14:00:00+00:00,LONG,,CONTINUATION,0.734088,0.711142,0.0025,0.002413,262.76,0.14,2310.733,2292.6153,2346.9684,2320.0,TIMEOUT,0.493751,0.425765,129.74,111.87,0.98,17.86,253.65,110208.79000000001,110320.66,0.0,0.0,dec_20260713T111619061984
t04_00002,4,dev_wfo,2024-06-27 13:00:00+00:00,2024-06-27 15:00:00+00:00,LONG,,CONTINUATION,0.831319,0.813165,0.0025,0.002338,263.04,0.12,2314.523,2294.0203,2355.5284,2323.115,TIMEOUT,0.391971,0.333759,103.1,87.79,0.84,15.31,246.03,110320.66,110408.46,0.0,0.0,dec_20260713T111619066969
t04_00003,4,dev_wfo,2024-07-02 03:00:00+00:00,2024-07-02 05:00:00+00:00,LONG,,CONTINUATION,0.612772,0.684848,0.003,0.002848,315.91,0.13,2332.975,2309.9027,2379.1196,2331.097,TIMEOUT,-0.077282,-0.133082,-24.41,-42.04,0.91,17.63,299.94,110408.46,110366.41,0.000399,0.000399,dec_20260713T111619198284
t04_00004,4,dev_wfo,2024-07-02 16:00:00+00:00,2024-07-02 18:00:00+00:00,LONG,,RANGE_EDGE_REJECTION,0.673155,0.691999,0.0021,0.001984,221.05,0.08,2328.0655,2301.9644,2380.2676,2324.72,TIMEOUT,-0.121077,-0.167437,-26.76,-37.01,0.56,10.25,208.81,110366.41,110329.40000000001,0.000751,0.000751,dec_20260713T111619249322
t04_00005,4,dev_wfo,2024-07-03 08:00:00+00:00,2024-07-03 10:00:00+00:00,LONG,,CONTINUATION,0.93258,0.891147,0.0014,0.001337,147.32,0.07,2335.104,2315.0079,2375.2961,2345.42,TIMEOUT,0.490171,0.429446,72.21,63.27,0.49,8.95,140.67,110329.40000000001,110392.67,0.0,0.00015,dec_20260713T111619271536
t04_00006,4,dev_wfo,2024-07-03 10:00:00+00:00,2024-07-03 12:00:00+00:00,LONG,,CONTINUATION,0.751604,0.745853,0.003,0.002818,315.86,0.14,2340.824,2319.6294,2383.2133,2346.34,TIMEOUT,0.244488,0.187843,77.22,59.33,0.98,17.89,296.72,110392.67,110452.0,0.0,0.0,dec_20260713T111619279773
t04_00007,4,dev_wfo,2024-07-04 15:00:00+00:00,2024-07-04 17:00:00+00:00,LONG,,CONTINUATION,0.673036,0.708797,0.003,0.002862,316.04,0.19,2359.108,2343.2409,2390.8423,2358.185,TIMEOUT,-0.05549,-0.130999,-17.54,-41.4,1.33,23.86,301.48,110452.0,110410.6,0.000393,0.000393,dec_20260713T111619308681
t04_00008,4,dev_wfo,2024-07-05 06:00:00+00:00,2024-07-05 08:00:00+00:00,LONG,,CONTINUATION,0.636656,0.65784,0.003,0.002905,315.92,0.23,2361.8005,2348.4987,2388.4041,2364.755,TIMEOUT,0.215097,0.121108,67.95,38.26,1.61,29.69,305.94,110410.6,110448.86,0.0,3e-05,dec_20260713T111619334801
t04_00009,4,dev_wfo,2024-07-05 20:00:00+00:00,2024-07-05 22:00:00+00:00,LONG,,CONTINUATION,0.775329,0.784816,0.003,0.002935,316.03,0.08,2387.1555,2348.5123,2464.4419,2388.8,TIMEOUT,0.041629,0.009202,13.16,2.91,0.56,10.25,309.15,110448.86,110451.77,0.0,2e-06,dec_20260713T111619370295
t04_00010,4,dev_wfo,2024-07-10 09:00:00+00:00,2024-07-10 11:00:00+00:00,LONG,,CONTINUATION,0.82072,0.862307,0.0025,0.00235,263.37,0.15,2369.0405,2352.5384,2402.0448,2372.87,TIMEOUT,0.218106,0.144578,57.44,38.08,1.05,19.36,247.53,110451.77,110489.85,0.0,0.0,dec_20260713T111619536068
t04_00011,4,dev_wfo,2024-07-10 11:00:00+00:00,2024-07-10 13:00:00+00:00,LONG,,CONTINUATION,0.637335,0.715826,0.0025,0.002392,263.46,0.18,2373.288,2359.2864,2401.2912,2372.53,TIMEOUT,-0.051788,-0.138966,-13.64,-36.61,1.26,22.97,252.03,110489.85,110453.23000000001,0.000347,0.000347,dec_20260713T111619545545
t04_00012,4,dev_wfo,2024-07-16 08:00:00+00:00,2024-07-16 10:00:00+00:00,LONG,,CONTINUATION,0.745356,0.797517,0.003,0.002994,316.05,0.13,2429.903,2405.6393,2478.4305,2437.03,TIMEOUT,0.293153,0.240256,92.65,75.93,0.91,16.72,315.43,110453.23000000001,110529.17,0.0,0.0,dec_20260713T111619768868
t04_00013,4,dev_wfo,2024-07-16 09:00:00+00:00,2024-07-16 11:00:00+00:00,LONG,,CONTINUATION,0.743053,0.776846,0.003,0.002918,316.27,0.13,2432.573,2408.9114,2479.8962,2436.635,TIMEOUT,0.166965,0.114105,52.81,36.09,0.91,16.72,307.6,110529.17,110565.25,0.0,0.0,dec_20260713T111619773787
t04_00014,4,dev_wfo,2024-07-23 11:00:00+00:00,2024-07-23 13:00:00+00:00,LONG,,CONTINUATION,0.798456,0.808522,0.0025,0.002371,263.65,0.1,2398.5305,2373.5205,2448.5505,2407.695,TIMEOUT,0.347601,0.299393,91.64,78.93,0.7,12.71,250.1,110565.25,110644.19,0.0,0.0,dec_20260713T111620103242
t04_00015,4,dev_wfo,2024-07-23 12:00:00+00:00,2024-07-23 14:00:00+00:00,LONG,,CONTINUATION,0.783014,0.760466,0.0025,0.002254,263.85,0.09,2404.6605,2378.2301,2457.5212,2407.65,TIMEOUT,0.101973,0.058619,26.91,15.47,0.63,11.44,237.87,110644.19,110659.66,0.0,0.0,dec_20260713T111620108244
t04_00016,4,dev_wfo,2024-07-24 16:00:00+00:00,2024-07-24 18:00:00+00:00,LONG,,CONTINUATION,0.844471,0.828433,0.003,0.002772,316.67,0.11,2422.0705,2395.4753,2475.2609,2424.8175,TIMEOUT,0.095421,0.051271,30.22,16.24,0.77,13.98,292.55,110659.66,110675.89,0.0,0.0,dec_20260713T111620187873
t04_00017,4,dev_wfo,2024-07-25 01:00:00+00:00,2024-07-25 03:00:00+00:00,LONG,,FAILED_BREAKOUT,0.655651,0.652767,0.0021,0.001802,221.7,0.05,2397.963,2359.9041,2474.0809,2397.0975,TIMEOUT,-0.01952,-0.048297,-4.33,-10.71,0.35,6.38,190.29,110675.89,110665.18000000001,0.000101,0.000101,dec_20260713T111620218454
t04_00018,4,dev_wfo,2024-07-26 13:00:00+00:00,2024-07-26 15:00:00+00:00,LONG,,CONTINUATION,0.663263,0.691903,0.0025,0.00234,263.9,0.09,2374.4055,2346.9562,2429.3041,2377.55,TIMEOUT,0.107239,0.063894,28.3,16.86,0.63,11.44,247.04,110665.18000000001,110682.05,0.0,0.0,dec_20260713T111620352723
t04_00019,4,dev_wfo,2024-07-26 15:00:00+00:00,2024-07-26 17:00:00+00:00,LONG,,CONTINUATION,0.916428,0.888328,0.0025,0.002295,263.94,0.08,2373.9055,2343.6218,2434.473,2381.98,TIMEOUT,0.244737,0.206214,64.6,54.43,0.56,10.17,242.27,110682.05,110736.47,0.0,0.0,dec_20260713T111620367203
t04_00020,4,dev_wfo,2024-07-29 02:00:00+00:00,2024-07-29 04:00:00+00:00,LONG,,BREAKOUT,0.764061,0.768898,0.003,0.002819,316.9,0.12,2396.4755,2371.6591,2446.1084,2392.885,TIMEOUT,-0.135961,-0.189391,-43.09,-60.02,0.84,16.93,297.8,110736.47,110676.46,0.000568,0.000568,dec_20260713T111620372198
t04_00021,4,dev_wfo,2024-07-30 20:00:00+00:00,2024-07-30 22:00:00+00:00,LONG,,CONTINUATION,0.777853,0.781183,0.0025,0.002369,263.93,0.09,2400.508,2372.7251,2456.0737,2407.055,TIMEOUT,0.223252,0.179741,58.92,47.44,0.63,11.48,250.05,110676.46,110723.89,0.0,0.000119,dec_20260713T111620515320
t04_00022,4,dev_wfo,2024-07-30 23:00:00+00:00,2024-07-31 02:00:00+00:00,LONG,,CONTINUATION,0.650665,0.702369,0.003,0.002939,316.86,0.11,2407.6205,2379.4023,2464.0569,2409.835,TIMEOUT,0.076878,0.033449,24.36,10.6,0.77,13.76,310.4,110723.89,110734.49,0.0,1.9e-05,dec_20260713T111620537180
t04_00023,4,dev_wfo,2024-08-02 03:00:00+00:00,2024-08-02 05:00:00+00:00,LONG,,CONTINUATION,0.907219,0.876156,0.003,0.002991,316.89,0.08,2446.4605,2406.9637,2525.4541,2455.64,TIMEOUT,0.23174,0.198896,73.44,63.03,0.56,10.41,315.97,110734.49,110797.52,0.0,0.0,dec_20260713T111620725502
t04_00024,4,dev_wfo,2024-08-02 04:00:00+00:00,2024-08-02 06:00:00+00:00,LONG,,PULLBACK,0.852307,0.827376,0.003,0.002866,317.08,0.08,2449.6755,2411.8144,2525.3976,2454.54,TIMEOUT,0.122732,0.09016,38.92,28.59,0.56,10.33,302.89,110797.52,110826.11,0.0,0.0,dec_20260713T111620730434
t04_00025,4,dev_wfo,2024-08-06 11:00:00+00:00,2024-08-06 13:00:00+00:00,LONG,,PULLBACK,0.629384,0.673036,0.0025,0.002324,264.3,0.08,2410.5155,2379.8007,2471.9451,2412.43,TIMEOUT,0.057949,0.019478,15.32,5.15,0.56,10.17,245.72,110826.11,110831.26000000001,0.0,0.0,dec_20260713T111620884838
t04_00026,4,dev_wfo,2024-08-08 13:00:00+00:00,2024-08-08 15:00:00+00:00,LONG,,CONTINUATION,0.899149,0.889233,0.0025,0.002351,264.32,0.09,2396.858,2369.236,2452.1019,2408.095,TIMEOUT,0.382616,0.34019,101.13,89.92,0.63,11.21,248.6,110831.26000000001,110921.18000000001,0.0,0.0,dec_20260713T111621021033
t04_00027,4,dev_wfo,2024-08-08 14:00:00+00:00,2024-08-08 16:00:00+00:00,LONG,,CONTINUATION,0.733526,0.752119,0.0025,0.002497,264.54,0.09,2405.9355,2376.5755,2464.6555,2414.17,TIMEOUT,0.280149,0.236907,74.11,62.67,0.63,11.44,264.24,110921.18000000001,110983.85,0.0,0.0,dec_20260713T111621024426
t04_00028,4,dev_wfo,2024-08-12 20:00:00+00:00,2024-08-12 22:00:00+00:00,LONG,,CONTINUATION,0.832989,0.828546,0.003,0.002726,317.64,0.08,2463.781,2427.6962,2535.9506,2470.505,TIMEOUT,0.169349,0.137313,53.79,43.62,0.56,10.18,288.68,110983.85,111027.46,0.0,0.0,dec_20260713T111621143235
t04_00029,4,dev_wfo,2024-08-12 21:00:00+00:00,2024-08-12 23:00:00+00:00,LONG,,CONTINUATION,0.793736,0.7369,0.003,0.002725,317.77,0.08,2467.751,2431.6692,2539.9146,2472.23,TIMEOUT,0.112761,0.080738,35.83,25.66,0.56,10.18,288.65,111027.46,111053.12000000001,0.0,0.0,dec_20260713T111621148034
t04_00030,4,dev_wfo,2024-08-15 17:00:00+00:00,2024-08-15 19:00:00+00:00,LONG,,RANGE_EDGE_REJECTION,0.726147,0.711706,0.0021,0.001959,222.49,0.06,2445.0985,2410.511,2514.2735,2455.715,TIMEOUT,0.286301,0.252672,63.7,56.22,0.42,7.48,207.53,111053.12000000001,111109.34000000001,0.0,0.0,dec_20260713T111621333593
t04_00031,4,dev_wfo,2024-08-16 09:00:00+00:00,2024-08-16 11:00:00+00:00,LONG,,CONTINUATION,0.852736,0.850047,0.0025,0.002361,265.01,0.14,2456.346,2438.4705,2492.0971,2462.385,TIMEOUT,0.319029,0.251304,84.55,66.6,0.98,17.95,250.26,111109.34000000001,111175.93000000001,0.0,0.0,dec_20260713T111621385748
t04_00032,4,dev_wfo,2024-08-16 12:00:00+00:00,2024-08-16 14:00:00+00:00,LONG,,CONTINUATION,0.729825,0.789149,0.0025,0.002414,265.18,0.12,2462.9885,2441.6485,2505.6685,2472.22,TIMEOUT,0.417746,0.360412,110.78,95.57,0.84,15.2,256.08,111175.93000000001,111271.51000000001,0.0,0.0,dec_20260713T111621394258
t04_00033,4,dev_wfo,2024-08-20 11:00:00+00:00,2024-08-20 13:00:00+00:00,LONG,,CONTINUATION,0.684424,0.717058,0.003,0.002993,318.5,0.12,2515.5673,2489.0869,2568.528,2522.915,TIMEOUT,0.276838,0.22995,88.17,73.24,0.84,14.93,317.76,111271.51000000001,111344.75,0.0,0.0,dec_20260713T111621491268
t04_00034,4,dev_wfo,2024-08-23 10:00:00+00:00,2024-08-23 12:00:00+00:00,LONG,,CONTINUATION,0.857284,0.836821,0.0025,0.002408,265.6,0.15,2493.645,2476.5879,2527.7593,2498.975,TIMEOUT,0.301017,0.229292,79.95,60.9,1.05,19.05,255.86,111344.75,111405.65000000001,0.0,0.0,dec_20260713T111621699631
t04_00035,4,dev_wfo,2024-08-23 11:00:00+00:00,2024-08-23 13:00:00+00:00,LONG,,CONTINUATION,0.749667,0.765842,0.0025,0.002413,265.75,0.15,2494.0698,2476.969,2528.2712,2499.03,TIMEOUT,0.279976,0.208321,74.4,55.36,1.05,19.04,256.51,111405.65000000001,111461.01000000001,0.0,0.0,dec_20260713T111621702780
t04_00036,4,dev_wfo,2024-08-26 10:00:00+00:00,2024-08-26 12:00:00+00:00,LONG,,PULLBACK,0.835779,0.834675,0.003,0.002906,319.07,0.16,2515.6722,2496.354,2554.3087,2525.04,TIMEOUT,0.469753,0.406343,149.88,129.65,1.12,20.23,309.09,111461.01000000001,111590.66,0.0,0.0,dec_20260713T111621736481
t04_00037,4,dev_wfo,2024-08-27 07:00:00+00:00,2024-08-27 09:00:00+00:00,LONG,,RANGE_EDGE_REJECTION,0.818041,0.802085,0.0021,0.00202,223.62,0.1,2509.6797,2488.1696,2552.7001,2514.9,TIMEOUT,0.233443,0.176225,52.2,39.41,0.7,12.79,215.1,111590.66,111630.07,0.0,0.0,dec_20260713T111621795364
t04_00038,4,dev_wfo,2024-08-29 07:00:00+00:00,2024-08-29 09:00:00+00:00,LONG,,CONTINUATION,0.616265,0.679179,0.0025,0.002376,266.31,0.12,2517.2847,2496.1906,2559.473,2516.935,TIMEOUT,-0.01576,-0.073414,-4.2,-19.55,0.84,15.35,253.13,111630.07,111610.52,0.000184,0.000184,dec_20260713T111621943508
t04_00039,4,dev_wfo,2024-09-04 13:00:00+00:00,2024-09-04 15:00:00+00:00,LONG,,RANGE_EDGE_REJECTION,0.721108,0.736477,0.0021,0.002035,223.66,0.08,2482.2648,2455.1756,2536.443,2486.57,TIMEOUT,0.153993,0.1093,34.44,24.45,0.56,10.0,216.71,111610.52,111634.96,0.0,0.0,dec_20260713T111622231389
t04_00040,4,dev_wfo,2024-09-05 03:00:00+00:00,2024-09-05 05:00:00+00:00,LONG,,CONTINUATION,0.720931,0.810081,0.0025,0.002315,266.33,0.11,2496.5597,2474.1385,2541.4023,2498.12,TIMEOUT,0.064442,0.007878,17.16,2.1,0.77,15.06,246.63,111634.96,111637.06,0.0,0.0,dec_20260713T111622278778
t04_00041,4,dev_wfo,2024-09-05 10:00:00+00:00,2024-09-05 12:00:00+00:00,LONG,,CONTINUATION,0.897649,0.87937,0.003,0.002891,319.6,0.15,2504.9947,2484.4626,2546.059,2515.54,TIMEOUT,0.494927,0.436753,158.18,139.59,1.05,18.59,307.98,111637.06,111776.65000000001,0.0,0.0,dec_20260713T111622296571
t04_00042,4,dev_wfo,2024-09-06 06:00:00+00:00,2024-09-06 08:00:00+00:00,LONG,,PULLBACK,0.677982,0.684167,0.003,0.002999,320.02,0.16,2518.3847,2498.3871,2558.3801,2520.03,TIMEOUT,0.082257,0.018286,26.32,5.85,1.12,20.47,319.96,111776.65000000001,111782.5,0.0,0.0,dec_20260713T111622314526
t04_00043,4,dev_wfo,2024-09-06 07:00:00+00:00,2024-09-06 09:00:00+00:00,LONG,,CONTINUATION,0.686996,0.70903,0.003,0.002926,320.03,0.18,2518.9098,2501.5671,2553.5951,2519.2305,TIMEOUT,0.01804,-0.054487,5.77,-17.44,1.26,23.21,312.17,111782.5,111765.06,0.000163,0.000163,dec_20260713T111622319232
t04_00044,4,dev_wfo,2024-09-10 19:00:00+00:00,2024-09-10 21:00:00+00:00,LONG,,CONTINUATION,0.664676,0.727974,0.003,0.00289,319.98,0.14,2513.339,2491.3249,2557.3672,2516.34,TIMEOUT,0.131302,0.076261,42.01,24.4,0.98,17.61,308.2,111765.06,111789.46,0.0,0.0,dec_20260713T111622447045
t04_00045,4,dev_wfo,2024-09-11 06:00:00+00:00,2024-09-11 08:00:00+00:00,LONG,,CONTINUATION,0.719543,0.759267,0.003,0.002995,320.06,0.18,2519.409,2501.6563,2554.9144,2521.335,TIMEOUT,0.108317,0.036443,34.67,11.66,1.26,23.0,319.55,111789.46,111801.13,0.0,0.0,dec_20260713T111622481945
t04_00046,4,dev_wfo,2024-09-11 08:00:00+00:00,2024-09-11 10:00:00+00:00,LONG,,CONTINUATION,0.897162,0.888768,0.003,0.00294,320.09,0.18,2520.2343,2502.8041,2555.0946,2521.495,TIMEOUT,0.070897,0.000127,22.69,0.04,1.26,22.65,313.74,111801.13,111801.17,0.0,0.0,dec_20260713T111622487524
t04_00047,4,dev_wfo,2024-09-12 13:00:00+00:00,2024-09-12 14:00:00+00:00,LONG,,CONTINUATION,0.88082,0.877595,0.0025,0.00246,266.74,0.16,2519.4315,2503.024,2552.2465,2552.2465,TP_HIT,1.968359,1.8926,525.04,504.83,1.12,20.21,262.52,111801.17,112306.0,0.0,0.0,dec_20260713T111622528417
t04_00048,4,dev_wfo,2024-09-12 15:00:00+00:00,2024-09-12 17:00:00+00:00,LONG,,CONTINUATION,0.919452,0.91751,0.0025,0.002479,268.0,0.09,2520.139,2490.6113,2579.1944,2553.415,TIMEOUT,1.117478,1.075231,299.48,288.16,0.63,11.32,265.75,112306.0,112594.16,0.0,0.0,dec_20260713T111622537385
t04_00049,4,dev_wfo,2024-09-13 03:00:00+00:00,2024-09-13 05:00:00+00:00,LONG,,CONTINUATION,0.854094,0.833374,0.003,0.002911,322.47,0.07,2559.1367,2514.431,2648.5482,2565.385,TIMEOUT,0.135634,0.106035,43.74,34.19,0.49,9.54,312.94,112594.16,112628.36,0.0,0.0,dec_20260713T111622546557
t04_00050,4,dev_wfo,2024-09-13 05:00:00+00:00,2024-09-13 07:00:00+00:00,LONG,,CONTINUATION,0.775059,0.766021,0.003,0.002875,322.57,0.08,2563.8615,2525.2138,2641.1569,2568.885,TIMEOUT,0.124587,0.093511,40.19,30.16,0.56,10.02,309.18,112628.36,112658.52,0.0,0.0,dec_20260713T111622555549
t04_00051,4,dev_wfo,2024-09-16 05:00:00+00:00,2024-09-16 07:00:00+00:00,LONG,,CONTINUATION,0.765317,0.767097,0.003,0.002945,322.66,0.14,2582.3365,2559.7124,2627.5847,2585.79,TIMEOUT,0.149845,0.095478,48.35,30.81,0.98,17.54,316.74,112658.52,112689.33,0.0,0.0,dec_20260713T111622568676
t04_00052,4,dev_wfo,2024-09-16 06:00:00+00:00,2024-09-16 08:00:00+00:00,LONG,,CONTINUATION,0.635987,0.676843,0.003,0.002941,322.75,0.15,2586.024,2564.9281,2628.2158,2588.74,TIMEOUT,0.126228,0.066832,40.74,21.57,1.05,19.17,316.44,112689.33,112710.90000000001,0.0,0.0,dec_20260713T111622573340
t04_00053,4,dev_wfo,2024-09-18 22:00:00+00:00,2024-09-19 01:00:00+00:00,LONG,,CONTINUATION,0.917955,0.900336,0.0025,0.002173,269.02,0.06,2576.2233,2537.2542,2654.1615,2559.3,TIMEOUT,-0.377444,-0.406364,-101.54,-109.32,0.42,7.78,233.81,112710.90000000001,112601.58,0.001016,0.001016,dec_20260713T111622705782
t04_00054,4,dev_wfo,2024-09-20 04:00:00+00:00,2024-09-20 06:00:00+00:00,LONG,,CONTINUATION,0.724878,0.782607,0.003,0.002846,322.49,0.11,2588.7315,2560.9231,2644.3483,2591.4375,TIMEOUT,0.092301,0.048538,29.77,15.65,0.77,14.11,305.89,112601.58,112617.23000000001,0.0,0.00087,dec_20260713T111622786474
t04_00055,4,dev_wfo,2024-09-20 18:00:00+00:00,2024-09-20 20:00:00+00:00,LONG,,CONTINUATION,0.811581,0.768615,0.003,0.002762,322.54,0.08,2614.679,2577.557,2688.9229,2619.595,TIMEOUT,0.121932,0.09073,39.33,29.26,0.56,10.06,296.98,112617.23000000001,112646.49,0.0,0.000599,dec_20260713T111622836508
t04_00056,4,dev_wfo,2024-09-23 06:00:00+00:00,2024-09-23 08:00:00+00:00,LONG,,CONTINUATION,0.752494,0.726621,0.003,0.002895,322.63,0.12,2626.004,2600.0619,2677.8883,2630.035,TIMEOUT,0.14993,0.102396,48.37,33.04,0.84,15.34,311.31,112646.49,112679.53,0.0,0.000291,dec_20260713T111622857965
t04_00057,4,dev_wfo,2024-09-23 15:00:00+00:00,2024-09-23 17:00:00+00:00,LONG,,CONTINUATION,0.794223,0.848239,0.003,0.002876,322.73,0.1,2624.724,2593.7903,2686.5915,2630.41,TIMEOUT,0.176184,0.137204,56.86,44.28,0.7,12.58,309.34,112679.53,112723.81,0.0,0.0,dec_20260713T111622885156
t04_00058,4,dev_wfo,2024-09-24 14:00:00+00:00,2024-09-24 16:00:00+00:00,LONG,,CONTINUATION,0.629634,0.705842,0.003,0.002823,322.86,0.12,2634.0015,2608.6867,2684.6311,2635.465,TIMEOUT,0.054395,0.007452,17.56,2.41,0.84,15.16,303.78,112723.81,112726.22,0.0,0.0,dec_20260713T111622916956
t04_00059,4,dev_wfo,2024-09-24 18:00:00+00:00,2024-09-24 20:00:00+00:00,LONG,,CONTINUATION,0.835091,0.798645,0.003,0.002802,322.87,0.08,2644.2015,2606.5106,2719.5833,2654.075,TIMEOUT,0.244643,0.214092,78.99,69.12,0.56,9.86,301.53,112726.22,112795.34000000001,0.0,0.0,dec_20260713T111622934373
t04_00060,4,dev_wfo,2024-09-25 04:00:00+00:00,2024-09-25 06:00:00+00:00,LONG,,CONTINUATION,0.817859,0.779689,0.003,0.002775,323.07,0.08,2661.4515,2624.0919,2736.1708,2661.495,TIMEOUT,0.001077,-0.030693,0.35,-9.92,0.56,10.26,298.88,112795.34000000001,112785.42,9.2e-05,9.2e-05,dec_20260713T111622943415
t04_00061,4,dev_wfo,2024-09-26 10:00:00+00:00,2024-09-26 12:00:00+00:00,LONG,,CONTINUATION,0.685845,0.715862,0.003,0.002927,323.04,0.18,2662.3465,2644.8349,2697.3697,2668.92,TIMEOUT,0.36628,0.295905,118.32,95.59,1.26,22.73,315.21,112785.42,112881.01000000001,0.0,0.0,dec_20260713T111623018260
t04_00062,4,dev_wfo,2024-10-01 13:00:00+00:00,2024-10-01 15:00:00+00:00,LONG,,CONTINUATION,0.69799,0.771178,0.0025,0.002416,269.44,0.13,2649.324,2629.2945,2689.3829,2651.545,TIMEOUT,0.107159,0.046463,28.87,12.52,0.91,16.35,260.38,112881.01000000001,112893.53,0.0,0.0,dec_20260713T111623232759
t04_00063,4,dev_wfo,2024-10-01 14:00:00+00:00,2024-10-01 16:00:00+00:00,LONG,,CONTINUATION,0.906069,0.901479,0.0025,0.002321,269.47,0.11,2650.9865,2628.2399,2696.4797,2667.96,TIMEOUT,0.692873,0.641316,186.71,172.82,0.77,13.89,250.21,112893.53,113066.35,0.0,0.0,dec_20260713T111623237677
t04_00064,4,dev_wfo,2024-10-04 05:00:00+00:00,2024-10-04 07:00:00+00:00,LONG,,CONTINUATION,0.873784,0.856164,0.0025,0.002484,269.9,0.1,2658.894,2632.0802,2712.5215,2664.09,TIMEOUT,0.192516,0.145165,51.96,39.18,0.7,12.78,268.14,113066.35,113105.53,0.0,0.0,dec_20260713T111623399208
t04_00065,4,dev_wfo,2024-10-04 06:00:00+00:00,2024-10-04 08:00:00+00:00,LONG,,CONTINUATION,0.69133,0.730897,0.0025,0.002375,270.0,0.1,2662.699,2637.0461,2714.0047,2667.385,TIMEOUT,0.173556,0.126222,46.86,34.08,0.7,12.78,256.53,113105.53,113139.61,0.0,0.0,dec_20260713T111623402340
t04_00066,4,dev_wfo,2024-10-10 04:00:00+00:00,2024-10-10 06:00:00+00:00,LONG,,RANGE_EDGE_REJECTION,0.805977,0.80122,0.0021,0.001911,226.87,0.09,2609.944,2587.0054,2655.8211,2611.78,TIMEOUT,0.072835,0.022136,16.52,5.02,0.63,11.5,206.45,113139.61,113144.63,0.0,0.0,dec_20260713T111623639235
t04_00067,4,dev_wfo,2024-10-10 21:00:00+00:00,2024-10-10 23:00:00+00:00,LONG,,CONTINUATION,0.656997,0.659564,0.003,0.002985,324.12,0.1,2624.4565,2592.2047,2688.9601,2629.905,TIMEOUT,0.168101,0.129751,54.49,42.06,0.7,12.43,322.52,113144.63,113186.68000000001,0.0,0.0,dec_20260713T111623685827
t04_00068,4,dev_wfo,2024-10-11 05:00:00+00:00,2024-10-11 07:00:00+00:00,LONG,,CONTINUATION,0.831509,0.816055,0.003,0.002975,324.25,0.1,2638.4365,2606.2786,2702.7522,2645.585,TIMEOUT,0.220463,0.181511,71.48,58.85,0.7,12.63,321.58,113186.68000000001,113245.54000000001,0.0,0.0,dec_20260713T111623696584
t04_00069,4,dev_wfo,2024-10-11 18:00:00+00:00,2024-10-11 20:00:00+00:00,LONG,,CONTINUATION,0.706209,0.72309,0.003,0.002885,324.42,0.1,2653.6965,2622.497,2716.0954,2659.545,TIMEOUT,0.180276,0.142269,58.49,46.16,0.7,12.33,311.99,113245.54000000001,113291.69,0.0,0.0,dec_20260713T111623743543
t04_00070,4,dev_wfo,2024-10-14 08:00:00+00:00,2024-10-14 10:00:00+00:00,LONG,,CONTINUATION,0.720784,0.789347,0.003,0.002785,324.56,0.12,2659.834,2634.7226,2710.0569,2660.475,TIMEOUT,0.0237,-0.023552,7.69,-7.64,0.84,15.34,301.34,113291.69,113284.05,7.1e-05,7.1e-05,dec_20260713T111623768962
t04_00071,4,dev_wfo,2024-10-14 19:00:00+00:00,2024-10-14 21:00:00+00:00,LONG,,RANGE_EDGE_REJECTION,0.676777,0.672216,0.0021,0.001862,227.18,0.07,2647.4017,2618.6332,2704.9389,2649.21,TIMEOUT,0.055717,0.01771,12.66,4.02,0.49,8.63,201.38,113284.05,113288.07,3.3e-05,3.3e-05,dec_20260713T111623792031
t04_00072,4,dev_wfo,2024-10-18 05:00:00+00:00,2024-10-18 07:00:00+00:00,LONG,,CONTINUATION,0.76163,0.720761,0.003,0.002849,324.55,0.1,2705.249,2674.4308,2766.8854,2710.18,TIMEOUT,0.151933,0.112556,49.31,36.53,0.7,12.78,308.18,113288.07,113324.6,0.0,0.0,dec_20260713T111624019528
t04_00073,4,dev_wfo,2024-10-18 20:00:00+00:00,2024-10-18 22:00:00+00:00,LONG,,CONTINUATION,0.633378,0.69708,0.003,0.002839,324.66,0.12,2718.2815,2692.6808,2769.4829,2719.68,TIMEOUT,0.051691,0.004639,16.78,1.51,0.84,15.28,307.21,113324.6,113326.11,0.0,0.0,dec_20260713T111624077063
t04_00074,4,dev_wfo,2024-10-21 02:00:00+00:00,2024-10-21 04:00:00+00:00,LONG,,BREAKOUT,0.690284,0.741426,0.003,0.002819,324.67,0.14,2724.264,2702.4745,2767.8429,2726.385,TIMEOUT,0.091459,0.031607,29.69,10.26,0.98,19.43,305.05,113326.11,113336.37000000001,0.0,0.0,dec_20260713T111624080064
t04_00075,4,dev_wfo,2024-10-21 05:00:00+00:00,2024-10-21 07:00:00+00:00,LONG,,BREAKOUT_RETEST,0.628489,0.665384,0.003,0.00298,324.7,0.15,2727.0015,2705.5026,2769.9994,2730.405,TIMEOUT,0.15723,0.09796,51.05,31.81,1.05,19.25,322.48,113336.37000000001,113368.18000000001,0.0,0.0,dec_20260713T111624087995
t04_00076,4,dev_wfo,2024-10-22 16:00:00+00:00,2024-10-22 18:00:00+00:00,LONG,,CONTINUATION,0.766948,0.779359,0.003,0.002971,324.79,0.13,2736.8493,2712.1105,2786.3268,2737.64,TIMEOUT,0.03165,-0.018722,10.28,-6.08,0.91,16.36,321.6,113368.18000000001,113362.1,5.6e-05,5.6e-05,dec_20260713T111624137630
t04_00077,4,dev_wfo,2024-10-23 07:00:00+00:00,2024-10-23 09:00:00+00:00,LONG,,CONTINUATION,0.744079,0.724872,0.003,0.002931,324.77,0.13,2746.7265,2722.3174,2795.5447,2750.545,TIMEOUT,0.152848,0.101492,49.64,32.96,0.91,16.68,317.32,113362.1,113395.06,0.0,0.0,dec_20260713T111624171683
t04_00078,4,dev_wfo,2024-10-29 16:00:00+00:00,2024-10-29 18:00:00+00:00,LONG,,CONTINUATION,0.870722,0.837212,0.003,0.002853,324.87,0.1,2755.4815,2724.5833,2817.2779,2766.83,TIMEOUT,0.349324,0.310447,113.48,100.85,0.7,12.63,308.98,113395.06,113495.91,0.0,0.0,dec_20260713T111624480246
t04_00079,4,dev_wfo,2024-10-30 03:00:00+00:00,2024-10-30 05:00:00+00:00,LONG,,BREAKOUT_RETEST,0.685105,0.696809,0.003,0.002822,325.17,0.1,2777.1315,2746.5429,2838.3086,2780.495,TIMEOUT,0.103438,0.063982,33.64,20.81,0.7,12.83,305.89,113495.91,113516.72,0.0,0.0,dec_20260713T111624493367
t04_00080,4,dev_wfo,2024-10-30 08:00:00+00:00,2024-10-30 10:00:00+00:00,LONG,,CONTINUATION,0.747946,0.75376,0.003,0.00287,325.24,0.15,2781.8398,2761.1003,2823.3187,2782.13,TIMEOUT,0.013386,-0.045808,4.35,-14.9,1.05,19.25,311.09,113516.72,113501.82,0.000137,0.000137,dec_20260713T111624501404
t04_00081,4,dev_wfo,2024-11-04 14:00:00+00:00,2024-11-04 16:00:00+00:00,LONG,,PULLBACK,0.665451,0.698176,0.0025,0.002342,270.99,0.12,2741.219,2720.0601,2783.5369,2743.41,TIMEOUT,0.097022,0.040872,26.29,11.08,0.84,15.22,253.91,113501.82,113512.90000000001,0.0,3.5e-05,dec_20260713T111624668809
t04_00082,4,dev_wfo,2024-11-07 15:00:00+00:00,2024-11-07 17:00:00+00:00,LONG,,CONTINUATION,0.844192,0.858694,0.0025,0.00239,271.02,0.07,2674.314,2637.3035,2748.3351,2698.82,TIMEOUT,0.63295,0.600974,171.54,162.88,0.49,8.67,259.07,113512.90000000001,113675.77,0.0,0.0,dec_20260713T111624889674
t04_00083,4,dev_wfo,2024-11-07 16:00:00+00:00,2024-11-07 18:00:00+00:00,LONG,,CONTINUATION,0.834264,0.824158,0.0025,0.002465,271.43,0.07,2685.204,2646.9727,2761.6665,2695.79,TIMEOUT,0.273006,0.241079,74.1,65.44,0.49,8.67,267.62,113675.77,113741.21,0.0,0.0,dec_20260713T111624892600
t04_00084,4,dev_wfo,2024-11-13 14:00:00+00:00,2024-11-13 16:00:00+00:00,LONG,,CONTINUATION,0.680919,0.700705,0.0025,0.002304,271.59,0.11,2611.469,2588.7104,2656.9861,2588.7104,SL_HIT,-0.921773,-0.97313,-250.34,-264.29,0.77,13.95,250.34,113741.21,113476.92,0.002433,0.002433,dec_20260713T111625149671
t04_00085,4,dev_wfo,2024-11-18 03:00:00+00:00,2024-11-18 05:00:00+00:00,LONG,,CONTINUATION,0.904247,0.890087,0.003,0.002726,325.12,0.09,2577.214,2544.3936,2642.8547,2589.9,TIMEOUT,0.351175,0.313583,114.17,101.95,0.63,12.22,295.38,113476.92,113578.87000000001,0.0,0.001494,dec_20260713T111625305887
t04_00086,4,dev_wfo,2024-11-18 04:00:00+00:00,2024-11-18 06:00:00+00:00,LONG,,CONTINUATION,0.770132,0.792236,0.003,0.00291,325.42,0.09,2587.6467,2552.5714,2657.7975,2592.135,TIMEOUT,0.12413,0.088909,40.39,28.93,0.63,11.46,315.68,113578.87000000001,113607.8,0.0,0.001228,dec_20260713T111625310644
t04_00087,4,dev_wfo,2024-11-19 12:00:00+00:00,2024-11-19 14:00:00+00:00,LONG,,CONTINUATION,0.603206,0.664332,0.003,0.002931,325.51,0.14,2630.7965,2608.0819,2676.2258,2639.245,TIMEOUT,0.363365,0.309474,118.28,100.74,0.98,17.54,318.0,113607.8,113708.54000000001,0.0,0.000301,dec_20260713T111625348720
t04_00088,4,dev_wfo,2024-11-19 22:00:00+00:00,2024-11-20 01:00:00+00:00,LONG,,CONTINUATION,0.639629,0.683044,0.003,0.002734,325.81,0.1,2631.3218,2601.6284,2690.7085,2635.16,TIMEOUT,0.117806,0.079333,38.38,25.85,0.7,12.54,296.93,113708.54000000001,113734.39,0.0,6.3e-05,dec_20260713T111625382401
t04_00089,4,dev_wfo,2024-11-20 03:00:00+00:00,2024-11-20 05:00:00+00:00,LONG,,CONTINUATION,0.646447,0.720081,0.003,0.002966,325.89,0.13,2638.524,2613.7379,2688.0961,2637.975,TIMEOUT,-0.0219,-0.075673,-7.14,-24.66,0.91,17.52,322.22,113734.39,113709.73000000001,0.000227,0.00029,dec_20260713T111625388117
t04_00090,4,dev_wfo,2024-11-20 10:00:00+00:00,2024-11-20 12:00:00+00:00,LONG,,FAILED_BREAKOUT,0.77013,0.708161,0.0021,0.001974,228.07,0.1,2622.1465,2600.711,2665.0176,2625.155,TIMEOUT,0.131911,0.076972,30.08,17.55,0.7,12.53,214.36,113709.73000000001,113727.28,6.5e-05,0.000128,dec_20260713T111625398510
t04_00091,4,dev_wfo,2024-11-21 05:00:00+00:00,2024-11-21 07:00:00+00:00,LONG,,CONTINUATION,0.811891,0.826854,0.003,0.002969,325.87,0.13,2654.2815,2629.4706,2703.9033,2656.945,TIMEOUT,0.106256,0.054674,34.63,17.82,0.91,16.81,322.54,113727.28,113745.1,0.0,0.0,dec_20260713T111625409332
t04_00092,4,dev_wfo,2024-11-22 11:00:00+00:00,2024-11-22 13:00:00+00:00,LONG,,CONTINUATION,0.807042,0.813819,0.003,0.002898,325.92,0.11,2697.9265,2669.307,2755.1654,2698.785,TIMEOUT,0.028975,-0.013315,9.44,-4.34,0.77,13.78,314.81,113745.1,113740.76000000001,4e-05,4e-05,dec_20260713T111625493180
t04_00093,4,dev_wfo,2024-11-22 20:00:00+00:00,2024-11-22 22:00:00+00:00,LONG,,CONTINUATION,0.659336,0.705065,0.003,0.002778,325.91,0.08,2707.4465,2669.7274,2782.8847,2705.86,TIMEOUT,-0.038943,-0.070437,-12.69,-22.96,0.56,10.26,301.75,113740.76000000001,113717.8,0.000251,0.000251,dec_20260713T111625509491
t04_00094,4,dev_wfo,2024-11-27 04:00:00+00:00,2024-11-27 06:00:00+00:00,LONG,,PULLBACK,0.845852,0.831144,0.0014,0.00113,152.06,0.04,2631.9815,2601.302,2693.3404,2638.995,TIMEOUT,0.184493,0.150743,28.05,22.92,0.28,5.13,122.72,113717.8,113740.72,0.0,4e-05,dec_20260713T111625648792
t04_00095,4,dev_wfo,2024-11-27 06:00:00+00:00,2024-11-27 08:00:00+00:00,LONG,,CONTINUATION,0.816583,0.844896,0.0025,0.002296,271.59,0.09,2638.4243,2610.7046,2693.8635,2647.795,TIMEOUT,0.31053,0.268494,84.34,72.92,0.63,11.42,249.48,113740.72,113813.64,0.0,0.0,dec_20260713T111625653634
t04_00096,4,dev_wfo,2024-11-29 04:00:00+00:00,2024-11-29 06:00:00+00:00,LONG,,CONTINUATION,0.838175,0.833949,0.003,0.002882,326.13,0.13,2645.519,2621.4228,2693.7115,2659.95,TIMEOUT,0.57524,0.524696,187.6,171.12,0.91,16.48,313.25,113813.64,113984.76000000001,0.0,0.0,dec_20260713T111625720726
t04_00097,4,dev_wfo,2024-11-29 08:00:00+00:00,2024-11-29 10:00:00+00:00,LONG,,CONTINUATION,0.61503,0.656092,0.003,0.002992,326.64,0.12,2663.0265,2635.8769,2717.3258,2657.29,TIMEOUT,-0.210746,-0.258248,-68.84,-84.35,0.84,15.52,325.8,113984.76000000001,113900.41,0.000775,0.000775,dec_20260713T111625738609
t04_00098,4,dev_wfo,2024-12-04 17:00:00+00:00,2024-12-04 19:00:00+00:00,LONG,,CONTINUATION,0.728707,0.689251,0.003,0.002727,326.39,0.1,2649.6765,2620.0044,2709.0208,2651.435,TIMEOUT,0.053877,0.015488,17.58,5.05,0.7,12.53,296.72,113900.41,113905.46,0.0,0.000728,dec_20260713T111625916025
t04_00099,4,dev_wfo,2024-12-09 09:00:00+00:00,2024-12-09 11:00:00+00:00,LONG,,CONTINUATION,0.795294,0.766984,0.0025,0.002312,272.0,0.09,2644.4865,2616.5345,2700.3904,2655.64,TIMEOUT,0.36905,0.326597,100.38,88.83,0.63,11.55,251.57,113905.46,113994.3,0.0,0.0,dec_20260713T111626110741
t04_00100,4,dev_wfo,2024-12-09 10:00:00+00:00,2024-12-09 12:00:00+00:00,LONG,,CONTINUATION,0.784052,0.746443,0.0025,0.002413,272.22,0.09,2651.1665,2621.9692,2709.5611,2657.51,TIMEOUT,0.209726,0.167638,57.09,45.63,0.63,11.46,262.78,113994.3,114039.93000000001,0.0,0.0,dec_20260713T111626115488
t04_00101,4,dev_wfo,2024-12-10 03:00:00+00:00,2024-12-10 05:00:00+00:00,LONG,,CONTINUATION,0.637858,0.652557,0.003,0.002961,326.81,0.12,2665.659,2638.7754,2719.4261,2669.945,TIMEOUT,0.157376,0.107879,51.43,35.26,0.84,16.18,322.6,114039.93000000001,114075.19,0.0,0.0,dec_20260713T111626124573
t04_00102,4,dev_wfo,2024-12-10 05:00:00+00:00,2024-12-10 07:00:00+00:00,LONG,,CONTINUATION,0.662067,0.75148,0.003,0.002984,326.91,0.12,2669.6467,2642.5507,2723.8389,2668.83,TIMEOUT,-0.029981,-0.077095,-9.8,-25.2,0.84,15.4,325.15,114075.19,114049.99,0.000231,0.000231,dec_20260713T111626129286
t04_00103,4,dev_wfo,2024-12-11 18:00:00+00:00,2024-12-11 20:00:00+00:00,LONG,,CONTINUATION,0.798248,0.737211,0.003,0.002977,326.84,0.08,2713.805,2673.257,2794.9011,2714.21,TIMEOUT,0.009913,-0.021662,3.24,-7.08,0.56,10.32,324.38,114049.99,114042.91,6.5e-05,0.000296,dec_20260713T111626175387
t04_00104,4,dev_wfo,2024-12-20 16:00:00+00:00,2024-12-20 18:00:00+00:00,LONG,,CONTINUATION,0.874857,0.862991,0.0014,0.001243,152.51,0.05,2610.244,2583.1602,2664.4115,2625.165,TIMEOUT,0.489181,0.447282,74.61,68.22,0.35,6.39,135.42,114042.91,114111.12000000001,0.0,0.0,dec_20260713T111626646472
t04_00105,4,dev_wfo,2024-12-20 17:00:00+00:00,2024-12-20 19:00:00+00:00,LONG,,CONTINUATION,0.874721,0.850566,0.0025,0.002381,272.52,0.09,2618.5865,2589.7486,2676.2622,2625.66,TIMEOUT,0.233603,0.191562,63.66,52.2,0.63,11.46,259.54,114111.12000000001,114163.32,0.0,0.0,dec_20260713T111626651346
t04_00106,4,dev_wfo,2024-12-23 08:00:00+00:00,2024-12-23 10:00:00+00:00,LONG,,CONTINUATION,0.794979,0.855472,0.003,0.002864,327.18,0.15,2627.4175,2606.5941,2669.0643,2629.985,TIMEOUT,0.11771,0.056506,38.51,18.49,1.05,20.03,312.35,114163.32,114181.81,0.0,0.0,dec_20260713T111626675873
t04_00107,4,dev_wfo,2024-12-23 18:00:00+00:00,2024-12-23 20:00:00+00:00,LONG,,FAILED_BREAKOUT,0.744501,0.74218,0.0021,0.001978,229.06,0.09,2610.4715,2586.5003,2658.414,2610.495,TIMEOUT,0.000923,-0.050273,0.21,-11.52,0.63,11.73,215.74,114181.81,114170.3,0.000106,0.000106,dec_20260713T111626698597
t04_00108,4,dev_wfo,2024-12-26 17:00:00+00:00,2024-12-26 19:00:00+00:00,LONG,,PULLBACK,0.765135,0.7578,0.003,0.00294,327.2,0.18,2630.619,2612.8063,2666.2444,2629.39,TIMEOUT,-0.06761,-0.139016,-22.12,-45.49,1.26,23.36,320.63,114170.3,114124.81,0.000417,0.000523,dec_20260713T111626783063
t04_00109,4,dev_wfo,2024-12-31 16:00:00+00:00,2024-12-31 18:00:00+00:00,LONG,,CONTINUATION,0.792755,0.759759,0.0014,0.001232,152.63,0.06,2613.8465,2591.4602,2658.619,2625.29,TIMEOUT,0.449853,0.399024,68.66,60.9,0.42,7.76,134.32,114124.81,114185.71,0.0,0.0,dec_20260713T111626966593
t04_00110,4,dev_wfo,2025-01-02 08:00:00+00:00,2025-01-02 10:00:00+00:00,LONG,,CONTINUATION,0.586696,0.662795,0.003,0.002988,327.24,0.19,2634.704,2617.5485,2669.0151,2636.49,TIMEOUT,0.103698,0.027173,33.93,8.89,1.33,25.04,325.96,114185.71,114194.61,0.0,0.0,dec_20260713T111626993637
t04_00111,4,dev_wfo,2025-01-02 18:00:00+00:00,2025-01-02 20:00:00+00:00,LONG,,CONTINUATION,0.708053,0.663653,0.003,0.002886,327.27,0.12,2654.689,2628.4576,2707.1519,2655.45,TIMEOUT,0.027904,-0.018957,9.13,-6.2,0.84,15.34,314.78,114194.61,114188.40000000001,5.7e-05,5.7e-05,dec_20260713T111627018453
t04_00112,4,dev_wfo,2025-01-07 13:00:00+00:00,2025-01-07 15:00:00+00:00,LONG,,CONTINUATION,0.706311,0.804714,0.0025,0.002349,272.71,0.15,2644.574,2627.4897,2678.7426,2662.3525,TIMEOUT,0.977879,0.907035,266.68,247.36,1.05,19.32,256.26,114188.40000000001,114435.76000000001,0.0,0.0,dec_20260713T111627156714
t04_00113,4,dev_wfo,2025-01-07 14:00:00+00:00,2025-01-07 16:00:00+00:00,LONG,,CONTINUATION,0.828391,0.849076,0.0025,0.002456,273.33,0.13,2649.1115,2628.4567,2690.4211,2658.575,TIMEOUT,0.450099,0.389077,123.03,106.35,0.91,16.68,268.51,114435.76000000001,114542.11,0.0,0.0,dec_20260713T111627160184
t04_00114,4,dev_wfo,2025-01-08 16:00:00+00:00,2025-01-08 18:00:00+00:00,LONG,,CONTINUATION,0.793425,0.757285,0.003,0.002913,328.31,0.15,2660.8265,2639.5724,2703.3347,2669.52,TIMEOUT,0.397193,0.339489,130.4,111.46,1.05,18.95,318.81,114542.11,114653.56,0.0,0.0,dec_20260713T111627197679
t04_00115,4,dev_wfo,2025-01-09 06:00:00+00:00,2025-01-09 08:00:00+00:00,LONG,,PULLBACK,0.627036,0.66272,0.003,0.002845,328.65,0.12,2659.989,2634.017,2711.9329,2666.705,TIMEOUT,0.245221,0.196732,80.59,64.66,0.84,15.94,311.66,114653.56,114718.22,0.0,0.0,dec_20260713T111627233365
t04_00116,4,dev_wfo,2025-01-10 03:00:00+00:00,2025-01-10 05:00:00+00:00,LONG,,CONTINUATION,0.756997,0.783615,0.003,0.002946,328.84,0.17,2671.174,2652.1769,2709.1683,2673.735,TIMEOUT,0.132396,0.063742,43.54,20.96,1.19,22.58,322.95,114718.22,114739.18000000001,0.0,0.0,dec_20260713T111627278938
t04_00117,4,dev_wfo,2025-01-10 04:00:00+00:00,2025-01-10 06:00:00+00:00,LONG,,CONTINUATION,0.691559,0.726113,0.003,0.002968,328.9,0.18,2671.674,2653.5979,2707.8261,2671.765,TIMEOUT,0.00498,-0.067698,1.64,-22.27,1.26,23.9,325.37,114739.18000000001,114716.91,0.000203,0.000203,dec_20260713T111627282084
t04_00118,4,dev_wfo,2025-01-14 09:00:00+00:00,2025-01-14 11:00:00+00:00,LONG,,PULLBACK,0.734186,0.747287,0.0025,0.002414,274.03,0.15,2669.779,2652.1377,2705.0615,2667.33,TIMEOUT,-0.134055,-0.205105,-36.74,-56.21,1.05,19.47,264.62,114716.91,114660.71,0.000513,0.000716,dec_20260713T111627342462
t04_00119,4,dev_wfo,2025-01-15 11:00:00+00:00,2025-01-15 13:00:00+00:00,LONG,,CONTINUATION,0.6507,0.764355,0.0016,0.001534,175.29,0.09,2684.599,2665.9267,2721.9436,2686.84,TIMEOUT,0.115061,0.047903,20.17,8.4,0.63,11.77,168.05,114660.71,114669.11,0.0,0.000639,dec_20260713T111627399934
t04_00120,4,dev_wfo,2025-01-16 04:00:00+00:00,2025-01-16 06:00:00+00:00,LONG,,CONTINUATION,0.744068,0.807622,0.003,0.002922,328.69,0.12,2696.799,2670.1211,2750.1547,2697.215,TIMEOUT,0.015188,-0.032931,4.99,-10.82,0.84,15.82,320.13,114669.11,114658.28,9.9e-05,0.000738,dec_20260713T111627435311
t04_00121,4,dev_wfo,2025-01-21 02:00:00+00:00,2025-01-21 04:00:00+00:00,LONG,,CONTINUATION,0.694653,0.706647,0.0025,0.002473,273.88,0.13,2711.0392,2690.1955,2752.7267,2724.87,TIMEOUT,0.656491,0.592008,179.8,162.14,0.91,17.66,270.97,114658.28,114820.42,0.0,0.0,dec_20260713T111627573831
t04_00122,4,dev_wfo,2025-01-21 04:00:00+00:00,2025-01-21 06:00:00+00:00,LONG,,CONTINUATION,0.740136,0.715647,0.0025,0.002406,274.29,0.1,2718.5642,2692.1625,2771.3678,2727.375,TIMEOUT,0.32122,0.27388,88.11,75.12,0.7,12.98,264.02,114820.42,114895.54000000001,0.0,0.0,dec_20260713T111627581150
t04_00123,4,dev_wfo,2025-01-24 03:00:00+00:00,2025-01-24 05:00:00+00:00,LONG,,CONTINUATION,0.89822,0.868799,0.0025,0.002371,274.48,0.09,2760.279,2731.3579,2818.1211,2772.46,TIMEOUT,0.399406,0.35619,109.63,97.77,0.63,11.86,260.29,114895.54000000001,114993.31,0.0,0.0,dec_20260713T111627686999
t04_00124,4,dev_wfo,2025-01-24 04:00:00+00:00,2025-01-24 06:00:00+00:00,LONG,,CONTINUATION,0.918105,0.871326,0.0025,0.002478,274.72,0.09,2762.974,2732.7194,2823.4833,2772.16,TIMEOUT,0.300939,0.258088,82.67,70.9,0.63,11.77,272.29,114993.31,115064.21,0.0,0.0,dec_20260713T111627690161
t04_00125,4,dev_wfo,2025-01-28 19:00:00+00:00,2025-01-28 21:00:00+00:00,LONG,,CONTINUATION,0.703225,0.765523,0.0025,0.002463,274.9,0.13,2759.319,2738.4829,2800.9911,2764.8,TIMEOUT,0.259196,0.198287,71.25,54.51,0.91,16.74,270.87,115064.21,115118.72,0.0,0.0,dec_20260713T111627786844
t04_00126,4,dev_wfo,2025-01-28 20:00:00+00:00,2025-01-28 22:00:00+00:00,LONG,,CONTINUATION,0.723503,0.776779,0.0025,0.002469,275.04,0.13,2760.4465,2739.5556,2802.2283,2764.1,TIMEOUT,0.172686,0.111571,47.5,30.69,0.91,16.81,271.58,115118.72,115149.41,0.0,0.0,dec_20260713T111627790116
t04_00127,4,dev_wfo,2025-01-29 21:00:00+00:00,2025-01-29 23:00:00+00:00,LONG,,FAILED_BREAKOUT,0.704032,0.721294,0.0021,0.002009,231.09,0.1,2751.6365,2729.5281,2795.8533,2759.64,TIMEOUT,0.346337,0.289952,80.03,67.0,0.7,13.03,221.08,115149.41,115216.41,0.0,0.0,dec_20260713T111627840559
t04_00128,4,dev_wfo,2025-01-30 10:00:00+00:00,2025-01-30 12:00:00+00:00,LONG,,CONTINUATION,0.804024,0.787211,0.003,0.002862,330.34,0.15,2769.829,2748.8181,2811.8508,2778.33,TIMEOUT,0.386011,0.326618,127.51,107.89,1.05,19.62,315.16,115216.41,115324.31,0.0,0.0,dec_20260713T111627871687
t04_00129,4,dev_wfo,2025-01-31 14:00:00+00:00,2025-01-31 16:00:00+00:00,LONG,,PULLBACK,0.804792,0.759553,0.003,0.002891,330.66,0.16,2800.9015,2780.984,2840.7365,2812.35,TIMEOUT,0.553971,0.490921,183.18,162.33,1.12,20.85,318.68,115324.31,115486.64,0.0,0.0,dec_20260713T111627932179
t04_00130,4,dev_wfo,2025-02-03 16:00:00+00:00,2025-02-03 18:00:00+00:00,LONG,,CONTINUATION,0.898832,0.845239,0.0025,0.002249,275.96,0.06,2811.7365,2770.354,2894.5015,2814.185,TIMEOUT,0.053236,0.025775,14.69,7.11,0.42,7.58,248.29,115486.64,115493.75,0.0,0.0,dec_20260713T111627994988
t04_00131,4,dev_wfo,2025-02-05 17:00:00+00:00,2025-02-05 19:00:00+00:00,LONG,,CONTINUATION,0.781474,0.738613,0.003,0.002791,331.17,0.09,2872.8515,2838.6206,2941.3133,2872.975,TIMEOUT,0.003356,-0.031511,1.11,-10.44,0.63,11.55,308.08,115493.75,115483.31,9.5e-05,9.5e-05,dec_20260713T111628112412
t04_00132,4,dev_wfo,2025-02-10 03:00:00+00:00,2025-02-10 05:00:00+00:00,LONG,,CONTINUATION,0.809491,0.817199,0.003,0.002868,331.14,0.08,2868.6165,2829.0501,2947.7494,2875.6,TIMEOUT,0.168714,0.135785,55.87,44.96,0.56,10.9,316.53,115483.31,115528.28,0.0,0.0,dec_20260713T111628234039
t04_00133,4,dev_wfo,2025-02-13 05:00:00+00:00,2025-02-13 07:00:00+00:00,LONG,,CONTINUATION,0.868285,0.855961,0.0025,0.002247,276.06,0.07,2909.5065,2874.0613,2980.3969,2918.035,TIMEOUT,0.216256,0.181694,59.7,50.16,0.49,9.54,248.12,115528.28,115578.44,0.0,0.0,dec_20260713T111628394894
t04_00134,4,dev_wfo,2025-02-13 06:00:00+00:00,2025-02-13 08:00:00+00:00,LONG,,CONTINUATION,0.71686,0.682286,0.0025,0.002205,276.19,0.07,2917.2515,2882.4478,2986.859,2916.025,TIMEOUT,-0.031085,-0.065631,-8.59,-18.13,0.49,9.54,243.63,115578.44,115560.31,0.000164,0.000164,dec_20260713T111628397878
t04_00135,4,dev_wfo,2025-02-18 14:00:00+00:00,2025-02-18 16:00:00+00:00,LONG,,CONTINUATION,0.609973,0.689833,0.0025,0.002323,276.14,0.11,2914.9215,2891.5945,2961.5754,2927.97,TIMEOUT,0.519785,0.466287,143.53,128.76,0.77,14.77,256.6,115560.31,115689.07,0.0,0.0,dec_20260713T111628537220
t04_00136,4,dev_wfo,2025-02-18 16:00:00+00:00,2025-02-18 18:00:00+00:00,LONG,,CONTINUATION,0.714684,0.724801,0.003,0.002972,331.75,0.12,2919.409,2892.0233,2974.1804,2932.92,TIMEOUT,0.488717,0.441405,162.13,146.44,0.84,15.7,328.63,115689.07,115835.51000000001,0.0,0.0,dec_20260713T111628543254
t04_00137,4,dev_wfo,2025-02-19 11:00:00+00:00,2025-02-19 13:00:00+00:00,LONG,,CONTINUATION,0.7436,0.802565,0.003,0.002814,332.19,0.12,2939.3265,2913.3579,2991.2636,2935.11,TIMEOUT,-0.152316,-0.199747,-50.6,-66.35,0.84,15.76,311.62,115835.51000000001,115769.15000000001,0.000599,0.000599,dec_20260713T111628563185
t04_00138,4,dev_wfo,2025-02-19 20:00:00+00:00,2025-02-19 22:00:00+00:00,LONG,,FAILED_BREAKOUT,0.703344,0.68897,0.0021,0.002077,232.4,0.07,2924.494,2891.6565,2990.169,2935.85,TIMEOUT,0.342048,0.301446,79.49,70.06,0.49,9.44,229.86,115769.15000000001,115839.21,0.0,0.0,dec_20260713T111628579914
t04_00139,4,dev_wfo,2025-02-20 09:00:00+00:00,2025-02-20 11:00:00+00:00,LONG,,CONTINUATION,0.645648,0.658923,0.003,0.002801,332.2,0.12,2948.4468,2922.6014,3000.1375,2951.485,TIMEOUT,0.10975,0.060497,36.46,20.1,0.84,16.36,310.14,115839.21,115859.31,0.0,0.0,dec_20260713T111628601526
t04_00140,4,dev_wfo,2025-02-20 10:00:00+00:00,2025-02-20 12:00:00+00:00,LONG,,CONTINUATION,0.670784,0.702656,0.003,0.002954,332.26,0.13,2949.6315,2924.466,2999.9626,2952.265,TIMEOUT,0.103038,0.051275,34.24,17.04,0.91,17.2,327.15,115859.31,115876.34000000001,0.0,0.0,dec_20260713T111628604720
t04_00141,4,dev_wfo,2025-02-24 21:00:00+00:00,2025-02-24 23:00:00+00:00,LONG,,CONTINUATION,0.654032,0.692122,0.003,0.002928,332.32,0.09,2948.0593,2912.0207,3020.1364,2952.305,TIMEOUT,0.114985,0.078464,38.21,26.08,0.63,12.14,324.35,115876.34000000001,115902.42,0.0,0.0,dec_20260713T111628714674
t04_00142,4,dev_wfo,2025-02-24 22:00:00+00:00,2025-02-25 01:00:00+00:00,LONG,,CONTINUATION,0.713742,0.774434,0.003,0.002883,332.39,0.09,2949.7818,2914.2948,3020.7557,2949.98,TIMEOUT,0.005368,-0.030739,1.78,-10.22,0.63,12.0,319.38,115902.42,115892.20000000001,9.2e-05,9.2e-05,dec_20260713T111628718003
t04_00143,4,dev_wfo,2025-02-25 10:00:00+00:00,2025-02-25 12:00:00+00:00,LONG,,FAILED_BREAKOUT,0.791215,0.818856,0.0021,0.001956,232.65,0.09,2932.3418,2908.2585,2980.5082,2937.475,TIMEOUT,0.198578,0.147379,46.2,34.29,0.63,11.91,216.75,115892.20000000001,115926.49,0.0,0.0,dec_20260713T111628732880
t04_00144,4,dev_wfo,2025-03-03 03:00:00+00:00,2025-03-03 05:00:00+00:00,LONG,,FAIR_VALUE_GAP,0.702074,0.732491,0.0021,0.001813,232.73,0.05,2866.5315,2826.3511,2946.8922,2864.8,TIMEOUT,-0.0372,-0.067127,-8.66,-15.62,0.35,6.96,200.9,115926.49,115910.87000000001,0.000141,0.000141,dec_20260713T111628931648
t04_00145,4,dev_wfo,2025-03-03 13:00:00+00:00,2025-03-03 15:00:00+00:00,LONG,,CONTINUATION,0.576907,0.699687,0.0025,0.002334,277.02,0.1,2872.5265,2846.6626,2924.2544,2872.6375,TIMEOUT,0.004007,-0.04339,1.11,-12.02,0.7,13.13,258.64,115910.87000000001,115898.85,0.000249,0.000249,dec_20260713T111628952114
t04_00146,4,dev_wfo,2025-03-05 18:00:00+00:00,2025-03-05 20:00:00+00:00,LONG,,PULLBACK,0.691482,0.650714,0.0016,0.001465,177.27,0.04,2917.7565,2877.1827,2998.904,2917.5,TIMEOUT,-0.005788,-0.035866,-1.03,-6.36,0.28,5.33,162.29,115898.85,115892.49,5.7e-05,0.000307,dec_20260713T111629034485
t04_00147,4,dev_wfo,2025-03-06 02:00:00+00:00,2025-03-06 04:00:00+00:00,LONG,,PULLBACK,0.753649,0.785462,0.0007,0.000685,77.55,0.02,2918.9615,2881.012,2994.8604,2925.545,TIMEOUT,0.169787,0.13283,13.17,10.3,0.14,2.87,75.9,115892.49,115902.79000000001,0.0,0.000214,dec_20260713T111629040734
t04_00148,4,dev_wfo,2025-03-11 04:00:00+00:00,2025-03-11 06:00:00+00:00,LONG,,RANGE_EDGE_REJECTION,0.672526,0.682715,0.0021,0.001804,232.68,0.05,2889.5693,2849.5909,2969.526,2897.28,TIMEOUT,0.165694,0.136717,38.55,31.81,0.35,6.74,199.89,115902.79000000001,115934.6,0.0,0.0,dec_20260713T111629204431
t04_00149,4,dev_wfo,2025-03-11 15:00:00+00:00,2025-03-11 17:00:00+00:00,LONG,,CONTINUATION,0.67021,0.705067,0.0025,0.002278,277.08,0.07,2914.2515,2878.1852,2986.384,2915.485,TIMEOUT,0.031162,-0.002514,8.63,-0.7,0.49,9.33,252.46,115934.6,115933.90000000001,6e-06,6e-06,dec_20260713T111629225509
t04_00150,4,dev_wfo,2025-03-12 15:00:00+00:00,2025-03-12 17:00:00+00:00,LONG,,FAILED_BREAKOUT,0.651198,0.694763,0.0021,0.001913,232.74,0.08,2917.0365,2890.5358,2970.0379,2925.32,TIMEOUT,0.28473,0.23891,66.27,55.6,0.56,10.66,212.01,115933.90000000001,115989.51000000001,0.0,0.0,dec_20260713T111629247612
t04_00151,4,dev_wfo,2025-03-12 18:00:00+00:00,2025-03-12 20:00:00+00:00,LONG,,CONTINUATION,0.78553,0.788282,0.003,0.002984,332.66,0.09,2925.9715,2889.2092,2999.4961,2935.695,TIMEOUT,0.263066,0.227002,87.51,75.51,0.63,12.0,330.86,115989.51000000001,116065.02,0.0,0.0,dec_20260713T111629256703
t04_00152,4,dev_wfo,2025-03-13 04:00:00+00:00,2025-03-13 06:00:00+00:00,LONG,,CONTINUATION,0.788517,0.806824,0.003,0.002805,332.88,0.09,2939.3665,2904.786,3008.5276,2945.14,TIMEOUT,0.156097,0.119246,51.96,39.69,0.63,12.27,311.22,116065.02,116104.72,0.0,0.0,dec_20260713T111629265538
t04_00153,4,dev_wfo,2025-03-13 20:00:00+00:00,2025-03-13 22:00:00+00:00,LONG,,CONTINUATION,0.604369,0.654442,0.003,0.002699,333.0,0.06,2980.7668,2930.8385,3080.6232,2985.805,TIMEOUT,0.090779,0.066572,30.23,22.17,0.42,8.06,299.57,116104.72,116126.88,0.0,0.0,dec_20260713T111629299088
t04_00154,4,dev_wfo,2025-03-18 07:00:00+00:00,2025-03-18 09:00:00+00:00,LONG,,CONTINUATION,0.593469,0.65859,0.003,0.002869,333.07,0.14,3013.5515,2990.7994,3059.0558,3016.165,TIMEOUT,0.109854,0.052563,36.59,17.51,0.98,19.08,318.53,116126.88,116144.39,0.0,0.0,dec_20260713T111629398556
t04_00155,4,dev_wfo,2025-03-18 11:00:00+00:00,2025-03-18 13:00:00+00:00,LONG,,CONTINUATION,0.648391,0.668997,0.003,0.002768,333.12,0.11,3020.895,2992.9575,3076.77,3025.555,TIMEOUT,0.153878,0.110192,51.26,36.71,0.77,14.55,307.31,116144.39,116181.1,0.0,0.0,dec_20260713T111629410223
t04_00156,4,dev_wfo,2025-03-19 07:00:00+00:00,2025-03-19 09:00:00+00:00,LONG,,CONTINUATION,0.744591,0.770645,0.003,0.002954,333.23,0.15,3036.9515,3015.0799,3080.6947,3039.04,TIMEOUT,0.094012,0.032658,31.33,10.88,1.05,20.45,328.07,116181.1,116191.98000000001,0.0,0.0,dec_20260713T111629424325
t04_00157,4,dev_wfo,2025-03-19 08:00:00+00:00,2025-03-19 10:00:00+00:00,LONG,,CONTINUATION,0.824973,0.836127,0.003,0.002937,333.26,0.15,3037.1815,3015.4319,3080.6808,3035.2275,TIMEOUT,-0.087949,-0.149298,-29.31,-49.75,1.05,20.45,326.24,116191.98000000001,116142.23000000001,0.000448,0.000448,dec_20260713T111629427442
t04_00158,4,dev_wfo,2025-03-20 07:00:00+00:00,2025-03-20 09:00:00+00:00,LONG,,CONTINUATION,0.770175,0.757876,0.003,0.00298,333.11,0.1,3050.6415,3017.5508,3116.8229,3045.665,TIMEOUT,-0.149395,-0.190313,-49.76,-63.39,0.7,13.63,330.91,116142.23000000001,116078.83,0.000571,0.001019,dec_20260713T111629435921
t04_00159,4,dev_wfo,2025-03-24 11:00:00+00:00,2025-03-24 13:00:00+00:00,LONG,,CONTINUATION,0.660987,0.69541,0.0014,0.001174,155.36,0.05,3025.9305,2999.8705,3078.0505,3026.47,TIMEOUT,0.017363,-0.025216,2.7,-3.92,0.35,6.62,130.3,116078.83,116074.91,3.5e-05,0.001054,dec_20260713T111629530452
t04_00160,4,dev_wfo,2025-03-25 17:00:00+00:00,2025-03-25 19:00:00+00:00,LONG,,CONTINUATION,0.796558,0.794402,0.0006,0.00058,66.58,0.02,3027.4815,2995.3179,3091.8086,3022.895,TIMEOUT,-0.137774,-0.177816,-9.17,-11.84,0.14,2.67,64.33,116074.91,116063.07,0.000107,0.00116,dec_20260713T111629577086
t05_00001,5,dev_wfo,2025-07-02 18:00:00+00:00,2025-07-02 20:00:00+00:00,LONG,,CONTINUATION,0.666346,0.655068,0.003,0.002892,332.88,0.09,3343.6267,3307.9728,3414.9346,3349.695,TIMEOUT,0.164066,0.128012,54.61,42.61,0.63,12.0,320.89,121917.40000000001,121960.01000000001,0.0,0.0,dec_20260713T111636234873
t05_00002,5,dev_wfo,2025-07-02 21:00:00+00:00,2025-07-02 23:00:00+00:00,LONG,,CONTINUATION,0.879009,0.885506,0.003,0.002677,333.0,0.08,3350.3018,3313.1573,3424.5907,3356.935,TIMEOUT,0.159357,0.127321,53.07,42.4,0.56,10.67,297.16,121960.01000000001,122002.41,0.0,0.0,dec_20260713T111636244042
t05_00003,5,dev_wfo,2025-07-07 23:00:00+00:00,2025-07-08 02:00:00+00:00,LONG,,CONTINUATION,0.822664,0.842556,0.0025,0.002218,277.61,0.06,3337.7618,3296.7146,3419.856,3334.591,TIMEOUT,-0.06853,-0.097351,-19.02,-27.03,0.42,8.0,246.28,122002.41,121975.39,0.000243,0.000243,dec_20260713T111636399610
t05_00004,5,dev_wfo,2025-07-09 20:00:00+00:00,2025-07-09 22:00:00+00:00,LONG,,CONTINUATION,0.645722,0.704267,0.0025,0.002293,277.54,0.07,3312.4943,3276.1228,3385.2371,3315.69,TIMEOUT,0.080602,0.047599,22.37,13.21,0.49,9.16,254.6,121975.39,121988.6,0.0,0.000124,dec_20260713T111636496468
t05_00005,5,dev_wfo,2025-07-09 23:00:00+00:00,2025-07-10 02:00:00+00:00,LONG,,CONTINUATION,0.652406,0.69948,0.0025,0.002189,277.57,0.07,3316.3418,3281.6284,3385.7685,3317.6,TIMEOUT,0.031732,-0.001898,8.81,-0.53,0.49,9.33,242.99,121988.6,121988.07,5e-06,0.000129,dec_20260713T111636502348
t05_00006,5,dev_wfo,2025-07-10 08:00:00+00:00,2025-07-10 10:00:00+00:00,LONG,,CONTINUATION,0.758845,0.778223,0.0025,0.002437,277.57,0.11,3322.8392,3298.2387,3372.0403,3321.115,TIMEOUT,-0.068331,-0.121376,-18.97,-33.69,0.77,14.72,270.61,121988.07,121954.38,0.000303,0.000433,dec_20260713T111636511062
t05_00007,5,dev_wfo,2025-07-11 09:00:00+00:00,2025-07-11 11:00:00+00:00,LONG,,CONTINUATION,0.837574,0.847638,0.0016,0.001373,177.59,0.06,3334.8043,3309.405,3385.6028,3333.155,TIMEOUT,-0.055721,-0.100943,-9.9,-17.93,0.42,8.03,152.4,121954.38,121936.45000000001,0.000162,0.000594,dec_20260713T111636560722
t05_00008,5,dev_wfo,2025-07-11 23:00:00+00:00,2025-07-14 02:00:00+00:00,LONG,,CONTINUATION,0.626271,0.756403,0.0007,0.000655,77.68,0.02,3357.0033,3320.6671,3429.6758,3367.66,TIMEOUT,0.274373,0.238414,21.31,18.52,0.14,2.79,72.67,121936.45000000001,121954.97,0.0,0.000427,dec_20260713T111636587755
t05_00009,5,dev_wfo,2025-07-14 19:00:00+00:00,2025-07-14 21:00:00+00:00,LONG,,RANGE_EDGE_REJECTION,0.784016,0.818795,0.0021,0.001913,233.09,0.05,3345.7218,3303.2619,3430.6414,3348.89,TIMEOUT,0.067962,0.040001,15.84,9.32,0.35,6.52,212.3,121954.97,121964.3,0.0,0.000343,dec_20260713T111636628895
t05_00010,5,dev_wfo,2025-07-16 18:00:00+00:00,2025-07-16 20:00:00+00:00,LONG,,CONTINUATION,0.764459,0.79775,0.0025,0.002388,277.51,0.06,3338.7342,3294.5591,3427.0846,3354.815,TIMEOUT,0.347679,0.319605,96.48,88.69,0.42,7.79,265.05,121964.3,122052.99,0.0,0.0,dec_20260713T111636736155
t05_00011,5,dev_wfo,2025-07-16 19:00:00+00:00,2025-07-16 21:00:00+00:00,LONG,,CONTINUATION,0.91032,0.894194,0.0025,0.002243,277.74,0.05,3344.5418,3294.7037,3444.2178,3350.33,TIMEOUT,0.104203,0.080736,28.94,22.42,0.35,6.52,249.19,122052.99,122075.41,0.0,0.0,dec_20260713T111636739425
t05_00012,5,dev_wfo,2025-07-18 10:00:00+00:00,2025-07-18 12:00:00+00:00,LONG,,PULLBACK,0.839623,0.824919,0.0025,0.00242,277.79,0.11,3342.7417,3318.3012,3391.6228,3352.42,TIMEOUT,0.383242,0.330438,106.46,91.79,0.77,14.67,268.85,122075.41,122167.21,0.0,0.0,dec_20260713T111636816954
t05_00013,5,dev_wfo,2025-07-18 15:00:00+00:00,2025-07-18 17:00:00+00:00,LONG,,CONTINUATION,0.635632,0.701405,0.003,0.002996,333.63,0.11,3354.9943,3324.7021,3415.5785,3354.715,TIMEOUT,-0.009207,-0.05169,-3.07,-17.25,0.77,14.17,333.21,122167.21,122149.96,0.000155,0.000155,dec_20260713T111636828512
t05_00014,5,dev_wfo,2025-07-21 16:00:00+00:00,2025-07-21 18:00:00+00:00,LONG,,CONTINUATION,0.818534,0.797348,0.003,0.002794,333.57,0.07,3387.8867,3343.4975,3476.6653,3397.97,TIMEOUT,0.211598,0.184873,70.58,61.67,0.49,8.91,310.72,122149.96,122211.63,0.0,0.0,dec_20260713T111636853627
t05_00015,5,dev_wfo,2025-07-21 17:00:00+00:00,2025-07-21 19:00:00+00:00,LONG,,CONTINUATION,0.789157,0.755766,0.003,0.002831,333.76,0.07,3389.3618,3344.3618,3479.3618,3395.675,TIMEOUT,0.132409,0.105699,44.19,35.28,0.49,8.91,315.0,122211.63,122246.91,0.0,0.0,dec_20260713T111636856913
t05_00016,5,dev_wfo,2025-07-22 19:00:00+00:00,2025-07-22 21:00:00+00:00,LONG,,CONTINUATION,0.656766,0.659098,0.003,0.002835,333.86,0.07,3427.1417,3382.0769,3517.2714,3429.66,TIMEOUT,0.0528,0.026099,17.63,8.71,0.49,8.91,315.45,122246.91,122255.62000000001,0.0,0.0,dec_20260713T111636904232
t05_00017,5,dev_wfo,2025-07-23 10:00:00+00:00,2025-07-23 12:00:00+00:00,LONG,,PULLBACK,0.778697,0.807308,0.003,0.002825,333.89,0.13,3425.6868,3401.5023,3474.0557,3431.13,TIMEOUT,0.211933,0.160013,70.76,53.43,0.91,17.34,314.4,122255.62000000001,122309.05,0.0,0.0,dec_20260713T111636937870
t05_00018,5,dev_wfo,2025-07-29 11:00:00+00:00,2025-07-29 13:00:00+00:00,LONG,,CONTINUATION,0.713498,0.686162,0.0025,0.002343,278.38,0.1,3317.7067,3291.6142,3369.8918,3322.15,TIMEOUT,0.159611,0.114583,44.43,31.9,0.7,12.54,260.93,122309.05,122340.94,0.0,0.0,dec_20260713T111637147598
t05_00019,5,dev_wfo,2025-07-30 11:00:00+00:00,2025-07-30 13:00:00+00:00,LONG,,CONTINUATION,0.751493,0.764604,0.003,0.002864,334.15,0.16,3328.6593,3308.721,3368.5357,3308.721,SL_HIT,-0.954695,-1.015913,-319.01,-339.47,1.12,20.46,319.01,122340.94,122001.48000000001,0.003048,0.003048,dec_20260713T111637196979
t05_00020,5,dev_wfo,2025-08-01 15:00:00+00:00,2025-08-01 17:00:00+00:00,LONG,,CONTINUATION,0.935184,0.930668,0.0025,0.002016,277.61,0.04,3301.0192,3245.0541,3412.9496,3345.9,TIMEOUT,0.646673,0.627964,179.52,174.33,0.28,5.19,223.86,122001.48000000001,122175.81000000001,0.0,0.001483,dec_20260713T111637307053
t05_00021,5,dev_wfo,2025-08-01 17:00:00+00:00,2025-08-01 19:00:00+00:00,LONG,,CONTINUATION,0.809472,0.82026,0.0025,0.002299,278.04,0.04,3342.7168,3278.8026,3470.545,3347.355,TIMEOUT,0.066728,0.048119,18.55,13.38,0.28,5.17,255.66,122175.81000000001,122189.19,0.0,0.001363,dec_20260713T111637313129
t05_00022,5,dev_wfo,2025-08-04 15:00:00+00:00,2025-08-04 17:00:00+00:00,LONG,,PULLBACK,0.815384,0.827399,0.003,0.002752,333.69,0.08,3371.0493,3332.7869,3447.5739,3374.045,TIMEOUT,0.071821,0.04069,23.97,13.58,0.56,10.39,306.1,122189.19,122202.76000000001,0.0,0.001241,dec_20260713T111637345346
t05_00023,5,dev_wfo,2025-08-06 14:00:00+00:00,2025-08-06 16:00:00+00:00,LONG,,RANGE_EDGE_REJECTION,0.741896,0.794092,0.0021,0.002058,233.61,0.08,3364.2793,3335.6575,3421.5228,3371.725,TIMEOUT,0.254981,0.210856,59.57,49.26,0.56,10.31,228.97,122202.76000000001,122252.02,0.0,0.000798,dec_20260713T111637446775
t05_00024,5,dev_wfo,2025-08-07 16:00:00+00:00,2025-08-07 18:00:00+00:00,LONG,,CONTINUATION,0.817845,0.789336,0.003,0.002849,333.88,0.07,3381.4468,3336.1426,3472.055,3390.2,TIMEOUT,0.183517,0.156608,61.27,52.29,0.49,8.98,317.13,122252.02,122304.31000000001,0.0,0.000329,dec_20260713T111637506872
t05_00025,5,dev_wfo,2025-08-07 17:00:00+00:00,2025-08-07 19:00:00+00:00,LONG,,CONTINUATION,0.825256,0.813986,0.003,0.002817,334.04,0.07,3385.6042,3340.7996,3475.2135,3388.85,TIMEOUT,0.068017,0.040806,22.72,13.63,0.49,9.09,313.63,122304.31000000001,122317.94,0.0,0.000207,dec_20260713T111637510219
t05_00026,5,dev_wfo,2025-08-12 13:00:00+00:00,2025-08-12 15:00:00+00:00,LONG,,FAILED_BREAKOUT,0.660839,0.670948,0.0021,0.002,233.85,0.07,3346.1243,3314.3012,3409.7703,3349.915,TIMEOUT,0.113471,0.074602,26.54,17.45,0.49,9.09,222.76,122317.94,122335.39,0.0,5e-05,dec_20260713T111637650531
t05_00027,5,dev_wfo,2025-08-13 10:00:00+00:00,2025-08-13 12:00:00+00:00,LONG,,PULLBACK,0.832749,0.814394,0.0025,0.002356,278.44,0.11,3357.7693,3333.916,3405.4757,3364.645,TIMEOUT,0.271632,0.218359,75.63,60.8,0.77,14.83,262.39,122335.39,122396.19,0.0,0.0,dec_20260713T111637699646
t05_00028,5,dev_wfo,2025-08-13 12:00:00+00:00,2025-08-13 14:00:00+00:00,LONG,,CONTINUATION,0.750849,0.736036,0.0025,0.002418,278.59,0.1,3360.8917,3333.9453,3414.7846,3362.34,TIMEOUT,0.051985,0.006273,14.48,1.75,0.7,12.73,269.46,122396.19,122397.93000000001,0.0,0.0,dec_20260713T111637705514
t05_00029,5,dev_wfo,2025-08-14 03:00:00+00:00,2025-08-14 05:00:00+00:00,LONG,,CONTINUATION,0.726538,0.776353,0.003,0.002881,334.32,0.12,3363.4518,3336.6989,3416.9575,3362.79,TIMEOUT,-0.023753,-0.072694,-7.94,-24.3,0.84,16.36,321.03,122397.93000000001,122373.63,0.000218,0.000218,dec_20260713T111637711321
t05_00030,5,dev_wfo,2025-08-14 12:00:00+00:00,2025-08-14 14:00:00+00:00,LONG,,RANGE_EDGE_REJECTION,0.773969,0.768773,0.0021,0.001906,233.97,0.06,3346.8567,3311.4555,3417.6593,3355.42,TIMEOUT,0.219599,0.186941,51.38,43.74,0.42,7.64,212.41,122373.63,122417.37000000001,0.0,0.0,dec_20260713T111637728499
t05_00031,5,dev_wfo,2025-08-18 04:00:00+00:00,2025-08-18 06:00:00+00:00,LONG,,FAILED_BREAKOUT,0.754905,0.773326,0.0021,0.001998,234.06,0.08,3341.2218,3313.3894,3396.8864,3347.085,TIMEOUT,0.200402,0.154482,46.91,36.16,0.56,10.75,222.66,122417.37000000001,122453.53000000001,0.0,0.0,dec_20260713T111637793488
t05_00032,5,dev_wfo,2025-08-20 13:00:00+00:00,2025-08-20 15:00:00+00:00,LONG,,CONTINUATION,0.869168,0.874945,0.0025,0.002335,278.74,0.12,3326.7517,3305.0607,3370.1339,3342.885,TIMEOUT,0.69455,0.639725,193.6,178.32,0.84,15.28,260.29,122453.53000000001,122631.84000000001,0.0,0.0,dec_20260713T111637915684
t05_00033,5,dev_wfo,2025-08-20 14:00:00+00:00,2025-08-20 16:00:00+00:00,LONG,,CONTINUATION,0.898404,0.887624,0.0025,0.002282,279.18,0.1,3327.0892,3301.608,3378.0518,3344.885,TIMEOUT,0.637429,0.590918,177.96,164.97,0.7,12.98,254.81,122631.84000000001,122796.82,0.0,0.0,dec_20260713T111637919022
t05_00034,5,dev_wfo,2025-08-21 15:00:00+00:00,2025-08-21 17:00:00+00:00,LONG,,RANGE_EDGE_REJECTION,0.832521,0.81347,0.0021,0.002022,234.86,0.08,3334.2692,3305.9998,3390.8082,3344.205,TIMEOUT,0.33844,0.293528,79.49,68.94,0.56,10.55,226.16,122796.82,122865.75,0.0,0.0,dec_20260713T111637952558
t05_00035,5,dev_wfo,2025-08-22 20:00:00+00:00,2025-08-22 22:00:00+00:00,LONG,,CONTINUATION,0.609979,0.724519,0.0025,0.002297,279.77,0.05,3371.2392,3319.8197,3474.0784,3373.23,TIMEOUT,0.035578,0.012014,9.95,3.36,0.35,6.59,257.1,122865.75,122869.12000000001,0.0,0.0,dec_20260713T111638014436
t05_00036,5,dev_wfo,2025-08-26 02:00:00+00:00,2025-08-26 04:00:00+00:00,LONG,,FAILED_BREAKOUT,0.915105,0.908355,0.0021,0.002002,235.01,0.09,3364.9367,3340.0414,3414.7275,3376.84,TIMEOUT,0.45585,0.402867,107.13,94.68,0.63,12.45,224.06,122869.12000000001,122963.79000000001,0.0,0.0,dec_20260713T111638073968
t05_00037,5,dev_wfo,2025-08-26 17:00:00+00:00,2025-08-26 19:00:00+00:00,LONG,,CONTINUATION,0.804775,0.806987,0.003,0.002883,336.02,0.1,3376.4842,3344.1987,3441.0553,3383.045,TIMEOUT,0.195249,0.15601,65.61,52.42,0.7,13.18,322.86,122963.79000000001,123016.22,0.0,0.0,dec_20260713T111638104205
t05_00038,5,dev_wfo,2025-08-27 16:00:00+00:00,2025-08-27 18:00:00+00:00,LONG,,RANGE_EDGE_REJECTION,0.743703,0.750204,0.0021,0.002029,235.32,0.08,3381.8318,3353.413,3438.6692,3388.05,TIMEOUT,0.211397,0.167423,49.75,39.4,0.56,10.35,227.35,123016.22,123055.61,0.0,0.0,dec_20260713T111638142931
t05_00039,5,dev_wfo,2025-08-28 10:00:00+00:00,2025-08-28 12:00:00+00:00,LONG,,PULLBACK,0.669829,0.709065,0.003,0.002957,336.29,0.15,3396.0318,3373.9344,3440.2264,3399.22,TIMEOUT,0.14221,0.081838,47.82,27.52,1.05,20.3,331.46,123055.61,123083.13,0.0,0.0,dec_20260713T111638186298
t05_00040,5,dev_wfo,2025-08-28 18:00:00+00:00,2025-08-28 20:00:00+00:00,LONG,,CONTINUATION,0.671235,0.689578,0.003,0.002782,336.37,0.1,3412.9317,3381.7384,3475.3185,3418.025,TIMEOUT,0.151418,0.112963,50.93,38.0,0.7,12.93,311.93,123083.13,123121.13,0.0,0.0,dec_20260713T111638207408
t05_00041,5,dev_wfo,2025-08-29 18:00:00+00:00,2025-08-29 20:00:00+00:00,LONG,,CONTINUATION,0.718233,0.705972,0.003,0.002894,336.49,0.08,3441.6218,3401.0518,3522.7618,3443.815,TIMEOUT,0.052144,0.021391,17.55,7.2,0.56,10.35,324.56,123121.13,123128.33,0.0,0.0,dec_20260713T111638237412
t05_00042,5,dev_wfo,2025-09-01 05:00:00+00:00,2025-09-01 07:00:00+00:00,LONG,,CONTINUATION,0.765435,0.761562,0.003,0.002716,336.51,0.05,3457.9843,3397.0557,3579.8414,3475.09,TIMEOUT,0.254164,0.234276,85.53,78.84,0.35,6.69,304.64,123128.33,123207.17000000001,0.0,0.0,dec_20260713T111638257037
t05_00043,5,dev_wfo,2025-09-01 09:00:00+00:00,2025-09-01 11:00:00+00:00,LONG,,CONTINUATION,0.654281,0.735065,0.003,0.002654,336.75,0.06,3477.7258,3428.0759,3577.0254,3476.965,TIMEOUT,-0.013555,-0.037403,-4.56,-12.6,0.42,8.03,297.9,123207.17000000001,123194.57,0.000112,0.000112,dec_20260713T111638268210
t05_00044,5,dev_wfo,2025-09-02 18:00:00+00:00,2025-09-02 20:00:00+00:00,LONG,,CONTINUATION,0.844019,0.829751,0.003,0.00299,336.71,0.05,3511.7617,3444.6442,3645.9968,3529.375,TIMEOUT,0.261549,0.242341,88.07,81.6,0.35,6.47,335.59,123194.57,123276.17000000001,0.0,0.0,dec_20260713T111638301570
t05_00045,5,dev_wfo,2025-09-02 19:00:00+00:00,2025-09-02 21:00:00+00:00,LONG,,CONTINUATION,0.84388,0.814229,0.003,0.002914,336.95,0.05,3521.0918,3455.6285,3652.0182,3528.4,TIMEOUT,0.108447,0.089253,36.54,30.07,0.35,6.47,327.32,123276.17000000001,123306.24,0.0,0.0,dec_20260713T111638304679
t05_00046,5,dev_wfo,2025-09-03 04:00:00+00:00,2025-09-03 06:00:00+00:00,LONG,,CONTINUATION,0.740034,0.715302,0.003,0.002658,337.04,0.05,3536.6543,3476.9323,3656.0982,3530.85,TIMEOUT,-0.086106,-0.105963,-29.02,-35.71,0.35,6.69,298.61,123306.24,123270.53000000001,0.000318,0.000318,dec_20260713T111638313222
t05_00047,5,dev_wfo,2025-09-03 10:00:00+00:00,2025-09-03 12:00:00+00:00,LONG,,CONTINUATION,0.717459,0.770911,0.003,0.002781,336.94,0.09,3535.8292,3501.1294,3605.2289,3534.34,TIMEOUT,-0.039779,-0.075265,-13.4,-25.36,0.63,11.96,312.3,123270.53000000001,123245.17000000001,0.000544,0.000544,dec_20260713T111638321697
t05_00048,5,dev_wfo,2025-09-05 20:00:00+00:00,2025-09-05 22:00:00+00:00,LONG,,CONTINUATION,0.679925,0.72258,0.0016,0.001575,179.66,0.03,3595.8467,3536.88,3713.7803,3594.68,TIMEOUT,-0.019483,-0.041082,-3.5,-7.38,0.21,3.88,176.9,123245.17000000001,123237.79000000001,6.6e-05,0.000609,dec_20260713T111638419733
t05_00049,5,dev_wfo,2025-09-08 10:00:00+00:00,2025-09-08 12:00:00+00:00,LONG,,CONTINUATION,0.880658,0.869626,0.0007,0.000698,78.6,0.02,3598.6992,3559.508,3677.0817,3613.825,TIMEOUT,0.384879,0.351075,30.25,27.59,0.14,2.66,78.38,123237.79000000001,123265.38,0.0,0.000364,dec_20260713T111638447238
t05_00050,5,dev_wfo,2025-09-08 12:00:00+00:00,2025-09-08 14:00:00+00:00,LONG,,CONTINUATION,0.707946,0.774419,0.003,0.002654,336.92,0.07,3611.8317,3569.2491,3696.9971,3619.9225,TIMEOUT,0.168097,0.141638,56.64,47.72,0.49,8.91,298.08,123265.38,123313.1,0.0,0.0,dec_20260713T111638453361
t05_00051,5,dev_wfo,2025-09-09 04:00:00+00:00,2025-09-09 06:00:00+00:00,LONG,,CONTINUATION,0.827121,0.843321,0.003,0.002641,337.06,0.07,3639.2217,3596.8273,3724.0107,3646.0,TIMEOUT,0.140769,0.112453,47.45,37.9,0.49,9.54,296.76,123313.1,123351.01000000001,0.0,0.0,dec_20260713T111638462163
t05_00052,5,dev_wfo,2025-09-11 16:00:00+00:00,2025-09-11 18:00:00+00:00,LONG,,RANGE_EDGE_REJECTION,0.811912,0.775529,0.0021,0.002073,236.02,0.05,3629.9518,3583.3473,3723.1607,3633.105,TIMEOUT,0.0668,0.039398,15.77,9.3,0.35,6.47,233.02,123351.01000000001,123360.31000000001,0.0,0.0,dec_20260713T111638605002
t05_00053,5,dev_wfo,2025-09-12 04:00:00+00:00,2025-09-12 06:00:00+00:00,LONG,,CONTINUATION,0.897914,0.870442,0.0025,0.002327,281.0,0.07,3637.2418,3599.8684,3711.9885,3652.83,TIMEOUT,0.388319,0.354353,109.12,99.57,0.49,9.54,261.61,123360.31000000001,123459.88,0.0,0.0,dec_20260713T111638630009
t05_00054,5,dev_wfo,2025-09-12 05:00:00+00:00,2025-09-12 07:00:00+00:00,LONG,,CONTINUATION,0.829526,0.792699,0.0025,0.002335,281.25,0.07,3646.9967,3609.4657,3722.0589,3654.865,TIMEOUT,0.195832,0.162394,55.08,45.67,0.49,9.4,262.72,123459.88,123505.55,0.0,0.0,dec_20260713T111638633276
t05_00055,5,dev_wfo,2025-09-15 05:00:00+00:00,2025-09-15 07:00:00+00:00,LONG,,RANGE_EDGE_REJECTION,0.653525,0.674906,0.0021,0.001959,236.35,0.09,3635.1267,3610.6285,3684.1232,3645.635,TIMEOUT,0.400145,0.348224,94.57,82.3,0.63,12.27,220.48,123505.55,123587.86,0.0,0.0,dec_20260713T111638642010
t05_00056,5,dev_wfo,2025-09-15 18:00:00+00:00,2025-09-15 20:00:00+00:00,LONG,,CONTINUATION,0.885749,0.857881,0.003,0.002994,337.89,0.07,3664.2468,3616.0789,3760.5825,3681.715,TIMEOUT,0.361886,0.335089,122.28,113.22,0.49,9.05,337.17,123587.86,123701.08,0.0,0.0,dec_20260713T111638675267
t05_00057,5,dev_wfo,2025-09-16 08:00:00+00:00,2025-09-16 10:00:00+00:00,LONG,,CONTINUATION,0.806469,0.83849,0.003,0.002925,338.23,0.11,3684.9267,3654.9509,3744.8785,3686.545,TIMEOUT,0.052629,0.00861,17.8,2.91,0.77,14.89,329.73,123701.08,123703.99,0.0,0.0,dec_20260713T111638689187
t05_00058,5,dev_wfo,2025-09-17 15:00:00+00:00,2025-09-17 17:00:00+00:00,LONG,,RANGE_EDGE_REJECTION,0.88089,0.881985,0.0021,0.001901,236.77,0.05,3666.6393,3623.771,3752.3757,3684.29,TIMEOUT,0.37274,0.344897,88.25,81.66,0.35,6.59,214.34,123703.99,123785.65000000001,0.0,0.0,dec_20260713T111638758764
t05_00059,5,dev_wfo,2025-09-19 18:00:00+00:00,2025-09-19 20:00:00+00:00,LONG,,CONTINUATION,0.665979,0.67812,0.0025,0.002172,282.07,0.05,3667.6568,3618.6457,3765.6789,3678.655,TIMEOUT,0.194956,0.172027,54.99,48.52,0.35,6.47,245.06,123785.65000000001,123834.18000000001,0.0,0.0,dec_20260713T111638875688
t05_00060,5,dev_wfo,2025-09-19 19:00:00+00:00,2025-09-19 21:00:00+00:00,LONG,,CONTINUATION,0.850061,0.86136,0.0025,0.002101,282.19,0.05,3671.4317,3624.0053,3766.2846,3683.69,TIMEOUT,0.217199,0.19428,61.29,54.82,0.35,6.47,237.13,123834.18000000001,123889.0,0.0,0.0,dec_20260713T111638878927
t05_00061,5,dev_wfo,2025-09-22 02:00:00+00:00,2025-09-22 04:00:00+00:00,LONG,,BREAKOUT,0.644066,0.68429,0.003,0.002998,338.79,0.08,3688.9692,3646.6421,3773.6235,3689.41,TIMEOUT,0.010408,-0.021671,3.53,-7.34,0.56,10.87,338.62,123889.0,123881.66,6.5e-05,6.5e-05,dec_20260713T111638881887
t05_00062,5,dev_wfo,2025-09-22 12:00:00+00:00,2025-09-22 14:00:00+00:00,LONG,,CONTINUATION,0.684222,0.72823,0.003,0.00293,338.77,0.08,3720.9367,3679.5814,3803.6475,3724.645,TIMEOUT,0.08757,0.057496,29.67,19.48,0.56,10.19,330.84,123881.66,123901.14,0.0,0.0,dec_20260713T111638899435
t05_00063,5,dev_wfo,2025-09-23 03:00:00+00:00,2025-09-23 05:00:00+00:00,LONG,,CONTINUATION,0.686454,0.665771,0.003,0.00298,338.83,0.08,3748.4343,3706.3592,3832.5843,3741.94,TIMEOUT,-0.153334,-0.184936,-51.95,-62.66,0.56,10.71,336.6,123901.14,123838.47,0.000555,0.000555,dec_20260713T111638905171
t05_00064,5,dev_wfo,2025-09-23 12:00:00+00:00,2025-09-23 14:00:00+00:00,LONG,,CONTINUATION,0.738266,0.761663,0.003,0.002788,338.64,0.06,3775.0092,3722.5662,3879.8953,3783.465,TIMEOUT,0.149818,0.127166,50.73,43.06,0.42,7.67,314.66,123838.47,123881.54000000001,0.000174,0.000174,dec_20260713T111638925069
t05_00065,5,dev_wfo,2025-09-26 16:00:00+00:00,2025-09-26 18:00:00+00:00,LONG,,CONTINUATION,0.938558,0.898511,0.003,0.002733,338.77,0.07,3752.7518,3708.6598,3840.9357,3780.415,TIMEOUT,0.571605,0.544878,193.64,184.59,0.49,9.05,308.64,123881.54000000001,124066.13,0.0,0.0,dec_20260713T111639083344
t05_00066,5,dev_wfo,2025-09-26 17:00:00+00:00,2025-09-26 19:00:00+00:00,LONG,,CONTINUATION,0.917879,0.857908,0.003,0.002926,339.32,0.07,3762.4717,3715.2009,3857.0135,3774.185,TIMEOUT,0.241638,0.214954,81.99,72.94,0.49,9.05,330.9,124066.13,124139.06000000001,0.0,0.0,dec_20260713T111639086353
t05_00067,5,dev_wfo,2025-09-29 04:00:00+00:00,2025-09-29 06:00:00+00:00,LONG,,CONTINUATION,0.589516,0.656605,0.003,0.002627,339.54,0.05,3787.7443,3728.268,3906.6968,3794.42,TIMEOUT,0.098306,0.078448,33.38,26.64,0.35,6.74,297.38,124139.06000000001,124165.70000000001,0.0,0.0,dec_20260713T111639094174
t05_00068,5,dev_wfo,2025-09-29 08:00:00+00:00,2025-09-29 10:00:00+00:00,LONG,,CONTINUATION,0.837693,0.817865,0.003,0.002668,339.62,0.05,3805.7593,3745.3459,3926.586,3806.275,TIMEOUT,0.007593,-0.011966,2.58,-4.06,0.35,6.64,302.07,124165.70000000001,124161.64,3.6e-05,3.6e-05,dec_20260713T111639105046
t05_00069,5,dev_wfo,2025-09-30 05:00:00+00:00,2025-09-30 07:00:00+00:00,LONG,,CONTINUATION,0.902635,0.863325,0.003,0.002759,339.61,0.07,3848.7717,3804.1584,3937.9985,3866.9975,TIMEOUT,0.375667,0.347563,127.58,118.04,0.49,9.54,312.29,124161.64,124279.67000000001,0.0,0.0,dec_20260713T111639108429
t05_00070,5,dev_wfo,2025-10-02 13:00:00+00:00,2025-10-02 14:00:00+00:00,LONG,,CONTINUATION,0.713062,0.77612,0.003,0.002678,339.96,0.08,3879.7717,3841.8348,3955.6457,3841.8348,SL_HIT,-0.892739,-0.922943,-303.5,-313.76,0.56,10.27,303.5,124279.67000000001,123965.91,0.002769,0.002769,dec_20260713T111639231077
t05_00071,5,dev_wfo,2025-10-03 01:00:00+00:00,2025-10-03 03:00:00+00:00,LONG,,FAIR_VALUE_GAP,0.706846,0.794281,0.003,0.002858,339.02,0.04,3856.9552,3776.2235,4018.4188,3856.915,TIMEOUT,-0.000475,-0.01609,-0.16,-5.45,0.28,5.29,322.93,123965.91,123960.45000000001,0.002817,0.002817,dec_20260713T111639245559
t05_00072,5,dev_wfo,2025-10-03 14:00:00+00:00,2025-10-03 16:00:00+00:00,LONG,,CONTINUATION,0.859652,0.866386,0.0014,0.001211,158.2,0.03,3866.4417,3820.816,3957.6932,3882.92,TIMEOUT,0.312483,0.288333,49.43,45.61,0.21,3.82,136.88,123960.45000000001,124006.07,0.0,0.002414,dec_20260713T111639271832
t05_00073,5,dev_wfo,2025-10-03 16:00:00+00:00,2025-10-03 18:00:00+00:00,LONG,,CONTINUATION,0.848563,0.839456,0.0025,0.002309,282.62,0.05,3874.6568,3822.4439,3979.0825,3889.43,TIMEOUT,0.261362,0.238478,73.87,67.4,0.35,6.47,261.06,124006.07,124073.47,0.0,0.00182,dec_20260713T111639278242
t05_00074,5,dev_wfo,2025-10-06 02:00:00+00:00,2025-10-06 04:00:00+00:00,LONG,,BREAKOUT,0.78727,0.799677,0.003,0.002805,339.34,0.07,3900.2393,3854.9192,3990.8793,3917.9825,TIMEOUT,0.366013,0.337989,124.2,114.69,0.49,9.51,317.24,124073.47,124188.16,0.0,0.000808,dec_20260713T111639281773
t05_00075,5,dev_wfo,2025-10-07 01:00:00+00:00,2025-10-07 03:00:00+00:00,LONG,,CONTINUATION,0.798685,0.837169,0.003,0.002762,339.69,0.06,3960.8517,3908.7339,4065.0875,3962.72,TIMEOUT,0.032999,0.009622,11.21,3.27,0.42,7.94,312.71,124188.16,124191.43000000001,0.0,0.000779,dec_20260713T111639321100
t05_00076,5,dev_wfo,2025-10-07 02:00:00+00:00,2025-10-07 04:00:00+00:00,LONG,,CONTINUATION,0.756058,0.772999,0.003,0.002789,339.7,0.06,3964.0242,3911.3944,4069.2839,3958.185,TIMEOUT,-0.103137,-0.127131,-35.04,-43.19,0.42,8.15,315.78,124191.43000000001,124148.24,0.000381,0.00116,dec_20260713T111639324230
t05_00077,5,dev_wfo,2025-10-07 06:00:00+00:00,2025-10-07 08:00:00+00:00,LONG,,CONTINUATION,0.772126,0.800817,0.003,0.002673,339.57,0.06,3965.4818,3915.0623,4066.3207,3964.735,TIMEOUT,-0.013195,-0.036933,-4.48,-12.54,0.42,8.06,302.52,124148.24,124135.70000000001,0.000492,0.00127,dec_20260713T111639327483
t05_00078,5,dev_wfo,2025-10-08 05:00:00+00:00,2025-10-08 07:00:00+00:00,LONG,,BREAKOUT_RETEST,0.861061,0.821668,0.0016,0.001472,181.08,0.03,4001.2293,3945.6987,4112.2903,4026.81,TIMEOUT,0.423803,0.401628,76.74,72.73,0.21,4.02,166.59,124135.70000000001,124208.43000000001,0.0,0.000629,dec_20260713T111639330633
t05_00079,5,dev_wfo,2025-10-08 07:00:00+00:00,2025-10-08 09:00:00+00:00,LONG,,CONTINUATION,0.845729,0.846247,0.003,0.002501,339.75,0.05,4015.4518,3958.806,4128.7432,4031.69,TIMEOUT,0.238974,0.219054,81.19,74.42,0.35,6.77,283.23,124208.43000000001,124282.85,0.0,0.0,dec_20260713T111639336634
t05_00080,5,dev_wfo,2025-10-10 01:00:00+00:00,2025-10-10 03:00:00+00:00,LONG,,FAIR_VALUE_GAP,0.874695,0.917709,0.003,0.002883,339.97,0.03,3977.8167,3868.9017,4195.6467,3990.9775,TIMEOUT,0.116135,0.104456,39.48,35.51,0.21,3.97,326.74,124282.85,124318.36,0.0,0.0,dec_20260713T111639399550
t05_00081,5,dev_wfo,2025-10-10 19:00:00+00:00,2025-10-10 21:00:00+00:00,LONG,,CONTINUATION,0.888198,0.850396,0.0025,0.002026,283.4,0.03,3998.6268,3922.0868,4151.7068,3999.08,TIMEOUT,0.004798,-0.008895,1.36,-2.52,0.21,3.88,229.62,124318.36,124315.84000000001,2.2e-05,2.2e-05,dec_20260713T111639440739
t05_00082,5,dev_wfo,2025-10-10 23:00:00+00:00,2025-10-13 02:00:00+00:00,LONG,,CONTINUATION,0.639398,0.681282,0.0025,0.002226,283.39,0.03,4012.0833,3927.9571,4180.3358,4035.16,TIMEOUT,0.244292,0.229719,69.23,65.1,0.21,4.13,252.38,124315.84000000001,124380.94,0.0,0.0,dec_20260713T111639443931
t05_00083,5,dev_wfo,2025-10-13 03:00:00+00:00,2025-10-13 05:00:00+00:00,LONG,,FAIR_VALUE_GAP,0.885394,0.858547,0.0025,0.002133,283.56,0.03,4035.8093,3955.1641,4197.0996,4048.11,TIMEOUT,0.130139,0.115978,36.9,32.89,0.21,4.02,241.94,124380.94,124413.83,0.0,0.0,dec_20260713T111639449810
t05_00084,5,dev_wfo,2025-10-13 07:00:00+00:00,2025-10-13 09:00:00+00:00,LONG,,CONTINUATION,0.861902,0.870026,0.003,0.002843,340.37,0.04,4052.6217,3971.9759,4213.9135,4069.48,TIMEOUT,0.198117,0.182093,67.43,61.98,0.28,5.45,322.58,124413.83,124475.81000000001,0.0,0.0,dec_20260713T111639458753
t05_00085,5,dev_wfo,2025-10-14 03:00:00+00:00,2025-10-14 05:00:00+00:00,LONG,,CONTINUATION,0.81235,0.836587,0.003,0.002883,340.55,0.05,4128.6642,4063.2166,4259.5596,4145.965,TIMEOUT,0.254012,0.234213,86.5,79.76,0.35,6.74,327.24,124475.81000000001,124555.57,0.0,0.0,dec_20260713T111639464687
t05_00086,5,dev_wfo,2025-10-15 03:00:00+00:00,2025-10-15 05:00:00+00:00,LONG,,CONTINUATION,0.889081,0.882452,0.003,0.002786,340.79,0.04,4162.1843,4083.0741,4320.4046,4176.55,TIMEOUT,0.168617,0.152906,57.46,52.11,0.28,5.35,316.44,124555.57,124607.68000000001,0.0,0.0,dec_20260713T111639524698
t05_00087,5,dev_wfo,2025-10-15 20:00:00+00:00,2025-10-15 22:00:00+00:00,LONG,,PULLBACK,0.751908,0.788698,0.003,0.002591,340.95,0.04,4199.6568,4126.0267,4346.9168,4210.39,TIMEOUT,0.125922,0.110746,42.93,37.76,0.28,5.17,294.52,124607.68000000001,124645.44,0.0,0.0,dec_20260713T111639561083
t05_00088,5,dev_wfo,2025-10-16 12:00:00+00:00,2025-10-16 14:00:00+00:00,LONG,,CONTINUATION,0.741338,0.816473,0.003,0.002947,341.06,0.05,4233.6618,4166.6519,4367.6814,4240.5975,TIMEOUT,0.101679,0.081837,34.68,27.91,0.35,6.77,335.05,124645.44,124673.35,0.0,0.0,dec_20260713T111639590979
t05_00089,5,dev_wfo,2025-10-16 19:00:00+00:00,2025-10-16 21:00:00+00:00,LONG,,CONTINUATION,0.777187,0.823813,0.003,0.002269,341.14,0.03,4274.4293,4188.4334,4446.421,4291.06,TIMEOUT,0.146252,0.134657,49.89,45.94,0.21,3.96,257.99,124673.35,124719.28000000001,0.0,0.0,dec_20260713T111639607303
t05_00090,5,dev_wfo,2025-10-20 12:00:00+00:00,2025-10-20 14:00:00+00:00,LONG,,CONTINUATION,0.776343,0.779556,0.0025,0.002289,284.4,0.03,4259.4092,4172.5962,4433.0353,4279.185,TIMEOUT,0.208605,0.194275,59.33,55.25,0.21,4.08,260.44,124719.28000000001,124774.54000000001,0.0,0.0,dec_20260713T111639691035
t05_00091,5,dev_wfo,2025-10-20 13:00:00+00:00,2025-10-20 15:00:00+00:00,LONG,,CONTINUATION,0.882753,0.897776,0.0025,0.001684,284.54,0.02,4261.4568,4165.6469,4453.0764,4323.475,TIMEOUT,0.435919,0.426335,124.04,121.31,0.14,2.73,191.62,124774.54000000001,124895.85,0.0,0.0,dec_20260713T111639693991
t05_00092,5,dev_wfo,2025-10-23 07:00:00+00:00,2025-10-23 09:00:00+00:00,LONG,,CONTINUATION,0.842353,0.854558,0.0025,0.002081,284.84,0.02,4091.8317,3973.3014,4328.8925,4113.59,TIMEOUT,0.152775,0.143131,43.52,40.77,0.14,2.75,237.06,124895.85,124936.62000000001,0.0,0.0,dec_20260713T111639831388
t05_00093,5,dev_wfo,2025-10-23 10:00:00+00:00,2025-10-23 12:00:00+00:00,LONG,,CONTINUATION,0.848929,0.886964,0.0025,0.001793,284.94,0.02,4114.1567,4011.9721,4318.526,4124.56,TIMEOUT,0.073021,0.06352,20.81,18.1,0.14,2.71,204.37,124936.62000000001,124954.72,0.0,0.0,dec_20260713T111639837341
t05_00094,5,dev_wfo,2025-10-29 09:00:00+00:00,2025-10-29 11:00:00+00:00,LONG,,PULLBACK,0.893852,0.914762,0.0025,0.001776,284.99,0.02,3970.7793,3869.5664,4173.205,4016.835,TIMEOUT,0.32321,0.313606,92.11,89.37,0.14,2.74,202.43,124954.72,125044.09000000001,0.0,0.0,dec_20260713T111640023104
t05_00095,5,dev_wfo,2025-10-29 10:00:00+00:00,2025-10-29 12:00:00+00:00,LONG,,CONTINUATION,0.843345,0.89196,0.0025,0.001932,285.21,0.02,3990.3992,3880.1792,4210.8392,4024.025,TIMEOUT,0.235796,0.2262,67.25,64.51,0.14,2.74,220.44,125044.09000000001,125108.6,0.0,0.0,dec_20260713T111640026743
t05_00096,5,dev_wfo,2025-10-30 18:00:00+00:00,2025-10-30 20:00:00+00:00,LONG,,CONTINUATION,0.634812,0.651099,0.0025,0.002197,285.37,0.02,3999.7392,3874.3548,4250.5082,4010.23,TIMEOUT,0.073524,0.064283,20.98,18.34,0.14,2.64,250.77,125108.6,125126.95000000001,0.0,0.0,dec_20260713T111640070420
t05_00097,5,dev_wfo,2025-10-30 20:00:00+00:00,2025-10-30 22:00:00+00:00,LONG,,CONTINUATION,0.707762,0.774226,0.0025,0.00201,285.42,0.02,4003.6843,3888.9446,4233.1635,4024.125,TIMEOUT,0.143233,0.133994,40.88,38.24,0.14,2.64,229.48,125126.95000000001,125165.19,0.0,0.0,dec_20260713T111640076749
t05_00098,5,dev_wfo,2025-11-03 15:00:00+00:00,2025-11-03 17:00:00+00:00,LONG,,CONTINUATION,0.631674,0.658163,0.0025,0.001922,285.52,0.03,4014.0793,3940.8976,4160.4425,4008.58,TIMEOUT,-0.057781,-0.07216,-16.5,-20.6,0.21,4.11,219.54,125165.19,125144.59000000001,0.00018,0.00018,dec_20260713T111640157801
t05_00099,5,dev_wfo,2025-11-05 21:00:00+00:00,2025-11-05 23:00:00+00:00,LONG,,CONTINUATION,0.651672,0.745753,0.0025,0.002204,285.46,0.05,3983.1692,3932.8421,4083.8235,3979.115,TIMEOUT,-0.071013,-0.094457,-20.27,-26.96,0.35,6.69,251.64,125144.59000000001,125117.63,0.000236,0.000416,dec_20260713T111640262343
t05_00100,5,dev_wfo,2025-11-06 10:00:00+00:00,2025-11-06 12:00:00+00:00,LONG,,CONTINUATION,0.734575,0.742783,0.0016,0.001523,182.65,0.04,4006.4543,3962.9882,4093.3864,4008.4,TIMEOUT,0.042612,0.012642,7.78,2.31,0.28,5.47,173.86,125117.63,125119.94,0.0,0.000396,dec_20260713T111640281833
t05_00101,5,dev_wfo,2025-11-07 19:00:00+00:00,2025-11-07 21:00:00+00:00,LONG,,CONTINUATION,0.835115,0.840038,0.003,0.002786,342.48,0.06,4007.9893,3954.9819,4114.0039,4006.735,TIMEOUT,-0.021974,-0.045423,-7.53,-15.56,0.42,8.03,318.04,125119.94,125104.38,0.000136,0.000532,dec_20260713T111640358993
t05_00102,5,dev_wfo,2025-11-10 03:00:00+00:00,2025-11-10 05:00:00+00:00,LONG,,CONTINUATION,0.9318,0.894605,0.003,0.002684,342.44,0.05,4020.9842,3959.7207,4143.5114,4050.265,TIMEOUT,0.427531,0.407549,146.4,139.56,0.35,6.84,306.32,125104.38,125243.94,0.0,0.0,dec_20260713T111640370157
t05_00103,5,dev_wfo,2025-11-10 10:00:00+00:00,2025-11-10 12:00:00+00:00,LONG,,CONTINUATION,0.785305,0.779224,0.003,0.002545,342.86,0.05,4075.9992,4017.8244,4192.3489,4080.925,TIMEOUT,0.071833,0.051876,24.63,17.79,0.35,6.84,290.87,125243.94,125261.73000000001,0.0,0.0,dec_20260713T111640388719
t05_00104,5,dev_wfo,2025-11-11 11:00:00+00:00,2025-11-11 13:00:00+00:00,LONG,,CONTINUATION,0.690926,0.730539,0.003,0.002698,342.91,0.07,4136.3342,4092.2712,4224.4603,4142.89,TIMEOUT,0.133826,0.105686,45.89,36.24,0.49,9.65,308.44,125261.73000000001,125297.97,0.0,0.0,dec_20260713T111640415343
t05_00105,5,dev_wfo,2025-11-12 20:00:00+00:00,2025-11-12 22:00:00+00:00,LONG,,CONTINUATION,0.645224,0.676744,0.003,0.002691,343.02,0.04,4200.1492,4123.2217,4354.0042,4195.87,TIMEOUT,-0.049901,-0.065509,-17.12,-22.47,0.28,5.35,307.71,125297.97,125275.5,0.000197,0.000197,dec_20260713T111640485726
t05_00106,5,dev_wfo,2025-11-13 08:00:00+00:00,2025-11-13 10:00:00+00:00,LONG,,CONTINUATION,0.696487,0.749517,0.003,0.002917,342.95,0.05,4212.6692,4145.9869,4346.0339,4232.81,TIMEOUT,0.29364,0.273542,100.7,93.81,0.35,6.89,333.41,125275.5,125369.31000000001,0.0,0.0,dec_20260713T111640500704
t05_00107,5,dev_wfo,2025-11-13 10:00:00+00:00,2025-11-13 12:00:00+00:00,LONG,,CONTINUATION,0.854891,0.845072,0.003,0.002632,343.23,0.05,4220.6618,4160.4355,4341.1142,4225.54,TIMEOUT,0.071064,0.051784,24.39,17.77,0.35,6.62,301.13,125369.31000000001,125387.08,0.0,0.0,dec_20260713T111640506318
t05_00108,5,dev_wfo,2025-11-19 07:00:00+00:00,2025-11-19 09:00:00+00:00,LONG,,CONTINUATION,0.869312,0.87841,0.003,0.002733,343.29,0.05,4076.0442,4013.4875,4201.1578,4086.8975,TIMEOUT,0.158077,0.137999,54.27,47.37,0.35,6.89,312.78,125387.08,125434.45000000001,0.0,0.0,dec_20260713T111640680574
t05_00109,5,dev_wfo,2025-11-21 01:00:00+00:00,2025-11-21 03:00:00+00:00,LONG,,CONTINUATION,0.69421,0.751881,0.0025,0.00227,286.19,0.03,4075.3353,3988.7263,4248.5531,4068.46,TIMEOUT,-0.07207,-0.086206,-20.63,-24.67,0.21,4.05,259.83,125434.45000000001,125409.78000000001,0.000216,0.000216,dec_20260713T111640777638
t05_00110,5,dev_wfo,2025-11-24 18:00:00+00:00,2025-11-24 20:00:00+00:00,LONG,,CONTINUATION,0.676819,0.6989,0.0025,0.002293,286.13,0.05,4092.5168,4040.0401,4197.47,4120.52,TIMEOUT,0.489345,0.465868,140.02,133.3,0.35,6.72,262.38,125409.78000000001,125543.08,0.0,0.0,dec_20260713T111640868168
t05_00111,5,dev_wfo,2025-11-24 19:00:00+00:00,2025-11-24 21:00:00+00:00,LONG,,CONTINUATION,0.909168,0.870567,0.0025,0.002423,286.46,0.05,4097.9217,4042.3866,4208.9921,4118.525,TIMEOUT,0.359618,0.336168,103.02,96.3,0.35,6.72,277.68,125543.08,125639.38,0.0,0.0,dec_20260713T111640871287
t05_00112,5,dev_wfo,2025-11-26 04:00:00+00:00,2025-11-26 06:00:00+00:00,LONG,,CONTINUATION,0.849128,0.836807,0.003,0.002901,344.04,0.05,4149.0967,4082.5625,4282.1653,4161.915,TIMEOUT,0.18629,0.166765,64.09,57.37,0.35,6.72,332.67,125639.38,125696.75,0.0,0.0,dec_20260713T111640931081
t05_00113,5,dev_wfo,2025-11-28 03:00:00+00:00,2025-11-28 05:00:00+00:00,LONG,,CONTINUATION,0.730464,0.727345,0.003,0.002797,344.21,0.1,4181.2967,4149.2025,4245.4853,4184.07,TIMEOUT,0.080569,0.041537,27.73,14.3,0.7,13.43,320.94,125696.75,125711.05,0.0,0.0,dec_20260713T111641031989
t05_00114,5,dev_wfo,2025-11-28 16:00:00+00:00,2025-11-28 18:00:00+00:00,LONG,,CONTINUATION,0.7781,0.811558,0.003,0.002996,344.26,0.05,4183.1943,4114.4443,4320.6942,4206.22,TIMEOUT,0.334424,0.314548,115.13,108.29,0.35,6.84,343.75,125711.05,125819.34000000001,0.0,0.0,dec_20260713T111641069656
t05_00115,5,dev_wfo,2025-12-01 02:00:00+00:00,2025-12-01 04:00:00+00:00,LONG,,BREAKOUT_RETEST,0.748289,0.739151,0.003,0.002953,344.58,0.05,4222.5217,4154.6766,4358.2121,4242.86,TIMEOUT,0.295117,0.275186,101.69,94.82,0.35,6.87,339.23,125819.34000000001,125914.16,0.0,0.0,dec_20260713T111641072932
t05_00116,5,dev_wfo,2025-12-01 03:00:00+00:00,2025-12-01 05:00:00+00:00,LONG,,CONTINUATION,0.897543,0.846737,0.003,0.002413,344.87,0.04,4231.4443,4162.1055,4370.1218,4239.22,TIMEOUT,0.090188,0.074315,31.1,25.63,0.28,5.47,277.35,125914.16,125939.79000000001,0.0,0.0,dec_20260713T111641076069
t05_00117,5,dev_wfo,2025-12-03 15:00:00+00:00,2025-12-03 17:00:00+00:00,LONG,,CONTINUATION,0.901636,0.878183,0.0025,0.002256,287.45,0.05,4214.0767,4162.2094,4317.8114,4216.31,TIMEOUT,0.038846,0.015303,11.17,4.4,0.35,6.77,259.34,125939.79000000001,125944.19,0.0,0.0,dec_20260713T111641164064
t05_00118,5,dev_wfo,2025-12-05 07:00:00+00:00,2025-12-05 09:00:00+00:00,LONG,,CONTINUATION,0.755523,0.80338,0.0025,0.002438,287.46,0.07,4217.4667,4177.4273,4297.5457,4224.46,TIMEOUT,0.170294,0.137091,48.95,39.41,0.49,9.54,280.28,125944.19,125983.6,0.0,0.0,dec_20260713T111641240549
t05_00119,5,dev_wfo,2025-12-05 08:00:00+00:00,2025-12-05 10:00:00+00:00,LONG,,CONTINUATION,0.768295,0.798749,0.003,0.002668,345.07,0.08,4221.0068,4182.6507,4297.7189,4220.64,TIMEOUT,-0.008503,-0.040114,-2.93,-13.84,0.56,10.91,306.85,125983.6,125969.76000000001,0.00012,0.00012,dec_20260713T111641243892
t05_00120,5,dev_wfo,2025-12-09 21:00:00+00:00,2025-12-09 23:00:00+00:00,LONG,,CONTINUATION,0.640132,0.67481,0.0025,0.002312,287.53,0.05,4209.6617,4156.4821,4316.021,4208.38,TIMEOUT,-0.022289,-0.045652,-6.41,-13.13,0.35,6.72,265.9,125969.76000000001,125956.63,0.000114,0.000234,dec_20260713T111641325431
t05_00121,5,dev_wfo,2025-12-10 02:00:00+00:00,2025-12-10 04:00:00+00:00,LONG,,CONTINUATION,0.72733,0.781819,0.0014,0.001084,161.0,0.03,4211.4992,4169.9476,4294.6025,4217.045,TIMEOUT,0.103337,0.077464,16.64,12.47,0.21,4.17,124.65,125956.63,125969.1,0.0,0.000126,dec_20260713T111641328642
t05_00122,5,dev_wfo,2025-12-10 12:00:00+00:00,2025-12-10 14:00:00+00:00,LONG,,FAILED_BREAKOUT,0.619549,0.660255,0.0021,0.002066,241.52,0.08,4194.9893,4165.2868,4254.3943,4196.315,TIMEOUT,0.043914,-0.001416,10.61,-0.34,0.56,10.95,237.62,125969.1,125968.76000000001,3e-06,0.000129,dec_20260713T111641350390
t05_00123,5,dev_wfo,2025-12-11 22:00:00+00:00,2025-12-12 01:00:00+00:00,LONG,,CONTINUATION,0.705775,0.663574,0.003,0.002454,345.03,0.04,4274.1843,4203.6275,4415.2978,4276.345,TIMEOUT,0.02505,0.009764,8.64,3.37,0.28,5.27,282.23,125968.76000000001,125972.13,0.0,0.0001,dec_20260713T111641391980
t05_00124,5,dev_wfo,2025-12-12 13:00:00+00:00,2025-12-12 15:00:00+00:00,LONG,,CONTINUATION,0.657434,0.663441,0.003,0.002845,345.04,0.06,4330.5817,4276.0546,4439.636,4341.0375,TIMEOUT,0.181818,0.158456,62.73,54.67,0.42,8.06,327.16,125972.13,126026.8,0.0,0.0,dec_20260713T111641423482
t05_00125,5,dev_wfo,2025-12-17 03:00:00+00:00,2025-12-17 05:00:00+00:00,LONG,,CONTINUATION,0.831869,0.847108,0.0025,0.002412,287.67,0.04,4313.8692,4244.498,4452.6118,4323.71,TIMEOUT,0.136834,0.117805,39.36,33.89,0.28,5.47,277.49,126026.8,126060.69,0.0,0.0,dec_20260713T111641554327
t05_00126,5,dev_wfo,2025-12-17 06:00:00+00:00,2025-12-17 08:00:00+00:00,LONG,,CONTINUATION,0.867401,0.855265,0.0025,0.002103,287.75,0.04,4324.3893,4263.866,4445.4357,4328.655,TIMEOUT,0.059298,0.040275,17.06,11.59,0.28,5.47,242.09,126060.69,126072.28000000001,0.0,0.0,dec_20260713T111641564059
t05_00127,5,dev_wfo,2025-12-18 14:00:00+00:00,2025-12-18 16:00:00+00:00,LONG,,RANGE_EDGE_REJECTION,0.69548,0.694339,0.0021,0.001915,241.74,0.07,4326.2843,4294.7944,4389.2639,4328.59,TIMEOUT,0.066767,0.02714,16.14,6.56,0.49,9.58,220.43,126072.28000000001,126078.84000000001,0.0,0.0,dec_20260713T111641592122
t05_00128,5,dev_wfo,2025-12-19 17:00:00+00:00,2025-12-19 19:00:00+00:00,LONG,,CONTINUATION,0.821759,0.776894,0.0025,0.00233,287.8,0.07,4333.0842,4294.7691,4409.7146,4353.42,TIMEOUT,0.494615,0.462546,142.35,133.12,0.49,9.23,268.21,126078.84000000001,126211.96,0.0,0.0,dec_20260713T111641650801
t05_00129,5,dev_wfo,2025-12-22 08:00:00+00:00,2025-12-22 10:00:00+00:00,LONG,,CONTINUATION,0.883289,0.874845,0.003,0.0029,345.76,0.06,4400.8767,4345.1703,4512.2896,4408.33,TIMEOUT,0.129337,0.105676,44.72,36.54,0.42,8.18,334.24,126211.96,126248.5,0.0,0.0,dec_20260713T111641682028
t05_00130,5,dev_wfo,2025-12-22 15:00:00+00:00,2025-12-22 17:00:00+00:00,LONG,,CONTINUATION,0.750895,0.751643,0.003,0.002995,345.87,0.06,4416.4367,4358.8853,4531.5396,4431.85,TIMEOUT,0.267382,0.244076,92.48,84.42,0.42,8.06,345.31,126248.5,126332.92000000001,0.0,0.0,dec_20260713T111641694531
t05_00131,5,dev_wfo,2025-12-23 04:00:00+00:00,2025-12-23 06:00:00+00:00,LONG,,CONTINUATION,0.716405,0.709326,0.003,0.002545,346.12,0.05,4487.3943,4428.6725,4604.8378,4482.47,TIMEOUT,-0.071135,-0.090615,-24.62,-31.36,0.35,6.74,293.61,126332.92000000001,126301.55,0.000272,0.000272,dec_20260713T111641702213
t05_00132,5,dev_wfo,2025-12-23 18:00:00+00:00,2025-12-23 20:00:00+00:00,LONG,,RANGE_EDGE_REJECTION,0.705733,0.650453,0.0021,0.001798,242.22,0.03,4459.1292,4390.0134,4597.361,4484.465,TIMEOUT,0.313794,0.297464,76.01,72.05,0.21,3.96,207.35,126301.55,126373.61,0.0,0.0,dec_20260713T111641729204
t05_00133,5,dev_wfo,2025-12-26 07:00:00+00:00,2025-12-26 09:00:00+00:00,LONG,,CONTINUATION,0.740983,0.739587,0.003,0.002415,346.24,0.04,4509.7018,4440.0175,4649.0703,4511.07,TIMEOUT,0.015807,0.000286,5.47,0.1,0.28,5.37,278.74,126373.61,126373.71,0.0,0.0,dec_20260713T111641790018
t05_00134,5,dev_wfo,2025-12-26 09:00:00+00:00,2025-12-26 11:00:00+00:00,LONG,,CONTINUATION,0.643171,0.693821,0.003,0.002763,346.24,0.05,4512.5117,4448.7294,4640.0764,4512.72,TIMEOUT,0.003007,-0.016394,1.04,-5.68,0.35,6.72,318.91,126373.71,126368.03000000001,4.9e-05,4.9e-05,dec_20260713T111641792876
t05_00135,5,dev_wfo,2025-12-30 13:00:00+00:00,2025-12-30 15:00:00+00:00,LONG,,CONTINUATION,0.649212,0.668711,0.0025,0.002485,288.52,0.04,4386.0243,4314.315,4529.4428,4388.3725,TIMEOUT,0.032556,0.013583,9.39,3.92,0.28,5.47,286.84,126368.03000000001,126371.95000000001,0.0,1.5e-05,dec_20260713T111641869918
t99_00001,99,retrospective_2026,2026-01-06 16:00:00+00:00,2026-01-06 18:00:00+00:00,LONG,,CONTINUATION,0.778389,0.753377,0.003,0.002709,300.0,0.04,4468.6692,4400.9396,4604.1285,4488.355,TIMEOUT,0.262477,0.244897,78.74,73.47,0.28,5.27,270.92,100000.0,100073.47,0.0,0.0,dec_20260713T111642009330
t99_00002,99,retrospective_2026,2026-01-09 12:00:00+00:00,2026-01-09 14:00:00+00:00,LONG,,CONTINUATION,0.60175,0.75744,0.003,0.00265,300.22,0.06,4471.8692,4427.666,4560.2757,4466.0125,TIMEOUT,-0.117049,-0.144399,-35.14,-43.35,0.42,8.21,265.22,100073.47,100030.12,0.000433,0.000433,dec_20260713T111642279089
t99_00003,99,retrospective_2026,2026-01-09 17:00:00+00:00,2026-01-09 19:00:00+00:00,LONG,,CONTINUATION,0.838111,0.804119,0.003,0.002773,300.09,0.05,4495.2518,4439.7732,4606.2089,4484.64,TIMEOUT,-0.176809,-0.198695,-53.06,-59.63,0.35,6.57,277.39,100030.12,99970.49,0.001029,0.001029,dec_20260713T111642284517
t99_00004,99,retrospective_2026,2026-01-12 10:00:00+00:00,2026-01-12 12:00:00+00:00,LONG,,CONTINUATION,0.708633,0.698095,0.0016,0.001455,159.95,0.02,4588.3567,4515.6435,4733.7832,4594.215,TIMEOUT,0.073251,0.056452,11.72,9.03,0.14,2.69,145.43,99970.49,99979.52,0.0,0.000939,dec_20260713T111642294897
t99_00005,99,retrospective_2026,2026-01-14 03:00:00+00:00,2026-01-14 05:00:00+00:00,LONG,,CONTINUATION,0.779539,0.796429,0.003,0.002483,299.94,0.03,4609.8467,4527.1148,4775.3107,4628.095,TIMEOUT,0.182519,0.169081,54.74,50.71,0.21,4.03,248.2,99979.52,100030.24,0.0,0.000432,dec_20260713T111642482989
t99_00006,99,retrospective_2026,2026-01-14 04:00:00+00:00,2026-01-14 06:00:00+00:00,LONG,,CONTINUATION,0.692403,0.697682,0.003,0.002517,300.09,0.03,4619.8767,4535.9501,4787.73,4629.29,TIMEOUT,0.094104,0.080673,28.24,24.21,0.21,4.03,251.78,100030.24,100054.44,0.0,0.00019,dec_20260713T111642485897
t99_00007,99,retrospective_2026,2026-01-20 07:00:00+00:00,2026-01-20 09:00:00+00:00,LONG,,CONTINUATION,0.844474,0.859335,0.003,0.00286,300.16,0.06,4695.9218,4648.2259,4791.3135,4716.14,TIMEOUT,0.404149,0.376694,121.31,113.07,0.42,8.24,286.18,100054.44,100167.51,0.0,0.0,dec_20260713T111642698275
t99_00008,99,retrospective_2026,2026-01-21 03:00:00+00:00,2026-01-21 05:00:00+00:00,LONG,,CONTINUATION,0.900678,0.902927,0.003,0.002401,300.5,0.03,4785.2743,4705.1093,4945.6043,4844.93,TIMEOUT,0.595565,0.581903,178.97,174.86,0.21,4.11,240.5,100167.51,100342.37,0.0,0.0,dec_20260713T111642742412
t99_00009,99,retrospective_2026,2026-01-23 15:00:00+00:00,2026-01-23 17:00:00+00:00,LONG,,CONTINUATION,0.634192,0.748708,0.003,0.00253,301.03,0.03,4940.2493,4855.6123,5109.5232,4960.555,TIMEOUT,0.202363,0.188725,60.92,56.81,0.21,4.11,253.91,100342.37,100399.19,0.0,0.0,dec_20260713T111642890097
t99_00010,99,retrospective_2026,2026-01-26 02:00:00+00:00,2026-01-26 04:00:00+00:00,LONG,,BREAKOUT,0.555166,0.746316,0.003,0.002723,301.2,0.03,5040.5042,4949.3885,5222.7357,5080.845,TIMEOUT,0.4018,0.38817,121.02,116.92,0.21,4.11,273.35,100399.19,100516.1,0.0,0.0,dec_20260713T111642918598
t99_00011,99,retrospective_2026,2026-01-26 09:00:00+00:00,2026-01-26 11:00:00+00:00,LONG,,CONTINUATION,0.582915,0.680468,0.003,0.002018,301.55,0.02,5078.5143,4977.0707,5281.4014,5084.105,TIMEOUT,0.03708,0.028136,11.18,8.48,0.14,2.7,202.89,100516.1,100524.59,0.0,0.0,dec_20260713T111642936616
t99_00012,99,retrospective_2026,2026-01-28 07:00:00+00:00,2026-01-28 09:00:00+00:00,LONG,,CONTINUATION,0.679633,0.775928,0.003,0.002978,301.57,0.02,5246.3067,5096.6393,5545.6417,5290.325,TIMEOUT,0.291927,0.282487,88.04,85.19,0.14,2.85,299.33,100524.59,100609.78,0.0,0.0,dec_20260713T111643004180
t99_00013,99,retrospective_2026,2026-01-29 01:00:00+00:00,2026-01-29 03:00:00+00:00,LONG,,CONTINUATION,0.711181,0.920484,0.003,0.001898,301.83,0.01,5432.9892,5242.018,5814.9317,5545.715,TIMEOUT,0.373474,0.368841,112.73,111.33,0.07,1.4,190.97,100609.78,100721.1,0.0,0.0,dec_20260713T111643051718
t99_00014,99,retrospective_2026,2026-02-06 03:00:00+00:00,2026-02-06 05:00:00+00:00,LONG,,LIQUIDITY_SWEEP,0.626024,0.848135,0.003,0.002335,302.16,0.01,4763.7218,4528.5503,5234.0646,4824.35,TIMEOUT,0.200649,0.195442,60.63,59.05,0.07,1.57,235.17,100721.1,100780.16,0.0,0.0,dec_20260713T111643396775
t99_00015,99,retrospective_2026,2026-02-06 14:00:00+00:00,2026-02-06 16:00:00+00:00,LONG,,CONTINUATION,0.605484,0.754014,0.0025,0.00227,251.95,0.01,4888.5582,4659.7457,5346.1832,4948.325,TIMEOUT,0.237217,0.231356,59.77,58.29,0.07,1.48,228.81,100780.16,100838.45,0.0,0.0,dec_20260713T111643421131
t99_00016,99,retrospective_2026,2026-02-11 08:00:00+00:00,2026-02-11 10:00:00+00:00,LONG,,CONTINUATION,0.782735,0.802131,0.003,0.00293,302.52,0.04,5053.4767,4979.6184,5201.1935,5053.7,TIMEOUT,0.002952,-0.017324,0.89,-5.24,0.28,6.13,295.43,100838.45,100833.21,5.2e-05,5.2e-05,dec_20260713T111643546042
t99_00017,99,retrospective_2026,2026-02-11 13:00:00+00:00,2026-02-11 15:00:00+00:00,LONG,,CONTINUATION,0.677437,0.701686,0.003,0.002564,302.5,0.03,5093.9042,5007.7164,5266.28,5065.825,TIMEOUT,-0.278472,-0.293234,-84.24,-88.7,0.21,4.47,258.56,100833.21,100744.51,0.000932,0.000932,dec_20260713T111643552367
t99_00018,99,retrospective_2026,2026-02-13 15:00:00+00:00,2026-02-13 17:00:00+00:00,LONG,,CONTINUATION,0.820668,0.836524,0.0014,0.001305,141.04,0.01,4970.4493,4839.0223,5233.3032,4976.905,TIMEOUT,0.045772,0.035006,6.46,4.94,0.07,1.52,131.43,100744.51,100749.44,0.0,0.000883,dec_20260713T111643628224
t99_00019,99,retrospective_2026,2026-02-13 16:00:00+00:00,2026-02-13 18:00:00+00:00,LONG,,CONTINUATION,0.687331,0.709176,0.0025,0.002467,251.87,0.02,4987.7618,4863.4946,5236.296,5007.99,TIMEOUT,0.160625,0.148845,40.46,37.49,0.14,2.97,248.53,100749.44,100786.93,0.0,0.000511,dec_20260713T111643631642
t99_00020,99,retrospective_2026,2026-02-18 15:00:00+00:00,2026-02-18 17:00:00+00:00,LONG,,CONTINUATION,0.782942,0.866431,0.0025,0.00189,251.97,0.02,4943.7818,4848.5157,5134.3139,4998.04,TIMEOUT,0.430672,0.418818,108.52,105.53,0.14,2.99,190.53,100786.93,100892.46,0.0,0.0,dec_20260713T111643763385
t99_00021,99,retrospective_2026,2026-02-18 16:00:00+00:00,2026-02-18 18:00:00+00:00,LONG,,CONTINUATION,0.898523,0.91067,0.0025,0.001984,252.23,0.02,4955.2092,4855.1444,5155.3389,5000.39,TIMEOUT,0.35825,0.346368,90.36,87.36,0.14,3.0,200.13,100892.46,100979.83,0.0,0.0,dec_20260713T111643767087
t99_00022,99,retrospective_2026,2026-02-19 06:00:00+00:00,2026-02-19 08:00:00+00:00,LONG,,PULLBACK,0.780629,0.81205,0.003,0.002935,302.94,0.04,4982.3093,4908.2182,5130.4914,5018.35,TIMEOUT,0.47588,0.454905,144.16,137.81,0.28,6.35,296.36,100979.83,101117.63,0.0,0.0,dec_20260713T111643781825
t99_00023,99,retrospective_2026,2026-02-19 08:00:00+00:00,2026-02-19 10:00:00+00:00,LONG,,CONTINUATION,0.871302,0.884483,0.003,0.002621,303.35,0.04,4997.6493,4931.4034,5130.141,5017.105,TIMEOUT,0.256545,0.236522,77.82,71.75,0.28,6.07,264.98,101117.63,101189.38,0.0,0.0,dec_20260713T111643787531
t99_00024,99,retrospective_2026,2026-02-20 08:00:00+00:00,2026-02-20 10:00:00+00:00,LONG,,CONTINUATION,0.783727,0.78492,0.003,0.002851,303.57,0.04,5012.7968,4940.6798,5157.0307,5028.92,TIMEOUT,0.212449,0.192506,64.49,58.44,0.28,6.05,288.47,101189.38,101247.82,0.0,0.0,dec_20260713T111643803939
t99_00025,99,retrospective_2026,2026-02-23 04:00:00+00:00,2026-02-23 06:00:00+00:00,LONG,,CONTINUATION,0.685462,0.715959,0.003,0.002192,303.74,0.02,5158.2817,5047.31,5380.2253,5160.795,TIMEOUT,0.016549,0.006122,5.03,1.86,0.14,3.17,221.94,101247.82,101249.68,0.0,0.0,dec_20260713T111643850709
t99_00026,99,retrospective_2026,2026-02-23 22:00:00+00:00,2026-02-24 01:00:00+00:00,LONG,,CONTINUATION,0.816365,0.844856,0.003,0.002905,303.75,0.03,5216.5643,5118.5262,5412.6403,5235.6925,TIMEOUT,0.188921,0.170763,57.38,51.87,0.21,5.52,294.11,101249.68,101301.55,0.0,0.0,dec_20260713T111643895172
t99_00027,99,retrospective_2026,2026-02-25 06:00:00+00:00,2026-02-25 08:00:00+00:00,LONG,,CONTINUATION,0.897372,0.8995,0.0025,0.002004,253.25,0.02,5183.0017,5081.48,5386.0453,5194.67,TIMEOUT,0.092148,0.079643,23.34,20.17,0.14,3.17,203.04,101301.55,101321.72,0.0,0.0,dec_20260713T111643960731
t99_00028,99,retrospective_2026,2026-02-25 07:00:00+00:00,2026-02-25 09:00:00+00:00,LONG,,CONTINUATION,0.624013,0.691955,0.0025,0.001926,253.3,0.02,5183.6467,5086.0812,5378.7778,5184.71,TIMEOUT,0.008395,-0.004345,2.13,-1.1,0.14,3.23,195.13,101321.72,101320.62,1.1e-05,1.1e-05,dec_20260713T111643964386
t99_00029,99,retrospective_2026,2026-02-27 06:00:00+00:00,2026-02-27 08:00:00+00:00,LONG,,PULLBACK,0.819414,0.859664,0.0025,0.002454,253.3,0.03,5184.8817,5101.9969,5350.6514,5185.63,TIMEOUT,0.008862,-0.010011,2.24,-2.54,0.21,4.78,248.65,101320.62,101318.08,2.5e-05,3.6e-05,dec_20260713T111644018601
t99_00030,99,retrospective_2026,2026-02-27 20:00:00+00:00,2026-02-27 22:00:00+00:00,LONG,,CONTINUATION,0.685309,0.682117,0.0016,0.000812,162.11,0.01,5235.4243,5153.1898,5399.8932,5263.28,TIMEOUT,0.171832,0.16265,27.86,26.37,0.07,1.49,82.23,101318.08,101344.45,0.0,0.0,dec_20260713T111644046022
t99_00031,99,retrospective_2026,2026-03-02 09:00:00+00:00,2026-03-02 11:00:00+00:00,LONG,,CONTINUATION,0.615125,0.731153,0.003,0.002448,304.03,0.02,5388.3893,5264.3184,5636.531,5391.965,TIMEOUT,0.023522,0.012481,7.15,3.79,0.14,3.36,248.14,101344.45,101348.25,0.0,0.0,dec_20260713T111644067184
t99_00032,99,retrospective_2026,2026-03-06 18:00:00+00:00,2026-03-06 20:00:00+00:00,LONG,,CONTINUATION,0.893054,0.897426,0.0025,0.002192,253.37,0.02,5142.6793,5031.6126,5364.8125,5161.1,TIMEOUT,0.145406,0.132472,36.84,33.56,0.14,3.28,222.13,101348.25,101381.81,0.0,0.0,dec_20260713T111644328787
t99_00033,99,retrospective_2026,2026-03-09 20:00:00+00:00,2026-03-09 22:00:00+00:00,LONG,,PULLBACK,0.816585,0.827013,0.0025,0.002479,253.45,0.02,5105.5418,4979.8639,5356.8975,5141.065,TIMEOUT,0.280318,0.267585,71.05,67.82,0.14,3.23,251.36,101381.81,101449.63,0.0,0.0,dec_20260713T111644386022
t99_00034,99,retrospective_2026,2026-03-09 22:00:00+00:00,2026-03-10 00:00:00+00:00,LONG,,PULLBACK,0.699426,0.770866,0.0025,0.002473,253.62,0.02,5133.12,5007.667,5384.0261,5141.7635,TIMEOUT,0.068161,0.054045,17.29,13.71,0.14,3.58,250.91,101449.63,101463.34,0.0,0.0,dec_20260713T111644391585
t99_00035,99,retrospective_2026,2026-03-10 02:00:00+00:00,2026-03-10 04:00:00+00:00,LONG,,CONTINUATION,0.680111,0.701122,0.0025,0.002391,253.66,0.02,5153.9218,5032.6371,5396.491,5175.005,TIMEOUT,0.166232,0.152722,42.17,38.74,0.14,3.43,242.57,101463.34,101502.08,0.0,0.0,dec_20260713T111644397207
t99_00036,99,retrospective_2026,2026-03-10 15:00:00+00:00,2026-03-10 17:00:00+00:00,LONG,,CONTINUATION,0.690365,0.74663,0.003,0.002185,304.51,0.02,5181.8342,5070.9173,5403.6682,5217.4015,TIMEOUT,0.233603,0.223104,71.13,67.94,0.14,3.2,221.83,101502.08,101570.01,0.0,0.0,dec_20260713T111644425946
t99_00037,99,retrospective_2026,2026-03-20 06:00:00+00:00,2026-03-20 08:00:00+00:00,LONG,,CONTINUATION,0.623501,0.666569,0.0025,0.001855,253.93,0.01,4698.8417,4510.3959,5075.7335,4688.205,TIMEOUT,-0.041889,-0.048282,-10.64,-12.26,0.07,1.62,188.45,101570.01,101557.75,0.000121,0.000121,dec_20260713T111644828631
t99_00038,99,retrospective_2026,2026-03-24 23:00:00+00:00,2026-03-25 01:00:00+00:00,LONG,,CONTINUATION,0.724092,0.852707,0.003,0.001817,304.67,0.01,4401.1673,4216.684,4770.1337,4515.565,TIMEOUT,0.375481,0.369886,114.4,112.69,0.07,1.7,184.48,101557.75,101670.45,0.0,0.0,dec_20260713T111645007038
t99_00039,99,retrospective_2026,2026-03-25 03:00:00+00:00,2026-03-25 05:00:00+00:00,LONG,,CONTINUATION,0.593067,0.744167,0.003,0.00227,305.01,0.01,4555.7647,4324.9424,5017.4094,4576.91,TIMEOUT,0.069326,0.063984,21.15,19.52,0.07,1.63,230.82,101670.45,101689.96,0.0,0.0,dec_20260713T111645020348
t99_00040,99,retrospective_2026,2026-03-25 04:00:00+00:00,2026-03-25 06:00:00+00:00,LONG,,CONTINUATION,0.60151,0.708744,0.003,0.002223,305.07,0.01,4567.8242,4341.7812,5019.9103,4570.0975,TIMEOUT,0.007452,0.002143,2.27,0.65,0.07,1.62,226.04,101689.96,101690.62,0.0,0.0,dec_20260713T111645025191
t99_00041,99,retrospective_2026,2026-03-27 16:00:00+00:00,2026-03-27 18:00:00+00:00,LONG,,CONTINUATION,0.894189,0.930709,0.0025,0.001569,254.23,0.01,4438.8517,4279.3134,4757.9285,4520.55,TIMEOUT,0.321356,0.315127,81.7,80.11,0.07,1.58,159.54,101690.62,101770.73,0.0,0.0,dec_20260713T111645125779
t99_00042,99,retrospective_2026,2026-03-27 17:00:00+00:00,2026-03-27 19:00:00+00:00,LONG,,CONTINUATION,0.758913,0.868481,0.0025,0.001664,254.43,0.01,4471.4317,4302.0984,4810.0985,4515.6943,TIMEOUT,0.173967,0.167744,44.26,42.68,0.07,1.58,169.33,101770.73,101813.41,0.0,0.0,dec_20260713T111645130727
t99_00043,99,retrospective_2026,2026-03-30 07:00:00+00:00,2026-03-30 09:00:00+00:00,LONG,,CONTINUATION,0.86145,0.923329,0.003,0.001678,305.44,0.01,4496.8867,4326.0262,4838.6078,4532.455,TIMEOUT,0.116449,0.111101,35.57,33.93,0.07,1.63,170.86,101813.41,101847.35,0.0,0.0,dec_20260713T111645155927
t99_00044,99,retrospective_2026,2026-03-30 08:00:00+00:00,2026-03-30 10:00:00+00:00,LONG,,CONTINUATION,0.827479,0.898516,0.003,0.001552,305.54,0.01,4497.7518,4339.6685,4813.9182,4527.37,TIMEOUT,0.096937,0.091624,29.62,27.99,0.07,1.62,158.08,101847.35,101875.34,0.0,0.0,dec_20260713T111645160633
t99_00045,99,retrospective_2026,2026-03-31 19:00:00+00:00,2026-03-31 21:00:00+00:00,LONG,,CONTINUATION,0.896272,0.91762,0.003,0.002663,305.63,0.02,4610.2843,4474.6526,4881.5475,4667.47,TIMEOUT,0.374216,0.363755,114.37,111.17,0.14,3.2,271.26,101875.34,101986.51,0.0,0.0,dec_20260713T111645201521
t99_00046,99,retrospective_2026,2026-03-31 21:00:00+00:00,2026-03-31 23:00:00+00:00,LONG,,CONTINUATION,0.81921,0.853793,0.003,0.002812,305.96,0.02,4655.3867,4512.001,4942.1582,4667.565,TIMEOUT,0.079607,0.069256,24.36,21.19,0.14,3.17,286.77,101986.51,102007.7,0.0,0.0,dec_20260713T111645210173
t99_00047,99,retrospective_2026,2026-04-01 14:00:00+00:00,2026-04-01 16:00:00+00:00,LONG,,CONTINUATION,0.578213,0.669062,0.003,0.002356,306.02,0.02,4732.0792,4611.9307,4972.3764,4738.1875,TIMEOUT,0.039921,0.029408,12.22,9.0,0.14,3.22,240.3,102007.7,102016.7,0.0,0.0,dec_20260713T111645264278
t99_00048,99,retrospective_2026,2026-04-01 17:00:00+00:00,2026-04-01 19:00:00+00:00,LONG,,CONTINUATION,0.597629,0.776391,0.003,0.002554,306.05,0.02,4737.2467,4606.9473,4997.8457,4787.21,TIMEOUT,0.326504,0.316156,99.93,96.76,0.14,3.17,260.6,102016.7,102113.46,0.0,0.0,dec_20260713T111645277922
t99_00049,99,retrospective_2026,2026-04-06 06:00:00+00:00,2026-04-06 08:00:00+00:00,LONG,,CONTINUATION,0.81574,0.858184,0.0025,0.002419,255.28,0.02,4648.7368,4525.2128,4895.7846,4652.6025,TIMEOUT,0.030286,0.017724,7.73,4.52,0.14,3.21,247.05,102113.46,102117.99,0.0,0.0,dec_20260713T111645356449
t99_00050,99,retrospective_2026,2026-04-06 08:00:00+00:00,2026-04-06 10:00:00+00:00,LONG,,CONTINUATION,0.812003,0.884602,0.0025,0.002111,255.29,0.02,4659.9417,4552.1784,4875.4685,4684.755,TIMEOUT,0.194393,0.18183,49.63,46.42,0.14,3.21,215.53,102117.99,102164.41,0.0,0.0,dec_20260713T111645365586
t99_00051,99,retrospective_2026,2026-04-07 19:00:00+00:00,2026-04-07 21:00:00+00:00,LONG,,CONTINUATION,0.766773,0.813696,0.0025,0.002407,255.41,0.02,4656.3718,4533.4126,4902.29,4662.19,TIMEOUT,0.04556,0.033552,11.64,8.57,0.14,3.07,245.92,102164.41,102172.98,0.0,0.0,dec_20260713T111645415728
t99_00052,99,retrospective_2026,2026-04-07 20:00:00+00:00,2026-04-07 22:00:00+00:00,LONG,,CONTINUATION,0.901303,0.905186,0.0025,0.002493,255.43,0.02,4657.8917,4530.5367,4912.6017,4700.805,TIMEOUT,0.336008,0.324157,85.83,82.8,0.14,3.03,254.71,102172.98,102255.78,0.0,0.0,dec_20260713T111645420583
t99_00053,99,retrospective_2026,2026-04-09 17:00:00+00:00,2026-04-09 19:00:00+00:00,LONG,,CONTINUATION,0.833593,0.834081,0.0025,0.001808,255.64,0.02,4765.1792,4672.7637,4950.0103,4788.845,TIMEOUT,0.185149,0.173347,47.33,44.31,0.14,3.02,184.83,102255.78,102300.09,0.0,0.0,dec_20260713T111645543660
t99_00054,99,retrospective_2026,2026-04-09 18:00:00+00:00,2026-04-09 20:00:00+00:00,LONG,,CONTINUATION,0.67959,0.697461,0.0025,0.001919,255.75,0.02,4769.5292,4671.3514,4965.885,4797.8225,TIMEOUT,0.221257,0.20946,56.59,53.57,0.14,3.02,196.36,102300.09,102353.66,0.0,0.0,dec_20260713T111645548591
t99_00055,99,retrospective_2026,2026-04-13 23:00:00+00:00,2026-04-14 02:00:00+00:00,LONG,,CONTINUATION,0.747379,0.799376,0.0025,0.002262,255.88,0.03,4742.0917,4664.926,4896.4232,4757.665,TIMEOUT,0.182585,0.162847,46.72,41.67,0.21,5.05,231.5,102353.66,102395.33,0.0,0.0,dec_20260713T111645679702
t99_00056,99,retrospective_2026,2026-04-14 01:00:00+00:00,2026-04-14 03:00:00+00:00,LONG,,CONTINUATION,0.868958,0.903819,0.0025,0.002292,255.99,0.03,4746.5467,4668.3239,4902.9925,4769.825,TIMEOUT,0.272803,0.252956,69.83,64.75,0.21,5.08,234.67,102395.33,102460.08,0.0,0.0,dec_20260713T111645682623
t99_00057,99,retrospective_2026,2026-04-14 02:00:00+00:00,2026-04-14 04:00:00+00:00,LONG,,CONTINUATION,0.79966,0.832233,0.0025,0.00231,256.15,0.03,4758.8768,4679.9723,4916.6857,4764.965,TIMEOUT,0.071305,0.050885,18.26,13.03,0.21,5.23,236.71,102460.08,102473.12,0.0,0.0,dec_20260713T111645685436
t99_00058,99,retrospective_2026,2026-04-14 08:00:00+00:00,2026-04-14 10:00:00+00:00,LONG,,CONTINUATION,0.843031,0.862708,0.0025,0.00204,256.18,0.03,4774.9518,4705.2585,4914.3382,4777.24,TIMEOUT,0.026797,0.008487,6.86,2.17,0.21,4.69,209.08,102473.12,102475.29,0.0,0.0,dec_20260713T111645695316
t99_00059,99,retrospective_2026,2026-04-17 16:00:00+00:00,2026-04-17 18:00:00+00:00,LONG,,CONTINUATION,0.775848,0.822903,0.0025,0.002016,256.19,0.02,4847.1368,4743.8505,5053.7093,4867.4,TIMEOUT,0.158189,0.146218,40.53,37.46,0.14,3.07,206.57,102475.29,102512.75,0.0,0.0,dec_20260713T111645880026
t99_00060,99,retrospective_2026,2026-04-20 23:00:00+00:00,2026-04-21 02:00:00+00:00,LONG,,CONTINUATION,0.871277,0.878052,0.0025,0.001973,256.28,0.03,4815.0517,4747.6378,4949.8796,4821.795,TIMEOUT,0.078936,0.059229,20.23,15.18,0.21,5.05,202.24,102512.75,102527.93,0.0,0.0,dec_20260713T111645963996
t99_00061,99,retrospective_2026,2026-04-21 01:00:00+00:00,2026-04-21 03:00:00+00:00,LONG,,CONTINUATION,0.588313,0.709435,0.0025,0.001999,256.32,0.03,4823.3827,4755.0588,4960.0306,4823.99,TIMEOUT,0.007107,-0.012714,1.82,-3.26,0.21,5.08,204.97,102527.93,102524.67,3.2e-05,3.2e-05,dec_20260713T111645968877
t99_00062,99,retrospective_2026,2026-04-24 18:00:00+00:00,2026-04-24 20:00:00+00:00,LONG,,CONTINUATION,0.687121,0.680766,0.0025,0.001814,256.31,0.02,4727.1043,4634.1098,4913.0932,4723.36,TIMEOUT,-0.029217,-0.040987,-7.49,-10.51,0.14,3.02,185.99,102524.67,102514.17,0.000102,0.000134,dec_20260713T111646225360
t99_00063,99,retrospective_2026,2026-04-30 09:00:00+00:00,2026-04-30 11:00:00+00:00,LONG,,CONTINUATION,0.904055,0.908023,0.0014,0.000916,143.52,0.01,4563.3568,4469.465,4751.1403,4616.42,TIMEOUT,0.369727,0.358833,53.06,51.5,0.07,1.56,93.89,102514.17,102565.67,0.0,0.0,dec_20260713T111646487666
t99_00064,99,retrospective_2026,2026-04-30 10:00:00+00:00,2026-04-30 12:00:00+00:00,LONG,,CONTINUATION,0.838588,0.860018,0.0025,0.001937,256.41,0.02,4590.3318,4490.9707,4789.0539,4625.23,TIMEOUT,0.272207,0.260245,69.8,66.73,0.14,3.07,198.72,102565.67,102632.4,0.0,0.0,dec_20260713T111646490547
t99_00065,99,retrospective_2026,2026-05-05 15:00:00+00:00,2026-05-05 17:00:00+00:00,LONG,,CONTINUATION,0.749836,0.784762,0.0025,0.002032,256.58,0.03,4563.5525,4494.0229,4702.6118,4582.38,TIMEOUT,0.220136,0.202188,56.48,51.88,0.21,4.6,208.59,102632.4,102684.27,0.0,0.0,dec_20260713T111646686488
t99_00066,99,retrospective_2026,2026-05-05 16:00:00+00:00,2026-05-05 18:00:00+00:00,LONG,,CONTINUATION,0.692324,0.719853,0.0025,0.002047,256.71,0.03,4565.345,4495.2684,4705.4982,4568.545,TIMEOUT,0.037396,0.01975,9.6,5.07,0.21,4.53,210.23,102684.27,102689.34,0.0,0.0,dec_20260713T111646689338
t99_00067,99,retrospective_2026,2026-05-06 02:00:00+00:00,2026-05-06 04:00:00+00:00,LONG,,CONTINUATION,0.88003,0.893671,0.0025,0.002361,256.72,0.03,4574.0325,4493.2157,4735.6661,4626.085,TIMEOUT,0.608279,0.58707,156.16,150.71,0.21,5.44,242.45,102689.34,102840.06,0.0,0.0,dec_20260713T111646692151
t99_00068,99,retrospective_2026,2026-05-06 03:00:00+00:00,2026-05-06 05:00:00+00:00,LONG,,CONTINUATION,0.907613,0.905936,0.0025,0.001736,257.1,0.02,4594.8,4505.5105,4773.3789,4640.83,TIMEOUT,0.358071,0.345858,92.06,88.92,0.14,3.14,178.58,102840.06,102928.98,0.0,0.0,dec_20260713T111646694916
t99_00069,99,retrospective_2026,2026-05-07 02:00:00+00:00,2026-05-07 04:00:00+00:00,LONG,,CONTINUATION,0.860322,0.87494,0.003,0.002321,308.79,0.03,4695.76,4616.1152,4855.0496,4714.715,TIMEOUT,0.184154,0.166472,56.86,51.4,0.21,5.46,238.93,102928.98,102980.38,0.0,0.0,dec_20260713T111646697708
t99_00070,99,retrospective_2026,2026-05-07 03:00:00+00:00,2026-05-07 05:00:00+00:00,LONG,,CONTINUATION,0.818075,0.847302,0.003,0.002947,308.94,0.04,4699.7225,4623.8407,4851.4861,4707.23,TIMEOUT,0.097203,0.076811,30.03,23.73,0.28,6.3,303.53,102980.38,103004.11,0.0,0.0,dec_20260713T111646700432
t99_00071,99,retrospective_2026,2026-05-08 14:00:00+00:00,2026-05-08 16:00:00+00:00,LONG,,CONTINUATION,0.811314,0.846729,0.003,0.002306,309.01,0.03,4720.6825,4641.5198,4879.0079,4747.985,TIMEOUT,0.265064,0.250162,81.91,77.3,0.21,4.6,237.49,103004.11,103081.41,0.0,0.0,dec_20260713T111646748852
t99_00072,99,retrospective_2026,2026-05-08 22:00:00+00:00,2026-05-11 01:00:00+00:00,LONG,,CONTINUATION,0.682526,0.812292,0.003,0.002685,309.24,0.04,4722.7,4653.5121,4861.0757,4691.73,TIMEOUT,-0.400595,-0.421679,-123.88,-130.4,0.28,6.52,276.75,103081.41,102951.01,0.001265,0.001265,dec_20260713T111646780899
t99_00073,99,retrospective_2026,2026-05-11 23:00:00+00:00,2026-05-12 02:00:00+00:00,LONG,,CONTINUATION,0.84675,0.835649,0.0025,0.001884,257.38,0.02,4734.5325,4637.5621,4928.4732,4767.395,TIMEOUT,0.255362,0.242268,65.73,62.36,0.14,3.37,193.94,102951.01,103013.37,0.0,0.00066,dec_20260713T111646837003
t99_00074,99,retrospective_2026,2026-05-12 01:00:00+00:00,2026-05-12 03:00:00+00:00,LONG,,CONTINUATION,0.913022,0.89874,0.0025,0.001914,257.53,0.02,4738.9075,4640.3141,4936.0943,4749.31,TIMEOUT,0.080787,0.067623,20.81,17.42,0.14,3.39,197.19,103013.37,103030.78,0.0,0.000491,dec_20260713T111646841775
t99_00075,99,retrospective_2026,2026-05-18 15:00:00+00:00,2026-05-18 17:00:00+00:00,LONG,,CONTINUATION,0.655463,0.693605,0.0025,0.001911,257.58,0.02,4551.3725,4452.9039,4748.3096,4546.625,TIMEOUT,-0.036862,-0.048781,-9.49,-12.56,0.14,3.07,196.94,103030.78,103018.22,0.000122,0.000613,dec_20260713T111647159270
t99_00076,99,retrospective_2026,2026-05-18 23:00:00+00:00,2026-05-19 02:00:00+00:00,LONG,,CONTINUATION,0.721211,0.777526,0.0025,0.002487,257.55,0.03,4559.5875,4474.1755,4730.4114,4581.775,TIMEOUT,0.258445,0.238818,66.56,61.51,0.21,5.05,256.24,103018.22,103079.73,0.0,1.6e-05,dec_20260713T111647179414
t99_00077,99,retrospective_2026,2026-05-20 20:00:00+00:00,2026-05-20 22:00:00+00:00,LONG,,CONTINUATION,0.760076,0.787435,0.0025,0.001844,257.7,0.02,4535.2125,4440.1793,4725.2789,4545.71,TIMEOUT,0.081471,0.069558,21.0,17.93,0.14,3.07,190.07,103079.73,103097.65,0.0,0.0,dec_20260713T111647306570
t99_00078,99,retrospective_2026,2026-05-21 03:00:00+00:00,2026-05-21 05:00:00+00:00,LONG,,CONTINUATION,0.585627,0.663959,0.0025,0.001751,257.74,0.02,4547.315,4457.0729,4727.7993,4533.205,TIMEOUT,-0.10949,-0.121673,-28.22,-31.36,0.14,3.14,180.48,103097.65,103066.29,0.000304,0.000304,dec_20260713T111647332029
t99_00079,99,retrospective_2026,2026-05-25 03:00:00+00:00,2026-05-25 05:00:00+00:00,LONG,,FAIR_VALUE_GAP,0.646412,0.712397,0.0021,0.001897,216.44,0.03,4567.675,4502.5087,4698.0075,4561.33,TIMEOUT,-0.087946,-0.10943,-19.03,-23.68,0.21,4.65,195.5,103066.29,103042.61,0.00023,0.000534,dec_20260713T111647487582
t99_00080,99,retrospective_2026,2026-05-27 01:00:00+00:00,2026-05-27 03:00:00+00:00,LONG,,FAIR_VALUE_GAP,0.875005,0.881099,0.0016,0.001242,164.87,0.02,4505.05,4441.0866,4632.9768,4515.09,TIMEOUT,0.121793,0.102141,20.08,16.84,0.14,3.24,127.93,103042.61,103059.45,0.0,0.000371,dec_20260713T111647678734
t99_00081,99,retrospective_2026,2026-05-29 05:00:00+00:00,2026-05-29 07:00:00+00:00,LONG,,CONTINUATION,0.668182,0.700484,0.0025,0.002171,257.65,0.02,4507.2325,4395.3782,4730.9411,4514.14,TIMEOUT,0.053619,0.041859,13.81,10.78,0.14,3.03,223.71,103059.45,103070.23,0.0,0.000266,dec_20260713T111647836127
t99_00082,99,retrospective_2026,2026-05-29 08:00:00+00:00,2026-05-29 10:00:00+00:00,LONG,,CONTINUATION,0.686475,0.783275,0.003,0.002776,309.21,0.04,4514.875,4443.3445,4657.9361,4524.77,TIMEOUT,0.128004,0.10847,39.58,33.54,0.28,6.04,286.12,103070.23,103103.77,0.0,0.0,dec_20260713T111647849526
t99_00083,99,retrospective_2026,2026-06-02 08:00:00+00:00,2026-06-02 10:00:00+00:00,LONG,,CONTINUATION,0.828821,0.849219,0.0025,0.002255,257.76,0.03,4518.0725,4440.5546,4673.1082,4535.045,TIMEOUT,0.197538,0.180255,50.92,46.46,0.21,4.46,232.55,103103.77,103150.23,0.0,0.0,dec_20260713T111647936475
t99_00084,99,retrospective_2026,2026-06-04 02:00:00+00:00,2026-06-04 04:00:00+00:00,LONG,,RANGE_EDGE_REJECTION,0.61617,0.677732,0.0021,0.002075,216.62,0.03,4449.84,4378.4864,4592.5471,4465.895,TIMEOUT,0.222348,0.197558,48.17,42.8,0.21,5.37,214.06,103150.23,103193.03,0.0,0.0,dec_20260713T111648057747
t99_00085,99,retrospective_2026,2026-06-04 13:00:00+00:00,2026-06-04 15:00:00+00:00,LONG,,CONTINUATION,0.873323,0.880816,0.0025,0.002358,257.98,0.03,4471.005,4389.8952,4633.2246,4504.1375,TIMEOUT,0.385291,0.368081,99.4,94.96,0.21,4.44,243.33,103193.03,103287.99,0.0,0.0,dec_20260713T111648080652
t99_00086,99,retrospective_2026,2026-06-09 07:00:00+00:00,2026-06-09 09:00:00+00:00,LONG,,CONTINUATION,0.697107,0.772425,0.0025,0.002094,258.22,0.04,4337.06,4282.997,4445.1861,4330.69,TIMEOUT,-0.098676,-0.122221,-25.48,-31.56,0.28,6.08,216.25,103287.99,103256.43,0.000306,0.000306,dec_20260713T111648200386
t99_00087,99,retrospective_2026,2026-06-09 14:00:00+00:00,2026-06-09 14:00:00+00:00,LONG,,CONTINUATION,0.741679,0.790595,0.0025,0.002278,258.14,0.04,4339.8125,4281.0202,4457.3971,4281.0202,SL_HIT,-0.911015,-0.93356,-235.17,-240.99,0.28,5.82,235.17,103256.43,103015.44,0.002639,0.002639,dec_20260713T111648211778
t99_00088,99,retrospective_2026,2026-06-11 19:00:00+00:00,2026-06-11 21:00:00+00:00,LONG,,PULLBACK,0.913659,0.926827,0.0014,0.001146,144.22,0.01,4089.645,3971.627,4325.6811,4161.85,TIMEOUT,0.500659,0.490466,72.21,70.74,0.07,1.47,118.02,103015.44,103086.17,0.0,0.001954,dec_20260713T111648302950
t99_00089,99,retrospective_2026,2026-06-11 21:00:00+00:00,2026-06-11 23:00:00+00:00,LONG,,CONTINUATION,0.778862,0.918403,0.0025,0.00148,257.72,0.01,4152.5125,3999.8998,4457.7379,4212.23,TIMEOUT,0.231715,0.226069,59.72,58.26,0.07,1.46,152.61,103086.17,103144.43,0.0,0.00139,dec_20260713T111648309844
t99_00090,99,retrospective_2026,2026-06-12 20:00:00+00:00,2026-06-12 22:00:00+00:00,LONG,,CONTINUATION,0.625457,0.688986,0.003,0.002074,309.43,0.02,4216.68,4109.7386,4430.5629,4210.69,TIMEOUT,-0.038716,-0.048282,-11.98,-14.94,0.14,2.96,213.88,103144.43,103129.49,0.000145,0.001534,dec_20260713T111648364714
t99_00091,99,retrospective_2026,2026-06-15 02:00:00+00:00,2026-06-15 04:00:00+00:00,LONG,,BREAKOUT,0.640031,0.818047,0.003,0.002783,309.39,0.03,4286.44,4190.7645,4477.7911,4316.845,TIMEOUT,0.294822,0.278241,91.22,86.09,0.21,5.13,287.03,103129.49,103215.58,0.0,0.000701,dec_20260713T111648370832
t99_00092,99,retrospective_2026,2026-06-15 11:00:00+00:00,2026-06-15 13:00:00+00:00,LONG,,CONTINUATION,0.633634,0.677985,0.003,0.002629,309.65,0.03,4323.8425,4233.377,4504.7736,4338.15,TIMEOUT,0.138616,0.12452,42.92,38.56,0.21,4.37,271.4,103215.58,103254.14,0.0,0.000328,dec_20260713T111648393295
