{
  "target": "target_ret_15",
  "n_features": 55,
  "n_samples": 26014,
  "top_20_features": [
    [
      "close_pos_in_range",
      0.9727272727272727
    ],
    [
      "upper_wick_ratio",
      0.9636363636363636
    ],
    [
      "lower_wick_ratio",
      0.9363636363636363
    ],
    [
      "bb_upper",
      0.8636363636363636
    ],
    [
      "obv",
      0.8272727272727273
    ],
    [
      "spread_pct",
      0.8090909090909091
    ],
    [
      "vol_of_vol_60",
      0.8090909090909091
    ],
    [
      "plus_di",
      0.7909090909090909
    ],
    [
      "month_sin",
      0.7818181818181817
    ],
    [
      "minus_di",
      0.7272727272727273
    ],
    [
      "n_brokers",
      0.6727272727272727
    ],
    [
      "realized_vol_20",
      0.6636363636363636
    ],
    [
      "vol_of_vol_10",
      0.6636363636363636
    ],
    [
      "dow_cos",
      0.6363636363636364
    ],
    [
      "hour_sin",
      0.6090909090909091
    ],
    [
      "macd_hist",
      0.5818181818181818
    ],
    [
      "bb_pct_b",
      0.5454545454545454
    ],
    [
      "bb_width",
      0.5454545454545454
    ],
    [
      "ret_lag_60",
      0.5454545454545454
    ],
    [
      "dow_sin",
      0.5363636363636364
    ]
  ],
  "bottom_20_features": [
    [
      "price_zscore_60",
      0.07272727272727272
    ],
    [
      "ret_lag_20",
      0.0909090909090909
    ],
    [
      "ret_lag_5",
      0.17272727272727273
    ],
    [
      "eu_session",
      0.18181818181818182
    ],
    [
      "hour_cos",
      0.19999999999999998
    ],
    [
      "us_session",
      0.23636363636363636
    ],
    [
      "ret_lag_2",
      0.24545454545454545
    ],
    [
      "realized_vol_10",
      0.2545454545454545
    ],
    [
      "asia_session",
      0.26363636363636367
    ],
    [
      "ret_lag_3",
      0.3545454545454545
    ],
    [
      "ret_15",
      0.3545454545454545
    ],
    [
      "sma_20_ratio",
      0.36363636363636365
    ],
    [
      "sma_200_ratio",
      0.38181818181818183
    ],
    [
      "month_cos",
      0.3909090909090909
    ],
    [
      "volume_zscore_60",
      0.40909090909090906
    ],
    [
      "ret_5",
      0.41818181818181815
    ],
    [
      "vol_of_vol_120",
      0.4272727272727273
    ],
    [
      "body_ratio",
      0.43636363636363634
    ],
    [
      "volume_ratio_5_20",
      0.43636363636363634
    ],
    [
      "ret_1",
      0.43636363636363634
    ]
  ],
  "mi_scores": {
    "n_brokers": 0.010465849752378409,
    "ret_1": 0.00038826735205432783,
    "ret_5": 0.009455236478495443,
    "ret_15": 0.0,
    "price_zscore_60": 0.0,
    "hl_range": 0.02058213063572545,
    "close_pos_in_range": 0.054390588774459125,
    "rsi": 0.0,
    "macd_signal": 0.008722981795201257,
    "macd_hist": 0.0011058083393526985,
    "bb_upper": 0.07274443273049158,
    "bb_width": 0.02960371162841291,
    "bb_pct_b": 0.004392941577027187,
    "atr": 0.043825257214907154,
    "adx": 0.0,
    "plus_di": 0.021958887199953203,
    "minus_di": 0.011225793217067626,
    "obv": 0.04921931778256727,
    "obv_slope_20": 0.016086846458184922,
    "sma_20_ratio": 0.0,
    "sma_200_ratio": 0.023696792320612836,
    "realized_vol_10": 0.0,
    "vol_of_vol_10": 0.013952762883941539,
    "realized_vol_20": 0.035292261787196466,
    "vol_of_vol_20": 0.008334200145069914,
    "realized_vol_60": 0.04247778034606586,
    "vol_of_vol_60": 0.03093838999736409,
    "realized_vol_120": 0.06426224488896093,
    "vol_of_vol_120": 0.024953024486181086,
    "vol_ratio_10_60": 0.021824069673995083,
    "atr_ratio_5_20": 0.0,
    "spread_pct": 0.02377865730829587,
    "spread_zscore_60": 0.02435562991410123,
    "volume_zscore_60": 0.0,
    "volume_ratio_5_20": 0.008047062873641764,
    "body_ratio": 0.012922483235257687,
    "upper_wick_ratio": 0.04891714611601383,
    "lower_wick_ratio": 0.04797703322434721,
    "body_dir": 0.033923097826201065,
    "hour_sin": 0.026228758472529368,
    "hour_cos": 0.0,
    "dow_sin": 0.022561059548641627,
    "dow_cos": 0.020890917542918164,
    "asia_session": 0.004444257669692586,
    "eu_session": 0.0,
    "us_session": 0.005955043497245516,
    "month_sin": 0.023920802088803317,
    "month_cos": 0.003416117524329021,
    "ret_lag_1": 0.00998746273798723,
    "ret_lag_2": 0.0,
    "ret_lag_3": 0.01020027921982436,
    "ret_lag_5": 0.0,
    "ret_lag_10": 0.01064003696033744,
    "ret_lag_20": 0.0,
    "ret_lag_60": 0.013643848722422192
  },
  "ic_scores": {
    "n_brokers": 0.028025067651264203,
    "ret_1": 0.013348853856854468,
    "ret_5": 0.007470499731130774,
    "ret_15": 0.011993874991164466,
    "price_zscore_60": 0.0004639891873259387,
    "hl_range": -0.00880788552208174,
    "close_pos_in_range": -0.25426721509111494,
    "rsi": 0.0227262605319725,
    "macd_signal": -0.014391761248154522,
    "macd_hist": 0.02828361847703649,
    "bb_upper": -0.019111459142689868,
    "bb_width": -0.005692418450508745,
    "bb_pct_b": 0.020204845529091825,
    "atr": -0.0033906174700570426,
    "adx": -0.02731814005975623,
    "plus_di": 0.13116122044065875,
    "minus_di": -0.13648126727459692,
    "obv": -0.018270721180925778,
    "obv_slope_20": 0.006034745094285854,
    "sma_20_ratio": 0.012143992289571574,
    "sma_200_ratio": -0.0014854280602269135,
    "realized_vol_10": -0.007313429659666184,
    "vol_of_vol_10": 0.019988045503633207,
    "realized_vol_20": 0.008934209126973411,
    "vol_of_vol_20": -0.017405162499653234,
    "realized_vol_60": -0.0026036198389659737,
    "vol_of_vol_60": 0.021597549417655303,
    "realized_vol_120": -0.0007745957874867352,
    "vol_of_vol_120": -0.0017834384608322552,
    "vol_ratio_10_60": -0.006296773160984181,
    "atr_ratio_5_20": -0.019162417716311723,
    "spread_pct": 0.04172483475641499,
    "spread_zscore_60": 0.003986397170915702,
    "volume_zscore_60": -0.017975480227643052,
    "volume_ratio_5_20": -0.009977574426400791,
    "body_ratio": -0.006323160389690694,
    "upper_wick_ratio": 0.2572613729803527,
    "lower_wick_ratio": -0.24900401350888685,
    "body_dir": -0.0032864393022605165,
    "hour_sin": -0.007769583970822089,
    "hour_cos": 0.005356495381202628,
    "dow_sin": 0.007326130390579333,
    "dow_cos": -0.016531249072108137,
    "asia_session": -0.004476346551582938,
    "eu_session": -0.00488177879416377,
    "us_session": 0.003271393949938825,
    "month_sin": 0.026112122706783408,
    "month_cos": 0.009874143846471364,
    "ret_lag_1": 0.011767049354878528,
    "ret_lag_2": 0.006995636115528928,
    "ret_lag_3": 0.005322528555937993,
    "ret_lag_5": 0.0045146151138677395,
    "ret_lag_10": 0.010648262630152132,
    "ret_lag_20": -0.0008792023527043082,
    "ret_lag_60": -0.011527701955651528
  }
}