{
  "baseline": {
    "alpha": "Mean Reversion",
    "auc": 0.7912496665507582
  },
  "momentum": {
    "auc": 0.5089090396546643,
    "ic": 0.010517685349638418
  },
  "volatility": {
    "auc": 0.517947739843601,
    "ic": 0.04490740791132669
  },
  "regime_duration": {
    "auc": 0.4974858297443142,
    "ic": -0.006722978026792301
  },
  "broker_consensus": {
    "auc": 0.5053351878678947,
    "ic": 0.012663148077871823
  },
  "correlation_matrix": {
    "MeanRev": {
      "MeanRev": 1.0,
      "Momentum": 0.03809106191627689,
      "Volatility": 0.05118232907136929,
      "RegDur": 0.012136420064340483,
      "Consensus": 0.0051332746902612416
    },
    "Momentum": {
      "MeanRev": 0.03809106191627689,
      "Momentum": 1.0,
      "Volatility": 0.03511822105658307,
      "RegDur": 0.0493147759038503,
      "Consensus": 0.03515741242465739
    },
    "Volatility": {
      "MeanRev": 0.05118232907136929,
      "Momentum": 0.03511822105658307,
      "Volatility": 1.0,
      "RegDur": 0.022498626803938018,
      "Consensus": 0.09829868314431202
    },
    "RegDur": {
      "MeanRev": 0.012136420064340483,
      "Momentum": 0.0493147759038503,
      "Volatility": 0.022498626803938018,
      "RegDur": 1.0,
      "Consensus": 0.037722968560415675
    },
    "Consensus": {
      "MeanRev": 0.0051332746902612416,
      "Momentum": 0.03515741242465739,
      "Volatility": 0.09829868314431202,
      "RegDur": 0.037722968560415675,
      "Consensus": 1.0
    }
  },
  "ranking": [
    [
      "Mean Reversion",
      0.7912496665507582,
      1.0
    ],
    [
      "Volatility",
      0.517947739843601,
      0.051182329071367806
    ],
    [
      "Momentum",
      0.5089090396546643,
      0.03809106191627711
    ],
    [
      "Broker Consensus",
      0.5053351878678947,
      0.005133274690261292
    ],
    [
      "Regime Duration",
      0.4974858297443142,
      0.012136420064340814
    ]
  ],
  "orthogonal_sources": [],
  "verdict": "MEAN_REVERSION_IS_THE_ONLY_ALPHA"
}