{
  "n_simulations": 10000,
  "pf": {
    "mean": 5.305072690988624,
    "median": 5.296972873743865,
    "p5": 4.803551522943313,
    "p95": 5.842777030299011
  },
  "sharpe": {
    "mean": 37.036506726584875,
    "median": 37.063616876725504,
    "p5": 34.641645516057714,
    "p95": 39.37219820204563
  },
  "max_dd_pct": {
    "mean": 2.4692760633579978,
    "median": 2.353865851333836,
    "p95": 3.43623669044739,
    "p99": 4.031958168303838
  },
  "survival_rate_pf_gt_1": 100.0,
  "verdict": "PASS"
}