{
  "target_ret_1": {
    "logistic_regression": {
      "accuracy": 0.7080835603996367,
      "precision": 0.7273061374494671,
      "recall": 0.6958509142053446,
      "f1": 0.7112309074573225,
      "roc_auc": 0.7707250798241623,
      "directional_accuracy": 0.7080835603996367
    },
    "random_forest": {
      "accuracy": 0.714078110808356,
      "precision": 0.7315827862873815,
      "recall": 0.7053445850914205,
      "f1": 0.7182241317579664,
      "roc_auc": 0.7774853578622505,
      "directional_accuracy": 0.714078110808356
    },
    "lightgbm": {
      "accuracy": 0.7109900090826521,
      "precision": 0.7199017199017199,
      "recall": 0.7211673699015471,
      "f1": 0.7205339891094327,
      "roc_auc": 0.7819241151159293,
      "directional_accuracy": 0.7109900090826521
    }
  },
  "target_ret_5": {
    "logistic_regression": {
      "accuracy": 0.6917347865576748,
      "precision": 0.7277153558052435,
      "recall": 0.6670099553724682,
      "f1": 0.6960415547196848,
      "roc_auc": 0.7612041646005774,
      "directional_accuracy": 0.6917347865576748
    },
    "random_forest": {
      "accuracy": 0.6990009082652134,
      "precision": 0.7404287901990811,
      "recall": 0.663920357020254,
      "f1": 0.7000904977375566,
      "roc_auc": 0.7756205685030493,
      "directional_accuracy": 0.6990009082652134
    },
    "lightgbm": {
      "accuracy": 0.6737511353315168,
      "precision": 0.7501119570085087,
      "recall": 0.5750085822176451,
      "f1": 0.6509910610182666,
      "roc_auc": 0.7602276724601933,
      "directional_accuracy": 0.6737511353315168
    }
  },
  "target_ret_15": {
    "logistic_regression": {
      "accuracy": 0.5707538601271571,
      "precision": 0.6353220071118135,
      "recall": 0.5275590551181102,
      "f1": 0.5764473920057358,
      "roc_auc": 0.6098771574493359,
      "directional_accuracy": 0.5707538601271571
    },
    "random_forest": {
      "accuracy": 0.5892824704813806,
      "precision": 0.6532917802882743,
      "recall": 0.5501968503937008,
      "f1": 0.5973285841495993,
      "roc_auc": 0.645992167645711,
      "directional_accuracy": 0.5892824704813806
    },
    "lightgbm": {
      "accuracy": 0.5358764759309719,
      "precision": 0.6243066061522945,
      "recall": 0.4061679790026247,
      "f1": 0.4921486781951898,
      "roc_auc": 0.5877924447478253,
      "directional_accuracy": 0.5358764759309719
    }
  },
  "target_ret_60": {
    "logistic_regression": {
      "accuracy": 0.4744777475022707,
      "precision": 0.5659101883148238,
      "recall": 0.37018319646241316,
      "f1": 0.4475844949398511,
      "roc_auc": 0.500640354428479,
      "directional_accuracy": 0.4744777475022707
    },
    "random_forest": {
      "accuracy": 0.44504995458673935,
      "precision": 0.5293806246691372,
      "recall": 0.3158559696778269,
      "f1": 0.39564787339268054,
      "roc_auc": 0.48009432196566937,
      "directional_accuracy": 0.44504995458673935
    },
    "lightgbm": {
      "accuracy": 0.4544959128065395,
      "precision": 0.5752539242843951,
      "recall": 0.19677826910928617,
      "f1": 0.2932454695222405,
      "roc_auc": 0.4893115366156607,
      "directional_accuracy": 0.4544959128065395
    }
  }
}