{
  "0% (baseline)": {
    "pf": 5.290574373317833,
    "win_rate": 74.65133349645217,
    "sharpe": 36.95562633337367,
    "max_dd_pct": 3.15632604363536,
    "n_trades": 4087
  },
  "20% removed": {
    "pf": 5.223081317145524,
    "win_rate": 74.53283502402563,
    "sharpe": 36.62505055609066,
    "max_dd_pct": 3.15632604363536,
    "n_trades": 3746
  },
  "40% removed": {
    "pf": 5.388797792280213,
    "win_rate": 74.44933920704845,
    "sharpe": 37.24508067265925,
    "max_dd_pct": 3.15632604363536,
    "n_trades": 3405
  },
  "60% removed": {
    "pf": 5.484868743510164,
    "win_rate": 74.67362924281984,
    "sharpe": 37.69668274285394,
    "max_dd_pct": 3.1563260436352714,
    "n_trades": 3064
  }
}