{
  "0%": {
    "pf": 5.290574373317833,
    "win_rate": 74.65133349645217,
    "sharpe": 36.95562633337367,
    "max_dd_pct": 3.15632604363536,
    "n_trades": 4087
  },
  "10%": {
    "pf": 5.555309414145867,
    "win_rate": 75.41870651893842,
    "sharpe": 38.02800851735494,
    "max_dd_pct": 3.15632604363536,
    "n_trades": 3881
  },
  "20%": {
    "pf": 5.808956804301491,
    "win_rate": 76.19966905681191,
    "sharpe": 39.07839912269309,
    "max_dd_pct": 3.15632604363536,
    "n_trades": 3626
  },
  "30%": {
    "pf": 6.443583647356342,
    "win_rate": 78.0562347188264,
    "sharpe": 41.27536274127072,
    "max_dd_pct": 3.15632604363536,
    "n_trades": 3272
  },
  "40%": {
    "pf": 7.17243437858464,
    "win_rate": 79.94951316263975,
    "sharpe": 43.91079707395551,
    "max_dd_pct": 3.15632604363536,
    "n_trades": 2773
  },
  "50%": {
    "pf": 7.742379761595798,
    "win_rate": 80.85858585858587,
    "sharpe": 46.45593714171595,
    "max_dd_pct": 3.1563260436352714,
    "n_trades": 1980
  }
}